// 存放图片时钟内置图库的 1-bit 位图资源。
// Generated by scripts/generate_clock_gallery_images.py.
#pragma once

#include <stddef.h>
#include <stdint.h>

static constexpr int CLOCK_GALLERY_IMAGE_WIDTH = 220;
static constexpr int CLOCK_GALLERY_IMAGE_HEIGHT = 208;
static constexpr int CLOCK_GALLERY_IMAGE_BYTES_PER_ROW = 28;
static constexpr int CLOCK_GALLERY_IMAGE_COUNT = 7;
static constexpr int CLOCK_GALLERY_IMAGE_THRESHOLD = 200;
static constexpr int CLOCK_GALLERY_IMAGE_EDGE_FADE_PX = 18;

template <typename T, size_t N>
constexpr size_t clock_gallery_array_count(const T (&)[N])
{
    return N;
}

static_assert(CLOCK_GALLERY_IMAGE_WIDTH > 0, "Gallery image width must be positive");
static_assert(CLOCK_GALLERY_IMAGE_HEIGHT > 0, "Gallery image height must be positive");
static_assert(CLOCK_GALLERY_IMAGE_BYTES_PER_ROW == (CLOCK_GALLERY_IMAGE_WIDTH + 7) / 8,
              "Gallery image row stride mismatch");
static_assert(CLOCK_GALLERY_IMAGE_COUNT > 0, "Gallery image table must not be empty");
static_assert(CLOCK_GALLERY_IMAGE_COUNT == 7, "Built-in gallery must cover every weekday");
static_assert(CLOCK_GALLERY_IMAGE_EDGE_FADE_PX > 0, "Gallery edge fade must be positive");

// 星期日.png
static const uint8_t clock_gallery_image_00[] = {
    0x00, 0x00, 0x00, 0x00, 0x00, 0x00, 0x00, 0x00, 0x00, 0x00, 0x00, 0x00,
    0x00, 0x00, 0x00, 0x00, 0x00, 0x00, 0x00, 0x00, 0x00, 0x00, 0x00, 0x00,
    0x00, 0x00, 0x00, 0x00, 0x00, 0x00, 0x00, 0x00, 0x00, 0x00, 0x00, 0x00,
    0x00, 0x00, 0x00, 0x00, 0x00, 0x00, 0x00, 0x00, 0x00, 0x00, 0x00, 0x00,
    0x00, 0x00, 0x00, 0x00, 0x00, 0x00, 0x00, 0x00, 0x00, 0x00, 0x00, 0x00,
    0x00, 0x00, 0x00, 0x00, 0x00, 0x00, 0x00, 0x00, 0x00, 0x00, 0x00, 0x00,
    0x00, 0x00, 0x00, 0x00, 0x00, 0x00, 0x00, 0x00, 0x00, 0x00, 0x00, 0x00,
    0x00, 0x00, 0x00, 0x00, 0x00, 0x00, 0x00, 0x00, 0x00, 0x00, 0x00, 0x00,
    0x00, 0x00, 0x00, 0x00, 0x00, 0x00, 0x00, 0x00, 0x00, 0x00, 0x00, 0x00,
    0x00, 0x00, 0x00, 0x00, 0x00, 0x00, 0x00, 0x00, 0x00, 0x00, 0x00, 0x00,
    0x00, 0x00, 0x00, 0x00, 0x00, 0x00, 0x00, 0x00, 0x00, 0x00, 0x00, 0x00,
    0x00, 0x00, 0x00, 0x00, 0x00, 0x00, 0x00, 0x00, 0x00, 0x00, 0x00, 0x00,
    0x00, 0x00, 0x00, 0x00, 0x00, 0x00, 0x00, 0x00, 0x00, 0x00, 0x00, 0x00,
    0x00, 0x00, 0x00, 0x00, 0x00, 0x00, 0x00, 0x00, 0x00, 0x00, 0x00, 0x00,
    0x00, 0x00, 0x00, 0x00, 0x00, 0x00, 0x00, 0x00, 0x00, 0x00, 0x00, 0x00,
    0x00, 0x00, 0x00, 0x00, 0x00, 0x00, 0x00, 0x00, 0x00, 0x00, 0x00, 0x00,
    0x00, 0x00, 0x00, 0x00, 0x00, 0x00, 0x0D, 0xA4, 0x07, 0x60, 0x00, 0x00,
    0x00, 0x00, 0x00, 0x00, 0x00, 0x00, 0x00, 0x00, 0x00, 0x00, 0x00, 0x00,
    0x00, 0x00, 0x00, 0x00, 0x00, 0x00, 0x00, 0x00, 0x00, 0xF0, 0x3D, 0xF7,
    0x86, 0xF0, 0x00, 0x00, 0x10, 0x20, 0x00, 0x00, 0x00, 0x00, 0x00, 0x00,
    0x00, 0x00, 0x00, 0x00, 0x00, 0x00, 0x00, 0x00, 0x00, 0x00, 0x00, 0x00,
    0x00, 0x7F, 0xBD, 0xF3, 0xBF, 0xFE, 0x40, 0x00, 0x91, 0xE0, 0x00, 0x00,
    0x00, 0x00, 0x00, 0x00, 0x00, 0x00, 0x00, 0x00, 0x00, 0x00, 0x00, 0x00,
    0x00, 0x00, 0x00, 0x00, 0x00, 0x7E, 0xBF, 0xFE, 0x3F, 0xFF, 0xC0, 0x00,
    0x23, 0x62, 0x00, 0x00, 0x00, 0x00, 0x00, 0x00, 0x00, 0x00, 0x00, 0x00,
    0x00, 0x00, 0x00, 0x00, 0x00, 0x00, 0x00, 0x00, 0x00, 0xFF, 0x3F, 0xFF,
    0x3F, 0xFF, 0x80, 0x00, 0x20, 0x20, 0x00, 0x00, 0x00, 0x00, 0x00, 0x00,
    0x00, 0x00, 0x00, 0x00, 0x00, 0x00, 0x00, 0x00, 0x00, 0x00, 0x00, 0x00,
    0x01, 0xFF, 0xFF, 0xFF, 0xFF, 0xFF, 0xF0, 0x00, 0x20, 0x04, 0x00, 0x00,
    0x00, 0x00, 0x40, 0x00, 0x00, 0x00, 0x00, 0x00, 0x00, 0x00, 0x00, 0x00,
    0x00, 0x00, 0x00, 0x00, 0x01, 0xFF, 0xFF, 0xE7, 0xFF, 0xFB, 0xE0, 0x00,
    0x00, 0xC0, 0x00, 0x00, 0x00, 0x00, 0x40, 0x00, 0x00, 0x00, 0x00, 0x00,
    0x00, 0x00, 0x00, 0x00, 0x00, 0x00, 0x00, 0x00, 0x01, 0xDE, 0x7F, 0xE7,
    0xFF, 0xFF, 0xF0, 0x00, 0x00, 0xC0, 0x00, 0x00, 0x00, 0x00, 0x40, 0x20,
    0x00, 0x00, 0x00, 0x00, 0x00, 0x00, 0x00, 0x00, 0x00, 0x00, 0x00, 0x00,
    0x01, 0xD8, 0xFF, 0xEF, 0xFF, 0xFF, 0x90, 0x00, 0x00, 0x00, 0x00, 0x00,
    0x00, 0x00, 0x40, 0x60, 0x00, 0x00, 0x00, 0x00, 0x00, 0x00, 0x00, 0x00,
    0x00, 0x00, 0x00, 0x00, 0x00, 0x7D, 0xFF, 0xFF, 0xFF, 0xFF, 0x80, 0x00,
    0x00, 0x00, 0x00, 0x00, 0x00, 0x00, 0x40, 0x40, 0x00, 0x00, 0x00, 0x00,
    0x00, 0x00, 0x00, 0x00, 0x00, 0x00, 0x00, 0x00, 0x00, 0x7D, 0xFF, 0xFE,
    0x1F, 0xFF, 0xF1, 0x80, 0x00, 0x00, 0x00, 0x00, 0x01, 0x80, 0x00, 0xC0,
    0x00, 0x00, 0x00, 0x00, 0x00, 0x00, 0x00, 0x00, 0x00, 0x00, 0x00, 0x00,
    0x00, 0x3F, 0xFF, 0xFF, 0xBF, 0xFF, 0xF9, 0x90, 0x00, 0x00, 0x00, 0x00,
    0x00, 0xC0, 0x00, 0x00, 0x00, 0x00, 0x00, 0x00, 0x00, 0x00, 0x00, 0x00,
    0x00, 0x00, 0x00, 0x00, 0x00, 0x9F, 0xFF, 0xFF, 0xD7, 0xFF, 0xF9, 0x78,
    0x00, 0x00, 0x00, 0x00, 0x00, 0x60, 0x00, 0x01, 0x80, 0x00, 0x00, 0x00,
    0x00, 0x00, 0x00, 0x00, 0x00, 0x00, 0x00, 0x00, 0x01, 0xDF, 0xFF, 0xE6,
    0x87, 0xFF, 0xFF, 0xC0, 0x00, 0x00, 0x00, 0x00, 0x00, 0x00, 0x00, 0x02,
    0x00, 0x00, 0x00, 0x00, 0x00, 0x00, 0x00, 0x00, 0x00, 0x00, 0x00, 0x00,
    0x00, 0xFF, 0xFF, 0xC0, 0x06, 0x3F, 0x87, 0xC0, 0x00, 0x00, 0x00, 0x00,
    0x00, 0x00, 0x00, 0x00, 0x00, 0x00, 0x00, 0x00, 0x00, 0x00, 0x00, 0x00,
    0x00, 0x00, 0x00, 0x00, 0x00, 0x7F, 0xFF, 0xC7, 0x80, 0x7F, 0xCF, 0xC0,
    0x00, 0x00, 0x00, 0x00, 0x00, 0x01, 0xC1, 0x80, 0x00, 0x00, 0x00, 0x00,
    0x00, 0x00, 0x00, 0x00, 0x00, 0x00, 0x00, 0x00, 0x00, 0xFF, 0xFF, 0xFF,
    0x80, 0xFF, 0xE1, 0xD0, 0x00, 0x00, 0x00, 0x00, 0x00, 0x03, 0xE7, 0xC0,
    0x00, 0x00, 0x00, 0x00, 0x00, 0x00, 0x00, 0x00, 0x00, 0x00, 0x00, 0x00,
    0x00, 0xFF, 0xFF, 0xF3, 0x48, 0xF6, 0xC0, 0x88, 0x01, 0xFF, 0x80, 0x00,
    0x00, 0x03, 0xFF, 0xC0, 0x00, 0x00, 0x00, 0x00, 0x00, 0x00, 0x00, 0x00,
    0x00, 0x00, 0x00, 0x00, 0x00, 0xFF, 0xFF, 0xFE, 0xFC, 0x38, 0x58, 0x00,
    0x07, 0xFF, 0xC0, 0x00, 0x0F, 0x83, 0xFF, 0xC0, 0x40, 0x00, 0x00, 0x00,
    0x00, 0x00, 0x00, 0x00, 0x00, 0x00, 0x00, 0x00, 0x00, 0x7F, 0xFF, 0xFF,
    0xE0, 0x10, 0xDC, 0x00, 0x1F, 0xFF, 0xC0, 0x00, 0x00, 0x03, 0xFF, 0xC1,
    0xE0, 0x00, 0x00, 0x00, 0x00, 0x00, 0x00, 0x00, 0x00, 0x00, 0x00, 0x00,
    0x00, 0x3F, 0xFF, 0xFF, 0xF8, 0x00, 0xC8, 0x00, 0x3F, 0xFF, 0xE0, 0x00,
    0x00, 0x03, 0xFF, 0x80, 0x00, 0x00, 0x00, 0x00, 0x00, 0x00, 0x00, 0x00,
    0x00, 0x00, 0x00, 0x00, 0x00, 0x3F, 0xFF, 0xF7, 0x6C, 0x00, 0xC0, 0x00,
    0x7F, 0xE3, 0xE0, 0x00, 0x00, 0x01, 0xFF, 0x00, 0x00, 0x30, 0x00, 0x00,
    0x00, 0x00, 0x00, 0x00, 0x00, 0x00, 0x00, 0x00, 0x01, 0x7F, 0xFF, 0xF7,
    0x00, 0x00, 0x00, 0x00, 0xFF, 0x01, 0xE0, 0x00, 0x00, 0x00, 0xFF, 0x00,
    0x00, 0x78, 0x00, 0x00, 0x00, 0x00, 0x00, 0x00, 0x00, 0x00, 0x00, 0x00,
    0x00, 0x1F, 0xFF, 0xFB, 0x80, 0x60, 0x00, 0x01, 0xFC, 0x00, 0xC0, 0x00,
    0x00, 0x00, 0xFC, 0x00, 0x00, 0xF8, 0x00, 0x00, 0x00, 0x00, 0x00, 0x00,
    0x00, 0x00, 0x00, 0x00, 0x00, 0x1F, 0xFF, 0xFD, 0xC0, 0x70, 0x00, 0x03,
    0xF8, 0x00, 0x00, 0x00, 0x00, 0x20, 0x78, 0x00, 0x00, 0xF8, 0x00, 0x00,
    0x00, 0x00, 0x00, 0x00, 0x00, 0x00, 0x00, 0x00, 0x00, 0x3F, 0xF1, 0xFB,
    0x00, 0x70, 0x00, 0x03, 0xF0, 0x00, 0x00, 0x00, 0x00, 0xC0, 0x30, 0x0C,
    0x00, 0xF8, 0x00, 0x00, 0x00, 0x00, 0x00, 0x00, 0x00, 0x00, 0x00, 0x00,
    0x00, 0x3F, 0xF3, 0xB3, 0x00, 0x70, 0x00, 0x03, 0xF0, 0x00, 0x00, 0x00,
    0x00, 0x00, 0x00, 0x06, 0x00, 0xF0, 0x00, 0x00, 0x00, 0x00, 0x00, 0x00,
    0x00, 0x00, 0x00, 0x00, 0x00, 0x7F, 0xE2, 0x39, 0x00, 0x70, 0x00, 0x03,
    0xF0, 0x00, 0x00, 0x00, 0x00, 0x00, 0x00, 0x00, 0x00, 0xF0, 0x00, 0x00,
    0x00, 0x00, 0x00, 0x00, 0x00, 0x00, 0x00, 0x00, 0x00, 0x7F, 0xE0, 0x78,
    0x00, 0x70, 0x80, 0x03, 0xF0, 0x00, 0x00, 0x00, 0x00, 0x00, 0x00, 0x00,
    0x00, 0xF0, 0x00, 0x00, 0x00, 0x00, 0x00, 0x00, 0x00, 0x00, 0x00, 0x00,
    0x00, 0x7F, 0xC0, 0x60, 0x00, 0x31, 0xC0, 0x03, 0xF0, 0x00, 0x00, 0x00,
    0x00, 0x00, 0x00, 0x00, 0x00, 0xF0, 0x00, 0x00, 0x00, 0x00, 0x01, 0x80,
    0x00, 0x00, 0x00, 0x00, 0x00, 0xFF, 0xC0, 0x00, 0x00, 0x11, 0xC0, 0x03,
    0xFC, 0x00, 0x00, 0x00, 0x00, 0x00, 0x00, 0x00, 0x01, 0xF0, 0x00, 0x00,
    0x00, 0x00, 0x01, 0x80, 0x00, 0x00, 0x00, 0x00, 0x01, 0xFF, 0x80, 0x00,
    0x00, 0x11, 0xC0, 0x03, 0xFE, 0x00, 0x00, 0x00, 0x00, 0x00, 0x00, 0x00,
    0x01, 0xF0, 0x00, 0x00, 0x00, 0x00, 0x03, 0x80, 0x00, 0x00, 0x00, 0x00,
    0x01, 0xFF, 0x80, 0x00, 0x03, 0x0B, 0xC0, 0x01, 0xFF, 0x80, 0x00, 0x00,
    0x00, 0x00, 0x08, 0x00, 0x01, 0xF0, 0x03, 0x00, 0x00, 0x00, 0x03, 0xC0,
    0x00, 0x00, 0x00, 0x00, 0x01, 0xFF, 0x07, 0x00, 0x07, 0xCB, 0x80, 0x00,
    0xFF, 0xE0, 0x00, 0x70, 0x1C, 0x1C, 0x3E, 0x00, 0x01, 0xF0, 0x1F, 0xC0,
    0x30, 0x1C, 0x03, 0xC0, 0x00, 0x00, 0x00, 0x00, 0x01, 0xFF, 0x9F, 0x03,
    0x03, 0xEB, 0x80, 0x00, 0x7F, 0xFC, 0x00, 0xF0, 0x1E, 0x1E, 0xFF, 0x00,
    0x7F, 0xE0, 0x3F, 0xE0, 0x78, 0x1E, 0x03, 0x80, 0x00, 0x00, 0x00, 0x00,
    0x01, 0xFF, 0xBF, 0x27, 0x01, 0xFD, 0x00, 0x00, 0x3F, 0xFE, 0x00, 0xF0,
    0x1E, 0x1E, 0xFF, 0x80, 0xFF, 0xE0, 0x7F, 0xF0, 0x78, 0x1E, 0x01, 0x80,
    0x00, 0x00, 0x00, 0x00, 0x01, 0xFF, 0xDF, 0xF7, 0x00, 0x7F, 0x0C, 0x00,
    0x0F, 0xFF, 0x80, 0xF0, 0x3E, 0x1F, 0xFF, 0x81, 0xFF, 0xE0, 0xFC, 0xF8,
    0x78, 0x3E, 0x19, 0x00, 0x00, 0x00, 0x00, 0x00, 0x01, 0xFF, 0xDF, 0xF4,
    0x00, 0x03, 0x1C, 0x00, 0x03, 0xFF, 0xC0, 0xF0, 0x3E, 0x1F, 0xE7, 0x83,
    0xF3, 0xE0, 0xF8, 0xF8, 0x78, 0x3C, 0x19, 0x18, 0x00, 0x00, 0x00, 0x00,
    0x01, 0xFF, 0xFF, 0xFE, 0x00, 0x03, 0x1C, 0x00, 0x00, 0xFF, 0xE1, 0xF0,
    0x3E, 0x1F, 0xC7, 0x87, 0xC1, 0xE1, 0xF0, 0xF8, 0xF0, 0x3C, 0x1D, 0x78,
    0x00, 0x00, 0x00, 0x00, 0x01, 0xFF, 0xFF, 0x3F, 0x70, 0x01, 0x1C, 0x00,
    0x00, 0x3F, 0xF1, 0xF0, 0x3C, 0x1F, 0x87, 0x87, 0x81, 0xE1, 0xE0, 0xF0,
    0xF0, 0x3C, 0x1D, 0x78, 0x00, 0x00, 0x00, 0x00, 0x00, 0x7F, 0xFF, 0xFF,
    0x76, 0x00, 0x9C, 0x00, 0x00, 0x0F, 0xF1, 0xF0, 0x3C, 0x1F, 0x07, 0x8F,
    0x81, 0xE3, 0xE0, 0xF0, 0xF0, 0x7C, 0x0D, 0xF0, 0x00, 0x00, 0x00, 0x00,
    0x00, 0x7F, 0xFF, 0xF3, 0xFE, 0x00, 0x5C, 0x00, 0x00, 0x07, 0xF9, 0xF0,
    0x7C, 0x1F, 0x07, 0x8F, 0x03, 0xE3, 0xC1, 0xF0, 0xF0, 0x7C, 0x0F, 0x00,
    0x00, 0x00, 0x00, 0x00, 0x00, 0x7F, 0xFF, 0xFF, 0xE0, 0x7F, 0x6C, 0x00,
    0x00, 0x03, 0xF9, 0xF0, 0x7C, 0x1F, 0x07, 0x8F, 0x03, 0xE3, 0xC1, 0xF0,
    0xF0, 0xFC, 0x06, 0x00, 0x00, 0x00, 0x00, 0x00, 0x01, 0xFF, 0xFF, 0xFF,
    0xE0, 0x7F, 0xF8, 0x00, 0x00, 0x01, 0xF9, 0xF0, 0xFC, 0x1E, 0x07, 0x8F,
    0x07, 0xE3, 0xC3, 0xF0, 0xF1, 0xFC, 0x06, 0x00, 0x00, 0x00, 0x00, 0x00,
    0x00, 0xF9, 0xFF, 0xFF, 0xE0, 0x7F, 0xF8, 0x0E, 0x00, 0x01, 0xF9, 0xF0,
    0xFE, 0x1E, 0x07, 0x8F, 0x07, 0xE3, 0xC7, 0xF8, 0xFB, 0xFC, 0x64, 0x00,
    0x00, 0x00, 0x00, 0x00, 0x00, 0xFD, 0xFF, 0xFF, 0x70, 0x1E, 0x0C, 0x1E,
    0x00, 0x03, 0xF8, 0xF1, 0xFE, 0x1E, 0x07, 0x8F, 0x1F, 0xF3, 0xEF, 0xF8,
    0x7F, 0xFC, 0x64, 0x00, 0x00, 0x00, 0x00, 0x00, 0x01, 0xFF, 0xFF, 0xFF,
    0x30, 0x00, 0x06, 0x1F, 0x00, 0x03, 0xF8, 0xFF, 0xFE, 0x1E, 0x07, 0xEF,
    0xFF, 0xF3, 0xFF, 0xFF, 0x7F, 0xFC, 0x69, 0xF0, 0x00, 0x00, 0x00, 0x00,
    0x01, 0xCF, 0xFF, 0xFF, 0x00, 0x00, 0x03, 0x1F, 0x80, 0x0F, 0xF0, 0xFF,
    0xDF, 0x9E, 0x03, 0xF7, 0xFE, 0xFD, 0xFF, 0x7F, 0x3F, 0xBC, 0x7F, 0xF0,
    0x00, 0x00, 0x00, 0x00, 0x01, 0x8F, 0xFF, 0xFF, 0x00, 0x00, 0x00, 0x1F,
    0xF0, 0x7F, 0xF0, 0x7F, 0x8F, 0x9E, 0x03, 0xE3, 0xFC, 0x7C, 0xFC, 0x3E,
    0x1E, 0x3C, 0x3F, 0xE0, 0x00, 0x00, 0x00, 0x00, 0x01, 0x9F, 0xFF, 0xF9,
    0xC0, 0x00, 0x00, 0x0F, 0xFF, 0xFF, 0xE0, 0x3F, 0x07, 0x0C, 0x00, 0xC1,
    0xF0, 0x38, 0x30, 0x0C, 0x00, 0x7C, 0x3F, 0x80, 0x00, 0x00, 0x00, 0x00,
    0x01, 0xFF, 0xFF, 0xF9, 0xF0, 0x00, 0x00, 0x07, 0xFF, 0xFF, 0xC0, 0x08,
    0x00, 0x00, 0x00, 0x00, 0x00, 0x00, 0x00, 0x00, 0x00, 0x7C, 0x20, 0x00,
    0x00, 0x00, 0x00, 0x00, 0x00, 0xF9, 0xF7, 0xFD, 0xD8, 0x00, 0x00, 0x03,
    0xFF, 0xFF, 0x80, 0x00, 0x00, 0x00, 0x00, 0x00, 0x00, 0x00, 0x00, 0x00,
    0x00, 0x78, 0x40, 0x00, 0x00, 0x00, 0x00, 0x00, 0x00, 0xF8, 0x39, 0xFF,
    0xC0, 0x00, 0x00, 0x01, 0xFF, 0xFE, 0x00, 0x00, 0x00, 0x00, 0x00, 0x00,
    0x00, 0x00, 0x00, 0x00, 0x00, 0x78, 0x80, 0x00, 0x00, 0x00, 0x00, 0x00,
    0x00, 0xF4, 0x39, 0xFF, 0xC0, 0x00, 0x00, 0x00, 0x3F, 0xF8, 0x00, 0x00,
    0x00, 0x00, 0x00, 0x00, 0x00, 0x00, 0x00, 0x00, 0x00, 0x78, 0x00, 0x00,
    0x00, 0x00, 0x00, 0x00, 0x00, 0xF0, 0x30, 0xFF, 0x80, 0x00, 0x00, 0x00,
    0x00, 0x00, 0x00, 0x00, 0x00, 0x1F, 0xFF, 0xFF, 0x00, 0x00, 0x00, 0x00,
    0x00, 0xF8, 0x00, 0x00, 0x00, 0x00, 0x00, 0x00, 0x00, 0x80, 0x31, 0xFF,
    0xCC, 0x00, 0x00, 0x00, 0x00, 0x00, 0x00, 0x00, 0x7F, 0xFF, 0xFF, 0xFF,
    0xFF, 0x00, 0x00, 0x03, 0x00, 0xF0, 0x00, 0x00, 0x00, 0x00, 0x00, 0x00,
    0x00, 0x00, 0x11, 0xD7, 0xF8, 0x00, 0x00, 0x00, 0x00, 0x00, 0x00, 0x0F,
    0xFF, 0xF8, 0x00, 0x00, 0x7F, 0xF8, 0x00, 0x03, 0x81, 0xF0, 0x00, 0x00,
    0x00, 0x00, 0x00, 0x00, 0x00, 0x80, 0x11, 0x96, 0x5E, 0x00, 0x00, 0x00,
    0x00, 0x00, 0x03, 0xFF, 0xC0, 0x00, 0x00, 0x00, 0x00, 0x2F, 0x0E, 0x03,
    0xE7, 0xE0, 0x00, 0x00, 0x00, 0x00, 0x00, 0x00, 0x00, 0x80, 0x30, 0x18,
    0x5A, 0x00, 0x00, 0x00, 0x00, 0x00, 0x3F, 0xC0, 0x00, 0x00, 0x00, 0x00,
    0x00, 0x00, 0x0E, 0x03, 0xFF, 0xE0, 0x00, 0x00, 0x00, 0x00, 0x00, 0x00,
    0x00, 0x00, 0x20, 0x18, 0xD8, 0x00, 0x00, 0x00, 0x00, 0x01, 0xF8, 0x00,
    0x00, 0x00, 0x00, 0x00, 0x00, 0x00, 0x0E, 0x01, 0xFF, 0xC0, 0x00, 0x00,
    0x00, 0x00, 0x00, 0x00, 0x00, 0x00, 0x20, 0x00, 0xC0, 0x00, 0x00, 0x00,
    0x00, 0x00, 0x00, 0x00, 0x00, 0x00, 0x00, 0x00, 0x00, 0x00, 0x00, 0x00,
    0xFF, 0x00, 0x00, 0x00, 0x00, 0x80, 0x00, 0x00, 0x00, 0x00, 0x20, 0x00,
    0x80, 0x00, 0x00, 0x00, 0x00, 0x00, 0x00, 0x00, 0x00, 0x00, 0x00, 0x00,
    0x00, 0x00, 0x00, 0x00, 0x3C, 0x00, 0x00, 0x00, 0x07, 0x00, 0x00, 0x00,
    0x00, 0x00, 0x20, 0x00, 0x20, 0x00, 0x00, 0x00, 0x00, 0x00, 0x00, 0x00,
    0x00, 0x00, 0x00, 0x00, 0x00, 0x00, 0x00, 0x00, 0x00, 0x00, 0x00, 0x00,
    0x00, 0x00, 0x00, 0x00, 0x00, 0x00, 0x20, 0x00, 0x20, 0x00, 0x00, 0x00,
    0x00, 0x00, 0x00, 0x00, 0x00, 0x00, 0x00, 0x00, 0x00, 0x00, 0x00, 0x00,
    0x00, 0x00, 0x00, 0x00, 0x00, 0x00, 0x00, 0x00, 0x00, 0x00, 0x30, 0x00,
    0x20, 0x00, 0x00, 0x00, 0x00, 0x00, 0x00, 0x00, 0x00, 0x00, 0x00, 0x00,
    0x00, 0x00, 0x00, 0x00, 0x00, 0x00, 0x00, 0x00, 0x00, 0x00, 0x00, 0x00,
    0x00, 0x00, 0x70, 0x00, 0x00, 0x00, 0x00, 0x00, 0x00, 0x00, 0x00, 0x00,
    0x00, 0x00, 0x00, 0x00, 0x00, 0x00, 0x00, 0x00, 0x00, 0x00, 0x00, 0x00,
    0x00, 0x00, 0x00, 0x00, 0x00, 0x07, 0xF0, 0x00, 0x30, 0x00, 0x00, 0x00,
    0x7F, 0xFF, 0xFC, 0x00, 0x07, 0x01, 0xC0, 0x00, 0x00, 0x00, 0x00, 0x00,
    0x00, 0x00, 0x00, 0x00, 0x00, 0x00, 0x00, 0x00, 0x00, 0x0F, 0xFF, 0xE0,
    0x30, 0x00, 0x00, 0x0F, 0xFF, 0xFF, 0xFF, 0x00, 0x0F, 0x83, 0xE0, 0x7F,
    0xF8, 0x00, 0x00, 0x00, 0x00, 0x00, 0x00, 0x00, 0x00, 0x00, 0x00, 0x00,
    0x00, 0x0F, 0xFF, 0xFF, 0xF8, 0x00, 0x00, 0x1F, 0xFF, 0xFF, 0xFF, 0x00,
    0x0F, 0x83, 0xE0, 0xFF, 0xFC, 0x00, 0x1F, 0xFF, 0xFC, 0x00, 0x00, 0x00,
    0x00, 0x00, 0x00, 0x00, 0x00, 0x0F, 0xFF, 0xFF, 0xFF, 0xE0, 0x00, 0x3F,
    0xFF, 0xFF, 0xFF, 0x80, 0x0F, 0x83, 0xE0, 0xFF, 0xFE, 0x00, 0xFF, 0xFF,
    0xFF, 0x00, 0x00, 0x00, 0x00, 0x00, 0x00, 0x00, 0x00, 0x0F, 0xFF, 0xFF,
    0xFF, 0xF0, 0x00, 0x3F, 0x80, 0x00, 0x1F, 0x80, 0x0F, 0x83, 0xE1, 0xFF,
    0xFE, 0x01, 0xFF, 0xFF, 0xFF, 0x80, 0x00, 0x00, 0x00, 0x00, 0x00, 0x00,
    0x00, 0x0F, 0xFF, 0xFF, 0xFF, 0xF0, 0x00, 0x3E, 0x00, 0x00, 0x0F, 0x80,
    0x0F, 0xFF, 0xFC, 0xF8, 0x3E, 0x03, 0xFF, 0xFF, 0xFF, 0x80, 0x00, 0x00,
    0x00, 0x00, 0x00, 0x00, 0x00, 0x0F, 0xFF, 0xFF, 0xFF, 0xF0, 0x00, 0x3E,
    0x00, 0x00, 0x0F, 0x80, 0xFF, 0xFF, 0xFC, 0xF0, 0x3E, 0x03, 0xFE, 0x00,
    0x1F, 0x80, 0x00, 0x00, 0x00, 0x00, 0x00, 0x00, 0x00, 0x0F, 0xFF, 0xFF,
    0xFF, 0xF0, 0x00, 0x3E, 0x01, 0xFF, 0xFF, 0x81, 0xFF, 0xFF, 0xFC, 0xF0,
    0x3E, 0x03, 0xE0, 0x00, 0x0F, 0x80, 0x00, 0x00, 0x00, 0x00, 0x00, 0x00,
    0x00, 0x0F, 0xFF, 0xFF, 0xFF, 0xF0, 0x00, 0x3F, 0xFF, 0xFF, 0xFF, 0x81,
    0xFF, 0xFF, 0xFC, 0xF0, 0x3E, 0x03, 0xE0, 0x00, 0x0F, 0x80, 0x00, 0x00,
    0x00, 0x00, 0x00, 0x00, 0x00, 0x0F, 0xFE, 0xFF, 0xFF, 0xF0, 0x00, 0x3F,
    0xFF, 0xFF, 0xFF, 0x80, 0xFF, 0xFB, 0xE0, 0xF0, 0x3E, 0x03, 0xE0, 0x00,
    0x0F, 0x80, 0x00, 0x00, 0x00, 0x00, 0x00, 0x00, 0x00, 0x0F, 0xFF, 0xFF,
    0xFF, 0xF0, 0x00, 0x3F, 0xFF, 0xFF, 0xFF, 0x80, 0x0F, 0x83, 0xE0, 0xF0,
    0x3E, 0x03, 0xE0, 0x00, 0x0F, 0x80, 0x00, 0x00, 0x00, 0x00, 0x00, 0x00,
    0x00, 0x0F, 0xFF, 0xFF, 0xFE, 0xF0, 0x00, 0x3F, 0xF0, 0x00, 0x1F, 0x80,
    0x0F, 0x83, 0xE0, 0xF0, 0x1E, 0x03, 0xE0, 0x00, 0x0F, 0xC0, 0x00, 0x00,
    0x00, 0x00, 0x00, 0x00, 0x00, 0x0F, 0xFF, 0xFF, 0xFF, 0xF0, 0x00, 0x3F,
    0x00, 0x00, 0x1F, 0x80, 0x0F, 0x83, 0xE0, 0xFF, 0xFE, 0x03, 0xE0, 0x00,
    0x0F, 0xC0, 0x00, 0x00, 0x00, 0x00, 0x00, 0x00, 0x00, 0x0F, 0xFF, 0xFF,
    0xFF, 0xF0, 0x00, 0x3F, 0x00, 0x00, 0x1F, 0x00, 0x0F, 0xFF, 0xE0, 0xFF,
    0xFE, 0x03, 0xE0, 0x00, 0x0F, 0xC0, 0x00, 0x00, 0x00, 0x00, 0x00, 0x00,
    0x00, 0x0F, 0xFF, 0xFF, 0xFF, 0xF0, 0x00, 0x1F, 0x00, 0x00, 0x7F, 0x00,
    0x0F, 0xFF, 0xE0, 0xFF, 0xFE, 0x03, 0xE0, 0x00, 0x0F, 0xC0, 0x00, 0x00,
    0x00, 0x00, 0x00, 0x00, 0x00, 0x0F, 0xFF, 0xFF, 0xFF, 0xF0, 0x00, 0x1F,
    0xFF, 0xFF, 0xFF, 0x00, 0x0F, 0xFF, 0xE0, 0xFF, 0xFE, 0x03, 0xE0, 0x00,
    0x0F, 0xC0, 0x00, 0x00, 0x00, 0x00, 0x00, 0x00, 0x00, 0x0F, 0xFF, 0xFF,
    0xFF, 0xF0, 0x00, 0x1F, 0xFF, 0xFF, 0xFF, 0x00, 0x0F, 0xFB, 0xE0, 0xFE,
    0x3E, 0x03, 0xE3, 0xFF, 0xFF, 0xC0, 0x00, 0x00, 0x00, 0x00, 0x00, 0x00,
    0x00, 0x0F, 0xFF, 0xFF, 0xFF, 0xF0, 0x00, 0x1F, 0xFF, 0xFF, 0xFE, 0x00,
    0x0F, 0x83, 0xE0, 0xF0, 0x1E, 0x03, 0xFF, 0xFF, 0xFF, 0xC0, 0x00, 0x00,
    0x00, 0x00, 0x00, 0x00, 0x00, 0x0F, 0xFF, 0xFE, 0xFF, 0xF0, 0x00, 0x0F,
    0xFF, 0xFF, 0xF8, 0x00, 0x0F, 0x83, 0xE0, 0xF0, 0x1E, 0x03, 0xFF, 0xFF,
    0xFF, 0xC0, 0x00, 0x00, 0x00, 0x00, 0x00, 0x00, 0x00, 0x0F, 0xFF, 0xFF,
    0xFF, 0xF0, 0x00, 0x03, 0x80, 0x60, 0x00, 0x00, 0x0F, 0x83, 0xE0, 0xF0,
    0x1F, 0x03, 0xFF, 0xFF, 0xFF, 0xC0, 0x00, 0x00, 0x00, 0x00, 0x00, 0x00,
    0x00, 0x0F, 0xFF, 0xFF, 0xFF, 0xF0, 0x00, 0x07, 0xC0, 0xF0, 0x00, 0x00,
    0x0F, 0xFF, 0xE0, 0xF0, 0x1F, 0x03, 0xFF, 0xFF, 0xFF, 0xC0, 0x00, 0x00,
    0x00, 0x00, 0x00, 0x00, 0x00, 0x0F, 0xFF, 0xFF, 0xFF, 0xF0, 0x00, 0x07,
    0xC0, 0xF8, 0x00, 0x00, 0x0F, 0xFF, 0xE0, 0xF0, 0x1F, 0x03, 0xFE, 0x00,
    0x0F, 0xC0, 0x00, 0x00, 0x00, 0x00, 0x00, 0x00, 0x00, 0x0F, 0xFF, 0xFF,
    0xFF, 0xF0, 0x00, 0x0F, 0xC1, 0xF8, 0x38, 0x00, 0x0F, 0xFF, 0xE0, 0xF0,
    0x1F, 0x03, 0xE0, 0x00, 0x0F, 0xC0, 0x00, 0x00, 0x00, 0x00, 0x00, 0x00,
    0x00, 0x0F, 0xFF, 0xFF, 0xFF, 0xF0, 0x00, 0x1F, 0xFF, 0xFF, 0xFE, 0x00,
    0x0F, 0xE3, 0xE1, 0xFF, 0xFF, 0x03, 0xE0, 0x00, 0x0F, 0xC0, 0x00, 0x00,
    0x00, 0x00, 0x00, 0x00, 0x00, 0x0F, 0xFF, 0xFF, 0xFF, 0xF0, 0x00, 0x1F,
    0xFF, 0xFF, 0xFF, 0x00, 0x0F, 0x83, 0xE1, 0xFF, 0xFF, 0x03, 0xE0, 0x00,
    0x0F, 0xC0, 0x00, 0x00, 0x00, 0x00, 0x00, 0x00, 0x00, 0x0F, 0xFF, 0xFF,
    0xFF, 0xF0, 0x00, 0x3F, 0xFF, 0xFF, 0xFF, 0x00, 0x0F, 0x83, 0xE1, 0xFF,
    0xFF, 0x03, 0xE0, 0x00, 0x0F, 0xC0, 0x00, 0x00, 0x00, 0x00, 0x00, 0x00,
    0x00, 0x07, 0xFF, 0xFF, 0xFF, 0xF0, 0x00, 0x7F, 0xFF, 0xFF, 0xFE, 0x00,
    0x0F, 0x83, 0xE1, 0xFF, 0xFF, 0x03, 0xE0, 0x00, 0x0F, 0xC0, 0x00, 0x00,
    0x00, 0x00, 0x00, 0x00, 0x00, 0x00, 0x00, 0x3F, 0xFF, 0xF0, 0x00, 0xFC,
    0x01, 0xF8, 0x00, 0x00, 0x0F, 0xFF, 0xFD, 0xFF, 0xFF, 0x03, 0xE0, 0x00,
    0x0F, 0xC0, 0x00, 0x00, 0x00, 0x00, 0x00, 0x00, 0x00, 0x50, 0x00, 0x00,
    0x00, 0x40, 0x00, 0xFC, 0x01, 0xF8, 0x00, 0x00, 0xFF, 0xFF, 0xFF, 0xF0,
    0x1F, 0x03, 0xE0, 0x00, 0x0F, 0xC0, 0x00, 0x00, 0x00, 0x00, 0x00, 0x00,
    0x00, 0x61, 0xC0, 0x00, 0x00, 0x00, 0x01, 0xF8, 0x01, 0xF8, 0x00, 0x01,
    0xFF, 0xFF, 0xFD, 0xF0, 0x1F, 0x03, 0xE0, 0x00, 0x0F, 0xC0, 0x00, 0x00,
    0x00, 0x00, 0x00, 0x00, 0x00, 0x7F, 0xF8, 0x00, 0x00, 0x00, 0x01, 0xF0,
    0xFF, 0xFF, 0xFC, 0x03, 0xFF, 0xFF, 0xFD, 0xF0, 0x1F, 0x03, 0xE0, 0x00,
    0x0F, 0xC0, 0x00, 0x00, 0x00, 0x00, 0x00, 0x00, 0x00, 0x5F, 0xFD, 0xE0,
    0x00, 0x00, 0x00, 0xE3, 0xFF, 0xFF, 0xFE, 0x01, 0xFF, 0xC0, 0x01, 0xF0,
    0x1F, 0x03, 0xE0, 0x00, 0x0F, 0x80, 0x00, 0x00, 0x00, 0x00, 0x00, 0x00,
    0x00, 0x5F, 0xFB, 0xF8, 0x00, 0x00, 0x00, 0x03, 0xFF, 0xFF, 0xFC, 0x00,
    0x03, 0x07, 0x01, 0xE0, 0x1F, 0x03, 0xE0, 0x00, 0x0F, 0x80, 0x00, 0x00,
    0x00, 0x00, 0x00, 0x00, 0x00, 0x0F, 0xFF, 0x7C, 0x00, 0x00, 0x00, 0x03,
    0xFF, 0xFF, 0xF8, 0x00, 0x07, 0x87, 0x83, 0xE0, 0x1F, 0x03, 0xFC, 0xFF,
    0xFF, 0x80, 0x00, 0x00, 0x00, 0x00, 0x00, 0x00, 0x00, 0x07, 0xFE, 0x3E,
    0x00, 0x00, 0x00, 0x01, 0x81, 0xF8, 0x00, 0x00, 0x0F, 0xC7, 0xC3, 0xE0,
    0x1F, 0x03, 0xFF, 0xFF, 0xFF, 0x80, 0x00, 0x00, 0x00, 0x00, 0x00, 0x00,
    0x00, 0xEB, 0xFF, 0x5E, 0x80, 0x00, 0x00, 0x00, 0x01, 0xF8, 0x00, 0x00,
    0x0F, 0x87, 0xE3, 0xE0, 0x1F, 0x01, 0xFF, 0xFF, 0xFF, 0x80, 0x00, 0x00,
    0x00, 0x00, 0x00, 0x00, 0x01, 0xCF, 0xFF, 0xEF, 0x70, 0x00, 0x00, 0x00,
    0x00, 0xF8, 0x00, 0x00, 0x1F, 0x83, 0xF3, 0xE0, 0x1F, 0x01, 0xFF, 0xFF,
    0xFF, 0x00, 0x00, 0x00, 0x00, 0x00, 0x00, 0x00, 0x01, 0x9F, 0xFF, 0xFB,
    0xF8, 0x00, 0x00, 0x00, 0x03, 0xFF, 0xFF, 0xF0, 0x3F, 0x01, 0xF3, 0xC1,
    0xBE, 0x00, 0xFF, 0xFF, 0xFE, 0x00, 0x00, 0x00, 0x00, 0x00, 0x00, 0x00,
    0x00, 0x37, 0xFF, 0xFF, 0xFE, 0x00, 0x00, 0xFF, 0xFF, 0xFF, 0xFF, 0xF8,
    0x3E, 0x00, 0xF7, 0xC3, 0xFE, 0x00, 0x09, 0x60, 0x00, 0x00, 0x00, 0x00,
    0x00, 0x00, 0x00, 0x00, 0x00, 0xFF, 0xFF, 0xCF, 0xFE, 0x00, 0x01, 0xFF,
    0xFF, 0xFF, 0xFF, 0xF8, 0x7C, 0x00, 0x67, 0xC3, 0xFE, 0x00, 0x00, 0x00,
    0x00, 0x00, 0x00, 0x00, 0x00, 0x08, 0x00, 0x00, 0x00, 0xFF, 0xFF, 0xFF,
    0x77, 0x00, 0x01, 0xFF, 0xFF, 0xFF, 0xFF, 0xF8, 0x7C, 0x00, 0x07, 0x81,
    0xFE, 0x00, 0x00, 0x00, 0x00, 0x00, 0x00, 0x00, 0x00, 0x1E, 0x00, 0x00,
    0x00, 0xFF, 0xFF, 0xFF, 0xFC, 0x60, 0x01, 0xFF, 0xFF, 0xFF, 0xFF, 0xF0,
    0x30, 0x00, 0x07, 0x80, 0xFC, 0x00, 0x00, 0x00, 0x00, 0x00, 0x00, 0x00,
    0x00, 0x3C, 0x00, 0x00, 0x00, 0x7F, 0xFF, 0xFF, 0xFC, 0x7E, 0x00, 0xFF,
    0xF0, 0x00, 0x00, 0x00, 0x00, 0x00, 0x00, 0x00, 0x00, 0x00, 0x00, 0x00,
    0x00, 0x00, 0x00, 0x00, 0x00, 0xFD, 0x00, 0x00, 0x00, 0x7F, 0xFB, 0xFE,
    0xFF, 0xBF, 0x80, 0x00, 0x00, 0x00, 0x00, 0x00, 0x00, 0x00, 0x00, 0x00,
    0x00, 0x00, 0x00, 0x00, 0x00, 0x00, 0x00, 0x00, 0x03, 0xDD, 0x80, 0x00,
    0x01, 0xFF, 0xF7, 0xFF, 0xFF, 0xED, 0xF0, 0x00, 0x00, 0x00, 0x00, 0x00,
    0x00, 0x00, 0x00, 0x00, 0x00, 0x00, 0x00, 0x00, 0x00, 0x00, 0x00, 0x00,
    0x0F, 0x1D, 0x80, 0x00, 0x00, 0xFF, 0xFF, 0xFF, 0xFF, 0xE0, 0x20, 0x00,
    0x00, 0x00, 0x00, 0x00, 0x00, 0x00, 0x00, 0x00, 0x00, 0x00, 0x00, 0x00,
    0x00, 0x00, 0x00, 0x00, 0x3C, 0x3D, 0x80, 0x00, 0x01, 0xFF, 0xFF, 0xFF,
    0xFF, 0xFF, 0xE6, 0x00, 0x00, 0x00, 0x00, 0x00, 0x00, 0x00, 0x00, 0x00,
    0x00, 0x00, 0x00, 0x00, 0x00, 0x00, 0x00, 0x00, 0xE0, 0x3F, 0x80, 0x00,
    0x01, 0xFF, 0xFF, 0xEE, 0xFF, 0xFF, 0xEE, 0x80, 0x00, 0x00, 0x00, 0x00,
    0x00, 0x00, 0x00, 0x00, 0x00, 0x00, 0x00, 0x00, 0x00, 0x00, 0x00, 0x00,
    0x03, 0x1F, 0xC0, 0x00, 0x01, 0xFF, 0xFF, 0xFF, 0xFF, 0xFF, 0xFF, 0xC0,
    0x00, 0x00, 0x00, 0x00, 0x00, 0x00, 0x00, 0x00, 0x00, 0x00, 0x00, 0x00,
    0x00, 0x00, 0x00, 0x00, 0x03, 0x3F, 0xC0, 0x00, 0x01, 0xFF, 0xFF, 0xFF,
    0xFF, 0xFF, 0xFF, 0xF0, 0x00, 0x00, 0x00, 0x00, 0x00, 0x00, 0x00, 0x00,
    0x00, 0x00, 0x00, 0x00, 0x00, 0x00, 0x00, 0x02, 0x03, 0x7F, 0xC0, 0x00,
    0x01, 0x7F, 0xFF, 0xFF, 0xF7, 0xFF, 0xFD, 0xFE, 0x00, 0x00, 0x00, 0x00,
    0xE0, 0x00, 0x00, 0x00, 0x00, 0x00, 0x00, 0x00, 0x00, 0x00, 0x00, 0x00,
    0x03, 0x7F, 0xD0, 0x00, 0x01, 0xFF, 0xFF, 0xFF, 0xF7, 0xFF, 0xFF, 0x7F,
    0x40, 0x00, 0x00, 0x03, 0xE0, 0x00, 0x00, 0x00, 0x00, 0x00, 0x00, 0x00,
    0x00, 0x00, 0x00, 0x00, 0x63, 0xFF, 0xC0, 0x00, 0x01, 0xFF, 0xFF, 0xFF,
    0xFF, 0xFF, 0xFF, 0xFF, 0xFF, 0x00, 0x00, 0x0F, 0xF0, 0x80, 0x00, 0x00,
    0x00, 0x00, 0x00, 0x00, 0x00, 0x00, 0x00, 0x00, 0x67, 0xFF, 0x80, 0x00,
    0x01, 0xFF, 0xFF, 0xFF, 0xFF, 0xFF, 0xFF, 0xFE, 0x5F, 0x80, 0x00, 0x1F,
    0xFC, 0x40, 0x00, 0x00, 0x00, 0x00, 0x00, 0x00, 0x00, 0x00, 0x00, 0x02,
    0x77, 0xFF, 0x80, 0x00, 0x00, 0x7F, 0xFF, 0xFF, 0xFF, 0xFF, 0xFF, 0xFF,
    0xFF, 0xF0, 0x00, 0xFC, 0x20, 0x40, 0x00, 0x00, 0x00, 0x00, 0x00, 0x00,
    0x00, 0x00, 0x00, 0x33, 0xFF, 0xFF, 0x80, 0x00, 0x00, 0x7F, 0xFF, 0xFF,
    0xFF, 0xFF, 0xFF, 0xFF, 0xFF, 0xE7, 0x00, 0x00, 0x00, 0x00, 0x18, 0x00,
    0x00, 0x00, 0x00, 0x00, 0x00, 0x12, 0x50, 0x7B, 0xFF, 0xFF, 0xE0, 0x00,
    0x01, 0x7F, 0xFF, 0xFF, 0xFF, 0xFF, 0xFF, 0xFF, 0xFF, 0x77, 0xC0, 0x00,
    0x00, 0x00, 0x10, 0x00, 0x00, 0x00, 0x00, 0x00, 0x00, 0x16, 0xF0, 0xFF,
    0xFF, 0xFF, 0xC0, 0x00, 0x01, 0xFF, 0xFF, 0xFF, 0xFF, 0xFF, 0xFF, 0xFF,
    0xFF, 0xBF, 0xF8, 0x00, 0x00, 0x10, 0x20, 0x30, 0x00, 0x00, 0x00, 0x00,
    0x4C, 0xC6, 0xBE, 0x7F, 0xFF, 0xFF, 0x18, 0x00, 0x01, 0xFF, 0xFF, 0xFF,
    0xFF, 0xFF, 0xFF, 0xFF, 0xFF, 0xFF, 0xFF, 0x80, 0x00, 0x10, 0x20, 0x18,
    0x00, 0x00, 0x00, 0x0C, 0x7B, 0xC7, 0xBF, 0xFF, 0xFF, 0xFF, 0x70, 0x00,
    0x01, 0xFF, 0xFF, 0xFF, 0xFF, 0xFF, 0xFF, 0xFF, 0xFF, 0xFF, 0xFF, 0xFB,
    0x80, 0x0C, 0x08, 0x01, 0x80, 0x00, 0x00, 0x7B, 0xEF, 0x3F, 0xFF, 0xFF,
    0xFF, 0xFF, 0xE0, 0x00, 0x00, 0x7F, 0xFF, 0xFD, 0xFF, 0xFF, 0xFF, 0xFF,
    0xFF, 0xFF, 0xFF, 0xFF, 0xD8, 0x01, 0x01, 0x00, 0x00, 0x00, 0x03, 0xF7,
    0xEF, 0x3F, 0xFF, 0xFF, 0xFF, 0xFF, 0xF0, 0x00, 0x00, 0x7F, 0xFF, 0xFF,
    0xFF, 0xFF, 0xFF, 0xFF, 0xFF, 0xFF, 0xFF, 0xFF, 0xFD, 0xC0, 0x00, 0x00,
    0x00, 0x03, 0x3F, 0x97, 0xFF, 0xFF, 0xFF, 0xFF, 0x33, 0xFD, 0xF0, 0x00,
    0x00, 0xFF, 0xFF, 0xFF, 0xFF, 0xFF, 0xFF, 0xFF, 0xFF, 0xFF, 0xFF, 0xFF,
    0xFF, 0xFC, 0x00, 0x00, 0x00, 0x1F, 0xFF, 0xFF, 0xFF, 0xFF, 0xFE, 0xFF,
    0xFF, 0xFF, 0xF0, 0x00, 0x00, 0xFF, 0xFF, 0xFF, 0xFF, 0x63, 0xFF, 0xFE,
    0xFF, 0xFF, 0xFF, 0xFF, 0xFF, 0xFF, 0xE3, 0xFC, 0xFD, 0xFF, 0xFF, 0xFF,
    0xFF, 0xFF, 0xFF, 0xFF, 0xFF, 0xFF, 0xF8, 0x00, 0x00, 0xFF, 0xFF, 0xFF,
    0xFF, 0xFF, 0xFF, 0xF9, 0xFF, 0xFF, 0xFF, 0xFF, 0xFF, 0xFF, 0xC0, 0x00,
    0x00, 0x00, 0xFB, 0xFF, 0xFF, 0xFB, 0xFF, 0xFF, 0xFF, 0xFF, 0xF8, 0x00,
    0x00, 0xFF, 0xFF, 0xFF, 0xFF, 0xFF, 0xBF, 0xFE, 0xFF, 0xFD, 0xFF, 0xF7,
    0xFF, 0xFF, 0x80, 0x00, 0x00, 0x00, 0x00, 0x7F, 0xFF, 0xFF, 0xFF, 0xFF,
    0xFF, 0xFF, 0xC0, 0x00, 0x00, 0x3F, 0xFF, 0xFF, 0xFF, 0xFF, 0xFF, 0xFF,
    0xFF, 0xFF, 0xFF, 0x03, 0xFF, 0xC8, 0x00, 0x00, 0x00, 0x00, 0x01, 0xFF,
    0xFF, 0xFF, 0xFF, 0xFF, 0x8F, 0xFF, 0x80, 0x00, 0x00, 0x3F, 0xFF, 0xFF,
    0xFF, 0xFF, 0xFF, 0xF4, 0x7E, 0xFF, 0xFF, 0xC3, 0xC1, 0x80, 0x00, 0x00,
    0x10, 0x00, 0x00, 0x1F, 0xFF, 0xFF, 0xEF, 0xE0, 0x7F, 0xFE, 0x00, 0x00,
    0x00, 0x1F, 0xFF, 0xFF, 0xFF, 0xFF, 0xFF, 0xFC, 0x3C, 0xF1, 0xFF, 0xE1,
    0x81, 0x80, 0x00, 0x00, 0x7F, 0x00, 0x00, 0x0D, 0xFF, 0xFF, 0xFF, 0xFF,
    0xFF, 0xFC, 0x00, 0x00, 0x00, 0x3F, 0xFF, 0xFF, 0xFF, 0xFF, 0xFF, 0xFC,
    0x3F, 0xF2, 0xFC, 0x00, 0x00, 0x00, 0x00, 0x00, 0x7F, 0x00, 0x00, 0x00,
    0xF1, 0xFF, 0xFF, 0xFF, 0xFF, 0x80, 0x40, 0x00, 0x00, 0xBF, 0xFF, 0xFF,
    0xFF, 0xFF, 0xFF, 0xC0, 0x00, 0xFB, 0x7F, 0x80, 0x00, 0x00, 0x00, 0x20,
    0x7E, 0x00, 0x00, 0x00, 0xE0, 0x9F, 0x8F, 0xFF, 0xFF, 0xF7, 0xE0, 0x00,
    0x00, 0x3F, 0xFF, 0xFF, 0xFF, 0xFF, 0xFF, 0xFC, 0x3C, 0x24, 0xFB, 0x00,
    0x00, 0x00, 0x00, 0x7F, 0xFF, 0x00, 0x00, 0x00, 0xF1, 0xFC, 0x09, 0xF8,
    0xFF, 0xFF, 0xE0, 0x00, 0x00, 0x1F, 0xF3, 0xFF, 0xFF, 0xFF, 0xFF, 0xCC,
    0x00, 0x60, 0x00, 0x00, 0x00, 0x00, 0x01, 0xFF, 0xFF, 0x00, 0x00, 0x00,
    0x00, 0x0C, 0x01, 0xF8, 0xFF, 0xF0, 0x00, 0x00, 0x00, 0x0F, 0xFF, 0xFF,
    0xFE, 0xFF, 0xBC, 0x00, 0x08, 0x00, 0x00, 0x00, 0x00, 0x00, 0x03, 0xFF,
    0xFF, 0xFE, 0x00, 0x00, 0x60, 0x00, 0x01, 0xFF, 0xFF, 0xFF, 0x00, 0x00,
    0x00, 0x1F, 0xFF, 0xFF, 0xFF, 0xFB, 0xBE, 0x00, 0x08, 0x00, 0x00, 0x00,
    0x00, 0x00, 0x03, 0xFF, 0xFF, 0xFF, 0xFC, 0x00, 0x00, 0x00, 0x00, 0x8F,
    0xFF, 0x3F, 0xD0, 0x00, 0x00, 0xFF, 0xF7, 0xFF, 0xFF, 0xF3, 0x9C, 0x0F,
    0x6E, 0x00, 0x00, 0x00, 0x00, 0x00, 0x03, 0xFF, 0xFF, 0xFF, 0xFE, 0x00,
    0x00, 0x00, 0x01, 0x9F, 0xFF, 0xFF, 0xF0, 0x00, 0x00, 0x3F, 0xFB, 0xFF,
    0xFF, 0xF3, 0xF8, 0x1F, 0xB8, 0x00, 0x00, 0x00, 0x00, 0x00, 0x03, 0xFF,
    0xFF, 0xFF, 0xFE, 0x00, 0x00, 0x00, 0x00, 0x0F, 0x7F, 0x7F, 0xE0, 0x00,
    0x00, 0x7F, 0xFF, 0xFF, 0xFF, 0xFF, 0xFF, 0x1F, 0x3C, 0x00, 0x00, 0x00,
    0x00, 0x00, 0x03, 0xFF, 0xCF, 0xFF, 0xFC, 0x00, 0x00, 0x00, 0x00, 0x00,
    0xFF, 0xFF, 0xE0, 0x00, 0x00, 0xFF, 0xFF, 0xFF, 0xFF, 0xFF, 0xFF, 0xFF,
    0xFB, 0x20, 0x00, 0x00, 0x00, 0x00, 0x01, 0xFF, 0xFF, 0xDB, 0xF8, 0x00,
    0x00, 0x00, 0x00, 0x09, 0xFE, 0x3F, 0xE0, 0x00, 0x01, 0xFF, 0xFF, 0xFF,
    0xFF, 0xFF, 0xFF, 0xFF, 0xFF, 0xC0, 0x00, 0x00, 0x00, 0x00, 0x00, 0xFF,
    0xFF, 0xFF, 0xFE, 0x00, 0x00, 0x00, 0x00, 0x00, 0x0E, 0x3F, 0x80, 0x00,
    0x00, 0x3F, 0xFF, 0xFF, 0xFF, 0xFF, 0xFF, 0x5F, 0xFF, 0x80, 0x00, 0x00,
    0xE0, 0x00, 0x00, 0x7F, 0xFF, 0xFF, 0xFC, 0x00, 0x0C, 0x00, 0x00, 0x00,
    0x3D, 0x7F, 0xC0, 0x00, 0x00, 0x1F, 0xFF, 0xFF, 0xFF, 0xFF, 0xFF, 0xFF,
    0x7B, 0x6C, 0x20, 0x04, 0xF0, 0x00, 0x00, 0x01, 0xFF, 0xFF, 0xFC, 0x00,
    0x0E, 0x00, 0x00, 0x00, 0x7C, 0x3F, 0xC0, 0x00, 0x00, 0xFF, 0xFF, 0xFF,
    0xFF, 0xFF, 0xFF, 0xFE, 0xBF, 0x8F, 0xC0, 0x0F, 0xE0, 0x00, 0x1E, 0x00,
    0x7F, 0xFF, 0xFC, 0x00, 0x00, 0x0F, 0x00, 0x00, 0x00, 0x10, 0x80, 0x00,
    0x00, 0xFF, 0xFF, 0xFF, 0xFF, 0xFF, 0xFF, 0xFE, 0xBF, 0xFF, 0xC4, 0x3F,
    0xFC, 0x00, 0x1F, 0xFC, 0x7E, 0x1F, 0xFC, 0x00, 0x1E, 0x5E, 0x00, 0x00,
    0x03, 0xBF, 0xC0, 0x00, 0x01, 0xEF, 0xFF, 0xFF, 0xFF, 0xFF, 0xFF, 0xFF,
    0xFF, 0xFF, 0x98, 0x7F, 0xFC, 0x00, 0x3F, 0xFF, 0xFE, 0x00, 0x7C, 0x01,
    0xCF, 0xB0, 0x0D, 0x00, 0x00, 0x11, 0x80, 0x00, 0x00, 0xFF, 0xFF, 0xFF,
    0xFF, 0xFF, 0xFF, 0xAF, 0xEB, 0xFF, 0x00, 0x3F, 0xF8, 0x60, 0x3F, 0xFF,
    0xFF, 0xF0, 0x00, 0x1B, 0xFD, 0xF2, 0x7F, 0xF0, 0x00, 0x00, 0x00, 0x00,
    0x00, 0xFF, 0xFF, 0xFF, 0xFF, 0xFF, 0xFF, 0xFE, 0xFF, 0xFB, 0x00, 0x3F,
    0xF8, 0x00, 0x3F, 0xFF, 0xFF, 0xFE, 0x00, 0x0B, 0xFF, 0xE4, 0xCE, 0xF8,
    0x10, 0x09, 0xC0, 0x00, 0x00, 0xFF, 0xFF, 0xFF, 0xFF, 0xFF, 0xFF, 0xFB,
    0xFB, 0xF8, 0xF3, 0xDF, 0xF9, 0x00, 0x0F, 0xFF, 0xFF, 0xFF, 0x00, 0x03,
    0xFF, 0xE9, 0x87, 0x00, 0x00, 0x00, 0x00, 0x00, 0x00, 0xFF, 0xFF, 0xFF,
    0xFF, 0xFF, 0xFF, 0xFF, 0xFF, 0xF8, 0xF3, 0xFF, 0xF3, 0x60, 0x3F, 0xFF,
    0xFF, 0xFF, 0x80, 0x0F, 0xB7, 0xFF, 0x80, 0xC0, 0x00, 0x00, 0x00, 0x00,
    0x01, 0xFF, 0xFF, 0xFF, 0xFF, 0xFF, 0xFF, 0xFF, 0x7F, 0xFF, 0xE3, 0xFF,
    0xFF, 0xE0, 0x3F, 0xFF, 0xFF, 0xFF, 0x80, 0x1F, 0xFF, 0xFF, 0x00, 0x00,
    0x00, 0x00, 0x00, 0x00, 0x00, 0xFF, 0xFF, 0xFF, 0xFF, 0xCF, 0xFF, 0xFF,
    0xF3, 0xFF, 0xFD, 0xFF, 0xFF, 0xF8, 0x3F, 0xFF, 0xFF, 0xFF, 0x80, 0x3F,
    0xFF, 0xFF, 0xE0, 0x00, 0x00, 0x00, 0x00, 0x00, 0x00, 0xFF, 0xFF, 0xFF,
    0xFF, 0xEF, 0xFF, 0xFF, 0xED, 0xFF, 0xFF, 0xFF, 0xFF, 0xFB, 0x3F, 0xFF,
    0xFF, 0xFF, 0xC0, 0x3F, 0xFF, 0xFF, 0x20, 0x00, 0x00, 0x00, 0x40, 0x00,
    0x01, 0xFF, 0xFF, 0xFF, 0xFE, 0xEF, 0xFF, 0xFF, 0xED, 0xFF, 0xFF, 0xFF,
    0xFF, 0xF8, 0x01, 0xFF, 0xFF, 0xFF, 0xC0, 0x07, 0xFF, 0xFF, 0x00, 0x00,
    0x1C, 0x00, 0x00, 0x00, 0x00, 0x7F, 0xFF, 0xFF, 0xF7, 0xEF, 0xFF, 0xFF,
    0xF1, 0xFF, 0xFF, 0xFF, 0xFF, 0xFF, 0xC0, 0x0F, 0xFF, 0xFF, 0x80, 0x07,
    0xFE, 0xFE, 0xC0, 0x0F, 0xFE, 0x00, 0x40, 0x00, 0x01, 0xFF, 0xFF, 0xFF,
    0xFF, 0x7F, 0xFF, 0xFF, 0xFE, 0x7F, 0xFF, 0xFF, 0xFF, 0xFF, 0xC7, 0x00,
    0xFF, 0xFF, 0x00, 0x07, 0xFF, 0xFF, 0x40, 0x0F, 0xFF, 0x20, 0x20, 0x00,
    0x00, 0x7F, 0xFF, 0xFF, 0xFF, 0x7F, 0xFF, 0xFF, 0xFF, 0x7F, 0xFF, 0xFF,
    0xFF, 0xFF, 0x8F, 0xFF, 0xFE, 0xFF, 0x00, 0x07, 0xFF, 0xFF, 0x00, 0x07,
    0xFF, 0x01, 0x00, 0x00, 0x00, 0x3F, 0xFF, 0xFF, 0xFB, 0xFF, 0xFF, 0xFF,
    0xF3, 0xC7, 0xFF, 0xFF, 0xFF, 0xFF, 0xFF, 0xFF, 0xFE, 0x06, 0x0B, 0x07,
    0xFF, 0xFC, 0x00, 0x01, 0xFE, 0x00, 0x20, 0x00, 0x00, 0x3B, 0xFF, 0xFF,
    0xFF, 0x7F, 0xFF, 0xFF, 0xF3, 0x1C, 0xFF, 0xFF, 0xFF, 0xFF, 0xFF, 0xFF,
    0xFF, 0xC0, 0x73, 0x07, 0xFF, 0xFE, 0x00, 0x08, 0xFC, 0x0C, 0x30, 0x00,
    0x00, 0x1B, 0xFF, 0xFF, 0xFF, 0xFF, 0xFF, 0xFF, 0xE0, 0x21, 0xFF, 0xFF,
    0xFF, 0xFF, 0xFF, 0xFF, 0xFF, 0xFF, 0x00, 0x07, 0xFF, 0xFF, 0x00, 0x00,
    0xDF, 0xF9, 0x40, 0x00, 0x00, 0x0F, 0xFF, 0xFF, 0xF9, 0xFF, 0xFF, 0xEF,
    0xC0, 0x03, 0x8F, 0xFF, 0xFF, 0xFF, 0xFF, 0xFF, 0xFF, 0xFF, 0xE0, 0x07,
    0xFF, 0xFB, 0x00, 0x01, 0xDF, 0xF6, 0x80, 0x00, 0x00, 0x0F, 0xFF, 0xEF,
    0xFF, 0xFF, 0xFF, 0xFF, 0xE1, 0x00, 0x3F, 0xFF, 0xFF, 0xFF, 0xFF, 0xFF,
    0xFF, 0xFF, 0xF0, 0x07, 0xFF, 0xF9, 0x00, 0x01, 0xF7, 0xE4, 0xC0, 0x00,
    0x00, 0x63, 0xFF, 0xF3, 0xFF, 0xFF, 0xFF, 0xFF, 0xE8, 0x10, 0x73, 0xFF,
    0xFF, 0xFF, 0xFF, 0xFF, 0xFF, 0xFF, 0xE4, 0x60, 0xFF, 0xFD, 0x80, 0x11,
    0xEF, 0xFE, 0x00, 0x00, 0x00, 0x07, 0xFE, 0xF1, 0xFF, 0xFF, 0xFF, 0xFF,
    0xE8, 0xC1, 0x87, 0xFF, 0xFF, 0xFF, 0xFF, 0xFF, 0xFF, 0xFF, 0xFC, 0x62,
    0x7F, 0xFE, 0x80, 0x19, 0xFF, 0xFF, 0x30, 0x00, 0x00, 0x1F, 0xFF, 0x01,
    0xFF, 0xFF, 0xFF, 0xFF, 0xE0, 0x07, 0x07, 0xFF, 0xFF, 0xFF, 0xFF, 0xFF,
    0xFF, 0xFF, 0xF8, 0x7C, 0xFF, 0xF6, 0xC0, 0x05, 0xFF, 0xFF, 0x90, 0x00,
    0x00, 0x3F, 0xFF, 0x01, 0xFF, 0xFF, 0xFF, 0xFF, 0x64, 0x1C, 0x7C, 0x73,
    0xFF, 0xF3, 0xFF, 0xFF, 0xFF, 0xFF, 0xD9, 0x8B, 0xFF, 0xFF, 0x60, 0x01,
    0x7E, 0xFF, 0xD0, 0x00, 0x00, 0x7F, 0xFF, 0x81, 0xFF, 0xFF, 0xF8, 0xFF,
    0xFF, 0xC0, 0x70, 0x04, 0x7F, 0xFF, 0xFF, 0xFF, 0xFF, 0xFF, 0xFF, 0x97,
    0xF9, 0xFF, 0xA0, 0x33, 0x7F, 0xFF, 0xE0, 0x00, 0x00, 0x7F, 0xFF, 0xF3,
    0xFF, 0xFF, 0xFE, 0x7F, 0xF9, 0x80, 0x07, 0x01, 0xEF, 0xDF, 0x8F, 0xFF,
    0xFF, 0xFF, 0xFF, 0xAF, 0x99, 0xFF, 0xD3, 0xBB, 0x7F, 0xFF, 0xE0, 0x00,
    0x00, 0x7F, 0xFF, 0xF3, 0xFF, 0xFF, 0xFF, 0xFF, 0xBD, 0xFC, 0x40, 0x01,
    0x07, 0xFF, 0x8F, 0xFF, 0xFF, 0xFF, 0xFF, 0xDF, 0x19, 0xFF, 0xD9, 0xFB,
    0xFF, 0xFF, 0xB0, 0x00, 0x00, 0xFF, 0xFF, 0xFF, 0xFF, 0xFF, 0x81, 0xFF,
    0xFF, 0xFB, 0xF0, 0x04, 0x01, 0xFF, 0xF9, 0xFF, 0xFF, 0x3F, 0xFF, 0xFF,
    0xDB, 0xD7, 0xED, 0xFE, 0xFF, 0xFF, 0xF0, 0x00, 0x00, 0xFF, 0xFF, 0xFF,
    0xFF, 0x7C, 0x1F, 0xE4, 0x7F, 0xEF, 0xF8, 0x00, 0x00, 0x3F, 0xFF, 0xEF,
    0xFF, 0xF9, 0xF7, 0xBD, 0xBB, 0xBF, 0xEE, 0xFE, 0xFF, 0xFF, 0xF0, 0x00,
    0x00, 0xFF, 0xFF, 0xFF, 0xFF, 0xFC, 0x7F, 0xFF, 0xFF, 0x7F, 0xFC, 0x00,
    0x00, 0x07, 0xFF, 0xFD, 0xFF, 0xFF, 0xC7, 0xFB, 0xFB, 0xB9, 0xF7, 0xFD,
    0xFF, 0xFF, 0xD0, 0x00, 0x00, 0xFF, 0xFF, 0xFF, 0xFE, 0xFF, 0xFF, 0xFF,
    0xFF, 0xFF, 0xFF, 0x00, 0x00, 0x03, 0xFF, 0xFF, 0xFD, 0xFF, 0xFE, 0x7F,
    0xFF, 0xF3, 0xFF, 0xFF, 0xFF, 0xFF, 0x80, 0x00, 0x00, 0xFF, 0xFF, 0xFF,
    0xFD, 0xFF, 0xFF, 0xFF, 0xFB, 0xFF, 0xFF, 0xC0, 0x00, 0x34, 0x3F, 0xFF,
    0xFF, 0xFF, 0xFE, 0xFF, 0xEB, 0xFF, 0xFB, 0xFF, 0xFF, 0xFF, 0xE0, 0x00,
    0x00, 0xFF, 0xFF, 0xFF, 0xBB, 0x80, 0xFF, 0xF9, 0xFF, 0xFF, 0xFF, 0xFE,
    0x02, 0x00, 0x7F, 0xFF, 0xFF, 0xFF, 0xDF, 0xFD, 0xFF, 0x7F, 0xFD, 0xFF,
    0xFF, 0xFF, 0xE0, 0x00, 0x01, 0xFF, 0xFF, 0xFF, 0xFE, 0x00, 0x7F, 0xCF,
    0xFF, 0xFF, 0xFF, 0xFF, 0x80, 0x00, 0x83, 0xFF, 0xFF, 0xFF, 0xFE, 0xFF,
    0xFE, 0xF3, 0xFE, 0xFF, 0xFF, 0xFF, 0xE0, 0x00, 0x00, 0xFF, 0xFF, 0xFF,
    0x1C, 0x00, 0x38, 0x3F, 0xFF, 0xFF, 0xFF, 0xFF, 0xC0, 0x00, 0x1F, 0xFF,
    0xFF, 0xFF, 0xFF, 0xFF, 0x7F, 0xFF, 0xFF, 0x7F, 0xFF, 0xFF, 0x00, 0x00,
    0x01, 0xFF, 0xFF, 0xF8, 0x0C, 0x00, 0x1C, 0x7F, 0xFF, 0xFF, 0xFF, 0xFF,
    0xC0, 0x00, 0x7F, 0xFF, 0xFF, 0xEF, 0xFF, 0xFF, 0xFF, 0xFF, 0xF7, 0xFF,
    0xFF, 0xFF, 0x18, 0x00, 0x00, 0xFF, 0xFF, 0xE0, 0x02, 0x00, 0x01, 0xFF,
    0xFF, 0xFF, 0xFF, 0xFF, 0xF0, 0xFF, 0xFE, 0xFF, 0xFF, 0xFF, 0x7F, 0xFF,
    0xFF, 0xFF, 0xFF, 0xFB, 0xFF, 0xFB, 0xF0, 0x00, 0x00, 0xFF, 0xFF, 0x88,
    0x01, 0x00, 0x07, 0xFF, 0xFF, 0xFF, 0xFF, 0xFF, 0xF3, 0xFF, 0xF0, 0x7F,
    0xFF, 0xFE, 0x3F, 0xFF, 0xFF, 0xBF, 0xFF, 0xC8, 0x7F, 0x81, 0xF0, 0x00,
    0x00, 0x5F, 0xFF, 0xC0, 0x00, 0x00, 0x03, 0xFF, 0xFF, 0xFF, 0xFE, 0x83,
    0xD7, 0xFF, 0x9F, 0xFF, 0xFF, 0xFF, 0xFF, 0xFF, 0xFF, 0xF9, 0x1F, 0xC0,
    0x4F, 0xC0, 0xF0, 0x00, 0x00, 0x07, 0xFF, 0xE0, 0x00, 0x00, 0x00, 0x3F,
    0xFF, 0xFF, 0xF1, 0x0E, 0x37, 0xFF, 0x8F, 0xFF, 0xFF, 0xFF, 0xFF, 0xFF,
    0xBF, 0xE0, 0x3F, 0x00, 0x1F, 0x9C, 0xE0, 0x00, 0x00, 0x07, 0x9F, 0xE0,
    0x00, 0x00, 0x00, 0x1F, 0xFF, 0xFF, 0xFF, 0x7E, 0x67, 0xFF, 0xEF, 0xFF,
    0xC7, 0xFF, 0xE7, 0xFF, 0xDF, 0xE0, 0x0F, 0x8F, 0x0F, 0x89, 0xE0, 0x00,
    0x00, 0x11, 0xFF, 0xF0, 0x00, 0x00, 0x00, 0x4F, 0xFF, 0xFF, 0xFF, 0xF9,
    0xC7, 0xFF, 0xF0, 0x7C, 0x03, 0xFF, 0xF7, 0xFF, 0xFF, 0xC3, 0x8E, 0x1F,
    0x3F, 0xC9, 0xC0, 0x00, 0x01, 0x80, 0x71, 0xF8, 0x00, 0x00, 0x60, 0xF7,
    0xFF, 0xCE, 0x3F, 0xC7, 0xC7, 0xFC, 0xC8, 0x00, 0x0F, 0x7C, 0xFF, 0xFF,
    0xFF, 0x87, 0x3E, 0x1E, 0x1F, 0xFF, 0xE0, 0x00, 0x00, 0xC0, 0x01, 0xF0,
    0x00, 0x01, 0xFF, 0xE0, 0x7F, 0xFC, 0x00, 0xFF, 0x03, 0xFC, 0x88, 0x00,
    0x33, 0xB7, 0xFE, 0x7D, 0x7D, 0x80, 0x1E, 0x00, 0x1F, 0xFF, 0xE0, 0x00,
    0x00, 0xF0, 0x03, 0x70, 0x00, 0x23, 0xFF, 0x00, 0x0F, 0xFF, 0xFF, 0xFC,
    0x03, 0x45, 0x08, 0x01, 0x98, 0xF3, 0xFB, 0x79, 0xBF, 0xC0, 0x1B, 0x80,
    0xBF, 0xFF, 0xC0, 0x00, 0x00, 0xF0, 0xE0, 0x18, 0x00, 0x0F, 0xC0, 0x00,
    0x00, 0xF7, 0xFF, 0x80, 0x01, 0x21, 0x08, 0x00, 0xC4, 0x7D, 0xF1, 0xFB,
    0x93, 0x89, 0xC3, 0x80, 0x70, 0x7F, 0xE0, 0x00, 0x02, 0xE0, 0x00, 0x08,
    0x00, 0xFC, 0x00, 0x00, 0x00, 0x00, 0x00, 0x00, 0x00, 0x00, 0x00, 0x0C,
    0x00, 0x07, 0x03, 0x02, 0xC3, 0x80, 0x42, 0x01, 0xE2, 0x36, 0x50, 0x00,
    0x00, 0x00, 0x00, 0x00, 0x00, 0x00, 0x00, 0x00, 0x00, 0x00, 0x00, 0x00,
    0x00, 0x00, 0x00, 0x00, 0x00, 0x00, 0x00, 0x00, 0x00, 0x00, 0x00, 0x00,
    0x00, 0x00, 0x00, 0x00, 0x00, 0x00, 0x00, 0x00, 0x00, 0x00, 0x00, 0x00,
    0x00, 0x00, 0x00, 0x00, 0x00, 0x00, 0x00, 0x00, 0x00, 0x00, 0x00, 0x00,
    0x00, 0x00, 0x00, 0x00, 0x00, 0x00, 0x00, 0x00, 0x00, 0x00, 0x00, 0x00,
    0x00, 0x00, 0x00, 0x00, 0x00, 0x00, 0x00, 0x00, 0x00, 0x00, 0x00, 0x00,
    0x00, 0x00, 0x00, 0x00, 0x00, 0x00, 0x00, 0x00, 0x00, 0x00, 0x00, 0x00,
    0x00, 0x00, 0x00, 0x00, 0x00, 0x00, 0x00, 0x00, 0x00, 0x00, 0x00, 0x00,
    0x00, 0x00, 0x00, 0x00, 0x00, 0x00, 0x00, 0x00, 0x00, 0x00, 0x00, 0x00,
    0x00, 0x00, 0x00, 0x00, 0x00, 0x00, 0x00, 0x00, 0x00, 0x00, 0x00, 0x00,
    0x00, 0x00, 0x00, 0x00, 0x00, 0x00, 0x00, 0x00, 0x00, 0x00, 0x00, 0x00,
    0x00, 0x00, 0x00, 0x00, 0x00, 0x00, 0x00, 0x00, 0x00, 0x00, 0x00, 0x00,
    0x00, 0x00, 0x00, 0x00, 0x00, 0x00, 0x00, 0x00, 0x00, 0x00, 0x00, 0x00,
    0x00, 0x00, 0x00, 0x00, 0x00, 0x00, 0x00, 0x00, 0x00, 0x00, 0x00, 0x00,
    0x00, 0x00, 0x00, 0x00, 0x00, 0x00, 0x00, 0x00, 0x00, 0x00, 0x00, 0x00,
    0x00, 0x00, 0x00, 0x00, 0x00, 0x00, 0x00, 0x00, 0x00, 0x00, 0x00, 0x00,
    0x00, 0x00, 0x00, 0x00,
};
static_assert(sizeof(clock_gallery_image_00) == CLOCK_GALLERY_IMAGE_BYTES_PER_ROW * CLOCK_GALLERY_IMAGE_HEIGHT,
              "clock_gallery_image_00 payload size mismatch");

// 星期一.png
static const uint8_t clock_gallery_image_01[] = {
    0x00, 0x00, 0x00, 0x00, 0x00, 0x00, 0x00, 0x00, 0x00, 0x00, 0x00, 0x00,
    0x00, 0x00, 0x00, 0x00, 0x00, 0x00, 0x00, 0x00, 0x00, 0x00, 0x00, 0x00,
    0x00, 0x00, 0x00, 0x00, 0x00, 0x00, 0x00, 0x00, 0x00, 0x00, 0x00, 0x00,
    0x00, 0x00, 0x00, 0x00, 0x00, 0x00, 0x00, 0x00, 0x00, 0x00, 0x00, 0x00,
    0x00, 0x00, 0x00, 0x00, 0x00, 0x00, 0x00, 0x00, 0x00, 0x00, 0x00, 0x00,
    0x00, 0x00, 0x00, 0x00, 0x00, 0x00, 0x00, 0x00, 0x00, 0x00, 0x00, 0x00,
    0x00, 0x00, 0x00, 0x00, 0x00, 0x00, 0x00, 0x00, 0x00, 0x00, 0x00, 0x00,
    0x00, 0x00, 0x00, 0x00, 0x00, 0x00, 0x00, 0x00, 0x00, 0x00, 0x00, 0x00,
    0x00, 0x00, 0x00, 0x00, 0x00, 0x00, 0x00, 0x00, 0x00, 0x00, 0x00, 0x00,
    0x00, 0x00, 0x00, 0x00, 0x00, 0x00, 0x00, 0x00, 0x00, 0x00, 0x00, 0x00,
    0x00, 0x00, 0x00, 0x00, 0x00, 0x00, 0x00, 0x00, 0x00, 0x00, 0x00, 0x00,
    0x00, 0x00, 0x00, 0x00, 0x00, 0x00, 0x00, 0x00, 0x00, 0x00, 0x00, 0x00,
    0x00, 0x00, 0x00, 0x00, 0x00, 0x00, 0x00, 0x00, 0x00, 0x00, 0x00, 0x00,
    0x00, 0x00, 0x00, 0x00, 0x00, 0x00, 0x00, 0x00, 0x00, 0x00, 0x00, 0x00,
    0x00, 0x00, 0x00, 0x00, 0x00, 0x00, 0x00, 0x00, 0x00, 0x00, 0x00, 0x00,
    0x00, 0x00, 0x00, 0x00, 0x00, 0x00, 0x00, 0x00, 0x00, 0x00, 0x00, 0x00,
    0x00, 0x00, 0x00, 0x00, 0x00, 0x00, 0x00, 0x00, 0x00, 0x00, 0x00, 0x00,
    0x00, 0x00, 0x00, 0x00, 0x00, 0x00, 0x00, 0x00, 0x00, 0x00, 0x00, 0x00,
    0x00, 0x00, 0x00, 0x00, 0x00, 0x00, 0x00, 0x00, 0x00, 0x00, 0x00, 0x00,
    0x00, 0x00, 0x00, 0x00, 0x00, 0x00, 0x00, 0x00, 0x00, 0x00, 0x00, 0x00,
    0x00, 0x00, 0x00, 0x00, 0x00, 0x00, 0x00, 0x00, 0x00, 0x00, 0x00, 0x00,
    0x00, 0x00, 0x00, 0x00, 0x00, 0x00, 0x00, 0x00, 0x00, 0x00, 0x00, 0x00,
    0x00, 0x00, 0x00, 0x00, 0x00, 0x00, 0x00, 0x00, 0x00, 0x00, 0x00, 0x00,
    0x00, 0x00, 0x00, 0x00, 0x00, 0x00, 0x00, 0x00, 0x00, 0x00, 0x00, 0x00,
    0x00, 0x00, 0x00, 0x00, 0x00, 0x00, 0x00, 0x00, 0x00, 0x00, 0x00, 0x00,
    0x00, 0x00, 0x00, 0x00, 0x00, 0x00, 0x00, 0x00, 0x00, 0x00, 0x00, 0x00,
    0x00, 0x00, 0x00, 0x00, 0x00, 0x00, 0x00, 0x00, 0x00, 0x00, 0x00, 0x00,
    0x00, 0x00, 0x00, 0x00, 0x00, 0x00, 0x00, 0x00, 0x00, 0x00, 0x00, 0x00,
    0x00, 0x00, 0x00, 0x00, 0x00, 0x00, 0x00, 0x00, 0x00, 0x00, 0x00, 0x00,
    0x00, 0x00, 0x00, 0x00, 0x00, 0x00, 0x00, 0x00, 0x00, 0x00, 0x00, 0x00,
    0x00, 0x00, 0x00, 0x00, 0x00, 0x00, 0x00, 0x00, 0x00, 0x00, 0x00, 0x00,
    0x00, 0x00, 0x00, 0x00, 0x00, 0x00, 0x00, 0x00, 0x00, 0x00, 0x00, 0x00,
    0x00, 0x00, 0x00, 0x00, 0x00, 0x00, 0x00, 0x00, 0x00, 0x00, 0x00, 0x00,
    0x00, 0x00, 0x00, 0x00, 0x00, 0x00, 0x00, 0x00, 0x00, 0x00, 0x00, 0x00,
    0x00, 0x00, 0x00, 0x00, 0x00, 0x00, 0x00, 0x00, 0x00, 0x00, 0x00, 0x00,
    0x00, 0x00, 0x00, 0x00, 0x00, 0x00, 0x00, 0x00, 0x00, 0x00, 0x00, 0x00,
    0x00, 0x08, 0x04, 0x00, 0x00, 0x00, 0x00, 0x00, 0x00, 0x00, 0x00, 0x00,
    0x00, 0x00, 0x00, 0x00, 0x00, 0x00, 0x00, 0x00, 0x00, 0x00, 0x00, 0x00,
    0x00, 0x00, 0x00, 0x00, 0x00, 0x08, 0x04, 0x00, 0x00, 0x00, 0x00, 0x00,
    0x00, 0x00, 0x00, 0x00, 0x00, 0x00, 0x00, 0x00, 0x00, 0x00, 0x00, 0x00,
    0x00, 0x00, 0x00, 0x00, 0x00, 0x00, 0x00, 0x00, 0x00, 0x08, 0x04, 0x00,
    0x00, 0x00, 0x00, 0x00, 0x00, 0x00, 0x00, 0x00, 0x00, 0x00, 0x00, 0x00,
    0x00, 0x00, 0x00, 0x00, 0x00, 0x00, 0x00, 0x00, 0x00, 0x00, 0x00, 0x00,
    0x00, 0x08, 0x0C, 0x00, 0x00, 0x00, 0x00, 0x00, 0x00, 0x00, 0x00, 0x00,
    0x00, 0x00, 0x00, 0x00, 0x00, 0x00, 0x00, 0x00, 0x00, 0x00, 0x00, 0x00,
    0x00, 0x00, 0x00, 0x00, 0x10, 0x08, 0x0C, 0x00, 0x00, 0x00, 0x00, 0x00,
    0x00, 0x00, 0x00, 0x00, 0x00, 0x00, 0x00, 0x00, 0x00, 0x00, 0x00, 0x00,
    0x00, 0x00, 0x00, 0x00, 0x00, 0x00, 0x00, 0x00, 0x18, 0x00, 0x00, 0x04,
    0x00, 0x00, 0x00, 0x00, 0x00, 0x00, 0x00, 0x00, 0x00, 0x00, 0x00, 0x00,
    0x00, 0x00, 0x00, 0x00, 0x00, 0x00, 0x00, 0x00, 0x00, 0x00, 0x00, 0x00,
    0x08, 0x00, 0x00, 0x0C, 0x00, 0x00, 0x00, 0x00, 0x00, 0x00, 0x00, 0x00,
    0x00, 0x00, 0x00, 0x00, 0x00, 0x00, 0x00, 0x00, 0x00, 0x00, 0x00, 0x00,
    0x00, 0x00, 0x00, 0x00, 0x04, 0x00, 0x00, 0x18, 0x00, 0x00, 0x00, 0x00,
    0x00, 0x00, 0x00, 0x00, 0x00, 0x00, 0x00, 0x00, 0x00, 0x00, 0x00, 0x00,
    0x00, 0x00, 0x00, 0x00, 0x00, 0x00, 0x00, 0x00, 0x00, 0x07, 0xF0, 0x20,
    0x00, 0x00, 0x00, 0x00, 0x00, 0x00, 0x00, 0x00, 0x00, 0x00, 0x00, 0x00,
    0x00, 0x00, 0x00, 0x00, 0x00, 0x00, 0x00, 0x00, 0x00, 0x00, 0x00, 0x00,
    0x00, 0x10, 0x1C, 0x00, 0x00, 0x00, 0x00, 0x00, 0x00, 0x00, 0x00, 0x00,
    0x00, 0x00, 0x00, 0x00, 0x00, 0x00, 0x00, 0x00, 0x00, 0x00, 0x00, 0x00,
    0x00, 0x00, 0x00, 0x00, 0x00, 0x40, 0x06, 0x00, 0x00, 0x00, 0x00, 0x00,
    0x00, 0x00, 0x00, 0x00, 0x00, 0x00, 0x00, 0x00, 0x00, 0x00, 0x00, 0x00,
    0x00, 0x00, 0x00, 0x00, 0x00, 0x00, 0x00, 0x00, 0x00, 0x80, 0x03, 0x00,
    0x00, 0x00, 0x00, 0x00, 0x00, 0x00, 0x00, 0x00, 0x00, 0x00, 0x00, 0x00,
    0x00, 0x00, 0x00, 0x00, 0x00, 0x00, 0x00, 0x00, 0x00, 0x00, 0x00, 0x00,
    0x01, 0x00, 0x01, 0x00, 0x00, 0x00, 0x00, 0x00, 0x00, 0x00, 0x00, 0x00,
    0x00, 0x00, 0x00, 0x00, 0x00, 0x00, 0x00, 0x00, 0x00, 0x00, 0x00, 0x00,
    0x00, 0x00, 0x00, 0x01, 0xC2, 0x00, 0x00, 0x80, 0x00, 0x00, 0x00, 0x00,
    0x00, 0x00, 0x00, 0x00, 0x00, 0x00, 0x00, 0x00, 0x00, 0x00, 0x00, 0x00,
    0x00, 0x00, 0x00, 0x00, 0x00, 0x00, 0x00, 0x00, 0x00, 0x00, 0x00, 0x81,
    0x80, 0x00, 0x00, 0x00, 0x00, 0x00, 0x00, 0x00, 0x00, 0x00, 0x00, 0x00,
    0x00, 0x00, 0x00, 0x00, 0x00, 0x00, 0x00, 0x00, 0x00, 0x00, 0x00, 0x00,
    0x04, 0x00, 0x00, 0x40, 0x00, 0x00, 0x00, 0x00, 0x00, 0x00, 0x00, 0x00,
    0x00, 0x00, 0x00, 0x00, 0x00, 0x00, 0x00, 0x00, 0x00, 0x00, 0x00, 0x00,
    0x00, 0x00, 0x00, 0x00, 0x04, 0x00, 0x00, 0x40, 0x00, 0x00, 0x00, 0x00,
    0x00, 0x00, 0x00, 0x00, 0x00, 0x00, 0x00, 0x00, 0x00, 0x00, 0x00, 0x00,
    0x00, 0x00, 0x00, 0x00, 0x00, 0x00, 0x00, 0x00, 0x00, 0x00, 0x00, 0x40,
    0x00, 0x00, 0x00, 0x00, 0x00, 0x00, 0x00, 0x00, 0x00, 0x00, 0x00, 0x00,
    0x00, 0x00, 0x00, 0x00, 0x00, 0x00, 0x00, 0x00, 0x00, 0x00, 0x00, 0x00,
    0x00, 0x00, 0x00, 0x40, 0x00, 0x00, 0x00, 0x00, 0x00, 0x00, 0x00, 0x00,
    0x00, 0x00, 0x00, 0x00, 0x00, 0x00, 0x00, 0x00, 0x00, 0x01, 0x00, 0x00,
    0x00, 0xE0, 0x07, 0x00, 0x00, 0x00, 0x00, 0x40, 0x00, 0x00, 0x00, 0x00,
    0x00, 0x00, 0xC0, 0x00, 0x00, 0x00, 0x00, 0x00, 0x00, 0x00, 0x00, 0x00,
    0x00, 0x03, 0x80, 0x00, 0x00, 0xE0, 0x07, 0x80, 0x00, 0x00, 0x00, 0x00,
    0x00, 0x00, 0x00, 0x00, 0x00, 0x01, 0xC0, 0x00, 0x00, 0x00, 0x00, 0x00,
    0x00, 0x00, 0x00, 0x00, 0x00, 0x03, 0x80, 0x00, 0x01, 0xF0, 0x0F, 0x80,
    0x00, 0x00, 0x00, 0x00, 0x60, 0x00, 0x00, 0x00, 0x00, 0x01, 0xC0, 0x00,
    0x00, 0x00, 0x00, 0x00, 0x00, 0x00, 0x00, 0x00, 0x00, 0x03, 0xC0, 0x00,
    0x01, 0xF0, 0x1F, 0x80, 0x00, 0x00, 0x00, 0x00, 0x70, 0x00, 0x00, 0x00,
    0x00, 0x01, 0xC0, 0x00, 0x00, 0x00, 0x00, 0x00, 0x00, 0x00, 0x00, 0x00,
    0x00, 0x03, 0xC4, 0x00, 0x01, 0xF8, 0x1F, 0x80, 0x00, 0x00, 0x00, 0x00,
    0x60, 0x00, 0x00, 0x00, 0x00, 0x01, 0xC0, 0x00, 0x00, 0x00, 0x00, 0x00,
    0x00, 0x00, 0x00, 0x00, 0x00, 0x01, 0xC4, 0x00, 0x01, 0xF8, 0x3F, 0x80,
    0x00, 0x00, 0x00, 0x00, 0x60, 0x00, 0x00, 0x00, 0x00, 0x01, 0xC0, 0x00,
    0x00, 0x00, 0x00, 0x00, 0x00, 0x00, 0x00, 0x00, 0x00, 0x00, 0xCC, 0x00,
    0x03, 0xBC, 0x3B, 0xC0, 0x00, 0x00, 0x00, 0x00, 0xE0, 0x00, 0x00, 0x00,
    0x00, 0x01, 0x80, 0x00, 0x00, 0x00, 0x00, 0x00, 0x00, 0x00, 0x00, 0x00,
    0x00, 0x00, 0x4C, 0x00, 0x03, 0x9C, 0x7B, 0xC0, 0x00, 0x00, 0x00, 0x00,
    0xE0, 0x00, 0x00, 0x00, 0x00, 0x31, 0x00, 0x00, 0x00, 0x00, 0x00, 0x00,
    0x00, 0x00, 0x00, 0x00, 0x00, 0x00, 0x00, 0x00, 0x03, 0x9C, 0x73, 0xC0,
    0x00, 0x00, 0x00, 0x00, 0xE0, 0x00, 0x00, 0x00, 0x00, 0x18, 0x00, 0x00,
    0x00, 0x00, 0x00, 0x00, 0x00, 0x00, 0x00, 0x00, 0x00, 0x00, 0x00, 0x00,
    0x03, 0x9E, 0xF3, 0xC0, 0x00, 0x10, 0x00, 0x00, 0xE0, 0x00, 0x00, 0x00,
    0x00, 0x18, 0x00, 0x00, 0x00, 0x00, 0x00, 0x00, 0x00, 0x00, 0x00, 0x00,
    0x00, 0x07, 0x80, 0x20, 0x03, 0x8E, 0xE3, 0xC0, 0xF8, 0x38, 0xC0, 0x1F,
    0xE0, 0x3E, 0x06, 0x06, 0x00, 0x00, 0xE0, 0x00, 0x00, 0x00, 0x00, 0x00,
    0x00, 0x00, 0x00, 0x00, 0x00, 0x07, 0xC0, 0x60, 0x07, 0x8F, 0xE3, 0xC1,
    0xFC, 0x3B, 0xE0, 0x3F, 0xE0, 0xFF, 0x06, 0x0E, 0x03, 0x0B, 0xE0, 0x00,
    0x00, 0x00, 0x00, 0x00, 0x00, 0x00, 0x00, 0x00, 0x00, 0x03, 0xF0, 0x60,
    0x07, 0x8F, 0xC3, 0xC3, 0xDE, 0x3F, 0xF0, 0x7B, 0xE0, 0xE3, 0x06, 0x0E,
    0x03, 0x0F, 0xC0, 0x00, 0x00, 0x00, 0x00, 0x00, 0x00, 0x00, 0x00, 0x00,
    0x00, 0x01, 0xF8, 0x60, 0x07, 0x87, 0xC1, 0xC3, 0x8E, 0x3F, 0x70, 0xF0,
    0xE1, 0xC3, 0x86, 0x0E, 0x03, 0x18, 0x00, 0x00, 0x00, 0x00, 0x00, 0x00,
    0x00, 0x00, 0x00, 0x00, 0x00, 0x00, 0x0C, 0xF0, 0x07, 0x07, 0x81, 0xC7,
    0x07, 0x3E, 0x38, 0xE0, 0xE3, 0xC7, 0x06, 0x0E, 0x03, 0x10, 0x00, 0x00,
    0x00, 0x00, 0x00, 0x00, 0x00, 0x00, 0x00, 0x00, 0x00, 0x00, 0x06, 0x70,
    0x07, 0x03, 0x81, 0xC7, 0x07, 0x3C, 0x38, 0xE0, 0xE3, 0x87, 0x0E, 0x1E,
    0x01, 0x20, 0x00, 0x00, 0x00, 0x00, 0x00, 0x00, 0x00, 0x00, 0x00, 0x00,
    0x00, 0x00, 0x02, 0x60, 0x07, 0x00, 0x01, 0xC7, 0x07, 0x3C, 0x39, 0xC1,
    0xE3, 0x87, 0x06, 0x1E, 0x01, 0x40, 0x00, 0x00, 0x00, 0x00, 0x00, 0x00,
    0x00, 0x00, 0x00, 0x00, 0x00, 0x00, 0x01, 0x60, 0x07, 0x00, 0x01, 0xC7,
    0x06, 0x3C, 0x39, 0xC1, 0xE3, 0x8F, 0x86, 0x3E, 0x01, 0x1E, 0x00, 0x00,
    0x00, 0x00, 0x00, 0x00, 0x00, 0x00, 0x00, 0x00, 0x00, 0x00, 0x3E, 0xC0,
    0x07, 0x00, 0x01, 0xE7, 0x0E, 0x38, 0x39, 0xC3, 0xE3, 0x9F, 0x87, 0x7E,
    0x03, 0x7E, 0x00, 0x00, 0x00, 0x00, 0x00, 0x00, 0x00, 0x00, 0x00, 0x00,
    0x00, 0x00, 0x7F, 0x60, 0x07, 0x00, 0x01, 0xE7, 0x9E, 0x38, 0x38, 0xFF,
    0xF3, 0xFF, 0xA7, 0xFE, 0x07, 0xFE, 0x00, 0x00, 0x00, 0x00, 0x00, 0x00,
    0x00, 0x00, 0x00, 0x00, 0x00, 0x00, 0x3F, 0xB0, 0x07, 0x00, 0x01, 0xE3,
    0xFC, 0x38, 0x3C, 0xFF, 0x7B, 0xFB, 0xF3, 0xEE, 0x08, 0x78, 0x00, 0x00,
    0x00, 0x00, 0x00, 0x00, 0x00, 0x00, 0x00, 0x00, 0x00, 0x00, 0x0C, 0x08,
    0x07, 0x00, 0x01, 0xE1, 0xF8, 0x38, 0x1C, 0x7C, 0x79, 0xF1, 0xE0, 0x1E,
    0x00, 0x00, 0x00, 0x00, 0x00, 0x00, 0x00, 0x00, 0x00, 0x00, 0x00, 0x00,
    0x00, 0x00, 0x00, 0x00, 0x07, 0x00, 0x00, 0xE0, 0x60, 0x10, 0x00, 0x00,
    0x10, 0x00, 0x00, 0x1E, 0x00, 0x00, 0x00, 0x00, 0x00, 0x00, 0x00, 0x00,
    0x00, 0x00, 0x00, 0x00, 0x00, 0x00, 0x00, 0x00, 0x03, 0x00, 0x00, 0xC0,
    0x00, 0x00, 0x00, 0x00, 0x00, 0x00, 0x00, 0x1C, 0x00, 0x00, 0x00, 0x00,
    0x00, 0x00, 0x00, 0x00, 0x00, 0x00, 0x00, 0x00, 0x00, 0x00, 0x00, 0x00,
    0x00, 0x00, 0x00, 0x00, 0x00, 0x00, 0x00, 0x00, 0x00, 0x00, 0x00, 0x1C,
    0x00, 0x00, 0x00, 0x00, 0x00, 0x00, 0x00, 0x00, 0x00, 0x00, 0x00, 0x00,
    0x00, 0x00, 0x00, 0x00, 0x00, 0x00, 0x00, 0x00, 0x00, 0x00, 0x00, 0x00,
    0x00, 0x00, 0x00, 0x1C, 0x00, 0x00, 0x00, 0x00, 0x00, 0x00, 0x00, 0x00,
    0x00, 0x00, 0x00, 0x00, 0x00, 0x00, 0x00, 0x00, 0x00, 0x00, 0x00, 0x00,
    0x00, 0x00, 0x00, 0x00, 0x00, 0x00, 0x00, 0x3C, 0x00, 0x00, 0x00, 0x00,
    0x00, 0x00, 0x00, 0x00, 0x00, 0x00, 0x00, 0x00, 0x00, 0x00, 0x00, 0x00,
    0x00, 0x00, 0x00, 0x00, 0x00, 0x00, 0x00, 0x00, 0x00, 0x00, 0x08, 0x78,
    0x00, 0x00, 0x00, 0x00, 0x00, 0x00, 0x00, 0x00, 0x00, 0x00, 0x00, 0x00,
    0x00, 0x00, 0x00, 0x00, 0x00, 0x00, 0x00, 0x00, 0x00, 0x7F, 0xFF, 0xFF,
    0x80, 0x00, 0x1F, 0xF8, 0x00, 0x00, 0x00, 0x00, 0x00, 0x00, 0x00, 0x00,
    0x00, 0x00, 0x00, 0x00, 0x00, 0x00, 0x00, 0x00, 0x00, 0x00, 0x00, 0x0F,
    0xFF, 0xFF, 0xFF, 0xFF, 0xFE, 0x10, 0x0F, 0xF0, 0x00, 0x00, 0x00, 0x00,
    0x00, 0x00, 0x00, 0x00, 0x00, 0x00, 0x00, 0x00, 0x00, 0x00, 0x00, 0x00,
    0x00, 0x00, 0x00, 0xBC, 0x00, 0x00, 0x00, 0x00, 0x00, 0x30, 0x0F, 0xE0,
    0x00, 0x00, 0x00, 0x00, 0x00, 0x00, 0x00, 0x00, 0x00, 0x00, 0x00, 0x00,
    0x00, 0x00, 0x00, 0x00, 0x00, 0x00, 0x00, 0x00, 0x00, 0x00, 0x00, 0x00,
    0x00, 0x00, 0x01, 0x80, 0x00, 0x00, 0x00, 0x00, 0x00, 0x00, 0x00, 0x00,
    0x00, 0x00, 0x00, 0x00, 0x00, 0x00, 0x00, 0x00, 0x00, 0x00, 0x00, 0x00,
    0x00, 0x00, 0x00, 0x00, 0x00, 0x00, 0x00, 0x00, 0x00, 0x00, 0x00, 0x00,
    0x00, 0x00, 0x00, 0x00, 0x00, 0x00, 0x00, 0x00, 0x00, 0x00, 0x00, 0x00,
    0x00, 0x00, 0x00, 0x00, 0x00, 0x00, 0x00, 0x00, 0x00, 0x00, 0x00, 0x00,
    0x00, 0x00, 0x00, 0x00, 0x00, 0x00, 0x00, 0x00, 0x00, 0x00, 0x00, 0x00,
    0x00, 0x00, 0x00, 0x00, 0x00, 0x00, 0x00, 0x00, 0x00, 0x00, 0x00, 0x00,
    0x00, 0x00, 0x00, 0x00, 0x00, 0x00, 0x00, 0x00, 0x00, 0x00, 0x00, 0x00,
    0x00, 0x00, 0x00, 0x00, 0x00, 0x00, 0x00, 0x00, 0x00, 0x00, 0x00, 0x00,
    0x00, 0x00, 0x00, 0x00, 0x00, 0x00, 0x00, 0x00, 0x00, 0x00, 0x00, 0x00,
    0x00, 0x00, 0x00, 0x00, 0x00, 0x00, 0x00, 0x00, 0x00, 0x00, 0x00, 0x00,
    0x00, 0x00, 0x00, 0x00, 0x00, 0x00, 0x00, 0x00, 0x00, 0x00, 0x00, 0x00,
    0x00, 0x00, 0x00, 0x00, 0x00, 0x00, 0x00, 0x00, 0x00, 0x00, 0x00, 0x00,
    0x00, 0x00, 0x00, 0x00, 0x00, 0x00, 0x00, 0x00, 0x00, 0x00, 0x00, 0x00,
    0x00, 0x00, 0x00, 0x00, 0x00, 0x00, 0x00, 0x00, 0x00, 0x00, 0x00, 0x00,
    0x00, 0x00, 0x00, 0x00, 0x00, 0x00, 0x00, 0x00, 0x03, 0xFF, 0xFE, 0x00,
    0x00, 0x60, 0x0C, 0x00, 0x00, 0x00, 0x00, 0x00, 0x00, 0x00, 0x00, 0x00,
    0x00, 0x00, 0x00, 0x00, 0x00, 0x00, 0x00, 0x00, 0x00, 0x00, 0x00, 0x0F,
    0xFF, 0xFF, 0xFF, 0x80, 0x00, 0x70, 0x1E, 0x01, 0xFF, 0x00, 0x00, 0x00,
    0x00, 0x00, 0x00, 0x00, 0x00, 0x00, 0x00, 0x00, 0x00, 0x00, 0x00, 0x00,
    0x00, 0x00, 0x00, 0x1F, 0xFF, 0xFF, 0xFF, 0xC0, 0x00, 0xF0, 0x1E, 0x07,
    0xFF, 0xC0, 0x00, 0x00, 0x00, 0x00, 0x00, 0x00, 0x00, 0x00, 0x00, 0x00,
    0x00, 0x00, 0x00, 0x20, 0x00, 0x00, 0x00, 0x1F, 0xFF, 0xFF, 0xFF, 0xC0,
    0x00, 0xF0, 0x1E, 0x0F, 0xFF, 0xE0, 0x00, 0x00, 0x00, 0x00, 0x00, 0x00,
    0x00, 0x00, 0x00, 0x00, 0x00, 0x00, 0x00, 0x7F, 0x00, 0x00, 0x00, 0x1F,
    0xC0, 0x00, 0x07, 0xC0, 0x00, 0xF0, 0x1E, 0x0F, 0xFF, 0xE0, 0x00, 0x00,
    0x00, 0x00, 0x00, 0x00, 0x00, 0x00, 0x00, 0x00, 0x00, 0x00, 0x00, 0x3F,
    0xC0, 0x00, 0x00, 0x1E, 0x00, 0x00, 0x03, 0xC0, 0x0F, 0xFF, 0xFF, 0xCF,
    0x87, 0xF0, 0x00, 0x00, 0x00, 0x00, 0x00, 0x00, 0x00, 0x00, 0x00, 0x00,
    0x00, 0x00, 0x20, 0x1E, 0x40, 0x00, 0x00, 0x1E, 0x00, 0x00, 0x03, 0xC0,
    0x0F, 0xFF, 0xFF, 0xEF, 0x01, 0xF0, 0x00, 0x00, 0x00, 0x00, 0x00, 0x00,
    0x00, 0x00, 0x00, 0x00, 0x00, 0x00, 0x20, 0x1A, 0x00, 0x00, 0x00, 0x1E,
    0xFF, 0xFF, 0xFF, 0xC0, 0x0F, 0xFF, 0xFF, 0xEF, 0x01, 0xF0, 0x00, 0x00,
    0x00, 0x00, 0x00, 0x00, 0x00, 0x00, 0x00, 0x00, 0x00, 0x00, 0x20, 0x3B,
    0x00, 0x00, 0x00, 0x1F, 0xFF, 0xFF, 0xFF, 0xC0, 0x07, 0xFF, 0xFF, 0xCF,
    0x01, 0xF0, 0x00, 0x00, 0x00, 0x00, 0x00, 0x00, 0x00, 0x00, 0x00, 0x00,
    0x00, 0x00, 0x00, 0xFC, 0x00, 0x00, 0x00, 0x1F, 0xFF, 0xFF, 0xFF, 0xC0,
    0x00, 0xF0, 0x0F, 0x0F, 0x01, 0xF0, 0x00, 0x00, 0x00, 0x00, 0x00, 0x00,
    0x00, 0x00, 0x00, 0x00, 0x00, 0x00, 0x02, 0x7C, 0x03, 0x80, 0x00, 0x1F,
    0xFF, 0xFF, 0xFF, 0xC0, 0x00, 0xF8, 0x0F, 0x0F, 0x80, 0xF0, 0x00, 0x00,
    0x00, 0x00, 0x00, 0x00, 0x00, 0x00, 0x00, 0x00, 0x00, 0x00, 0x00, 0xFE,
    0x7E, 0x00, 0x00, 0x1E, 0x00, 0x00, 0x03, 0xC0, 0x00, 0xF0, 0x0F, 0x0F,
    0x80, 0xF0, 0x00, 0x00, 0x00, 0x00, 0x00, 0x00, 0x00, 0x00, 0x00, 0x00,
    0x00, 0x00, 0x47, 0xFF, 0xFE, 0x00, 0x00, 0x1E, 0x00, 0x00, 0x03, 0xC0,
    0x00, 0xFF, 0xFF, 0x0F, 0x81, 0xF0, 0x00, 0x00, 0x00, 0x00, 0x00, 0x00,
    0x00, 0x00, 0x00, 0x00, 0x00, 0x00, 0x4F, 0xE1, 0xFF, 0xC0, 0x00, 0x1E,
    0x00, 0x00, 0x03, 0xC0, 0x00, 0xFF, 0xFF, 0x0F, 0xFF, 0xF0, 0x00, 0x00,
    0x00, 0x00, 0x00, 0x00, 0x00, 0x00, 0x00, 0x00, 0x00, 0x00, 0x4F, 0xC3,
    0xFF, 0xE0, 0x00, 0x1F, 0xFF, 0xFF, 0xFF, 0xC0, 0x00, 0xFF, 0xFF, 0x0F,
    0xFF, 0xF0, 0x00, 0x00, 0x00, 0x00, 0x00, 0x00, 0x00, 0x00, 0x00, 0x00,
    0x00, 0x00, 0x6F, 0xF1, 0xFF, 0xF0, 0x00, 0x1F, 0xFF, 0xFF, 0xFF, 0xC0,
    0x00, 0xFF, 0xFF, 0x0F, 0xFF, 0xF0, 0x00, 0x00, 0x00, 0x00, 0x00, 0x00,
    0x00, 0x00, 0x00, 0x00, 0x00, 0x1C, 0xFF, 0xFF, 0xFF, 0xF0, 0x00, 0x1F,
    0xFF, 0xFF, 0xFF, 0xC0, 0x00, 0xF0, 0x0F, 0x0F, 0x81, 0xF0, 0x00, 0x00,
    0x00, 0x00, 0x00, 0x00, 0x00, 0x00, 0x00, 0x00, 0x00, 0x1E, 0x87, 0xFF,
    0xFF, 0xF0, 0x00, 0x0F, 0xFF, 0xFF, 0xFF, 0x80, 0x00, 0x78, 0x0F, 0x0F,
    0x80, 0xF0, 0x00, 0x00, 0x00, 0x00, 0x00, 0x00, 0x00, 0x00, 0x00, 0x00,
    0x00, 0x1E, 0x01, 0xFF, 0xFF, 0xC0, 0x00, 0x00, 0x00, 0x00, 0x00, 0x00,
    0x00, 0x78, 0x0F, 0x0F, 0x80, 0xF0, 0x00, 0x00, 0x00, 0x00, 0x00, 0x00,
    0x00, 0x00, 0x00, 0x00, 0x00, 0x0C, 0x60, 0xFF, 0xFF, 0xE0, 0x00, 0x03,
    0x80, 0x70, 0x00, 0x00, 0x00, 0x7F, 0xFF, 0x0F, 0x80, 0xF0, 0x00, 0x03,
    0xFF, 0xFF, 0xE0, 0x00, 0x00, 0x00, 0x00, 0x00, 0x00, 0x2E, 0x64, 0xFF,
    0xFF, 0xE0, 0x00, 0x07, 0x80, 0x78, 0x00, 0x00, 0x00, 0x7F, 0xFF, 0x0F,
    0x80, 0xF0, 0x1F, 0xFF, 0xFF, 0xFF, 0xFE, 0x00, 0x00, 0x00, 0x00, 0x00,
    0x00, 0x3F, 0xC3, 0xFF, 0xFF, 0x80, 0x00, 0x07, 0x80, 0x78, 0x00, 0x00,
    0x00, 0x7F, 0xFF, 0x0F, 0x80, 0xF0, 0x3F, 0xFF, 0xFF, 0xFF, 0xFE, 0x00,
    0x00, 0x00, 0x00, 0x00, 0x00, 0x7F, 0xC3, 0xFF, 0xFC, 0x80, 0x00, 0x0F,
    0xFF, 0xFF, 0xFF, 0x80, 0x00, 0x78, 0x1F, 0x0F, 0x80, 0xF0, 0x3F, 0xFF,
    0xFF, 0xFF, 0xFE, 0x00, 0x00, 0x00, 0x00, 0x00, 0x00, 0x3F, 0xC3, 0xFF,
    0xFC, 0xC0, 0x00, 0x1F, 0xFF, 0xFF, 0xFF, 0xC0, 0x00, 0x78, 0x0F, 0x0F,
    0xFF, 0xF0, 0x1F, 0xFF, 0xFF, 0xFF, 0xFC, 0x00, 0x00, 0x00, 0x00, 0x00,
    0x00, 0x7F, 0xC3, 0xFF, 0xFF, 0x80, 0x00, 0x1F, 0xFF, 0xFF, 0xFF, 0xC0,
    0x00, 0x78, 0x0F, 0x0F, 0xFF, 0xF0, 0x00, 0x00, 0x00, 0x00, 0x00, 0x00,
    0x00, 0x00, 0x00, 0x00, 0x00, 0x7F, 0xFB, 0xFF, 0xFF, 0x00, 0x00, 0x3F,
    0xFF, 0xFF, 0xFF, 0x80, 0x00, 0x70, 0x0F, 0x0F, 0xFF, 0xF0, 0x00, 0x00,
    0x00, 0x00, 0x00, 0x00, 0x00, 0x00, 0x00, 0x00, 0x00, 0x7F, 0xFF, 0xFF,
    0xFF, 0x04, 0x00, 0x3E, 0x00, 0x78, 0x00, 0x00, 0x01, 0xFF, 0xFF, 0xCF,
    0xFF, 0xF0, 0x00, 0x00, 0x00, 0x00, 0x00, 0x00, 0x00, 0x00, 0x00, 0x00,
    0x00, 0x3F, 0xFF, 0xFF, 0xFF, 0x00, 0x00, 0x7C, 0x00, 0x78, 0x00, 0x00,
    0x0F, 0xFF, 0xFF, 0xEF, 0x80, 0xF0, 0x00, 0x00, 0x00, 0x00, 0x00, 0x00,
    0x00, 0x00, 0x00, 0x00, 0x00, 0x3F, 0xFF, 0xFF, 0xFE, 0x40, 0x00, 0x78,
    0x00, 0x78, 0x00, 0x00, 0x1F, 0xFF, 0xFF, 0xEF, 0x00, 0xF0, 0x00, 0x00,
    0x00, 0x00, 0x00, 0x00, 0x00, 0x00, 0x00, 0x00, 0x00, 0x7F, 0xFF, 0xF9,
    0xFF, 0x60, 0x00, 0x78, 0xFF, 0xFF, 0xFF, 0x00, 0x0F, 0xFF, 0xFF, 0xEF,
    0x00, 0xF0, 0x00, 0x00, 0x00, 0x00, 0x00, 0x00, 0x00, 0x00, 0x00, 0x00,
    0x00, 0x7F, 0xFF, 0x48, 0xFF, 0x71, 0x00, 0x21, 0xFF, 0xFF, 0xFF, 0x00,
    0x00, 0x00, 0x00, 0x0F, 0x00, 0xF0, 0x00, 0x00, 0x00, 0x00, 0x00, 0x00,
    0x00, 0x00, 0x00, 0x00, 0x00, 0x7F, 0xFF, 0x1C, 0x3E, 0x70, 0x00, 0x01,
    0xFF, 0xFF, 0xFF, 0x00, 0x00, 0x18, 0x18, 0x0F, 0x00, 0xF0, 0x00, 0x00,
    0x00, 0x00, 0x00, 0x00, 0x00, 0x00, 0x00, 0x00, 0x00, 0x7F, 0xFE, 0x1D,
    0xFF, 0x76, 0x60, 0x01, 0xFF, 0xFF, 0xFF, 0x00, 0x00, 0x3C, 0x3C, 0x0F,
    0x00, 0xF0, 0x00, 0x00, 0x00, 0x00, 0x00, 0x00, 0x00, 0x00, 0x00, 0x00,
    0x00, 0x7F, 0xFF, 0x3F, 0xFF, 0xBF, 0xF0, 0x00, 0x00, 0x78, 0x00, 0x00,
    0x00, 0x7C, 0x3E, 0x1F, 0x00, 0xF0, 0x00, 0x00, 0x00, 0x00, 0x00, 0x00,
    0x00, 0x00, 0x00, 0x00, 0x00, 0x7F, 0xFF, 0xBF, 0xFF, 0xFF, 0xF0, 0x00,
    0x00, 0x78, 0x00, 0x00, 0x00, 0xFC, 0x3F, 0x1F, 0x00, 0xF0, 0x00, 0x00,
    0x00, 0x00, 0x00, 0x00, 0x00, 0x00, 0x00, 0x00, 0x00, 0x7F, 0xFF, 0x7F,
    0xFF, 0xFF, 0xF0, 0x00, 0x00, 0x78, 0x00, 0x00, 0x01, 0xF8, 0x1F, 0x1E,
    0x01, 0xF0, 0x00, 0x00, 0x00, 0x00, 0x00, 0x00, 0x00, 0x00, 0x00, 0x00,
    0x00, 0x7F, 0xFF, 0xFF, 0xFF, 0xDE, 0x70, 0x0F, 0xFF, 0xFF, 0xFF, 0xF8,
    0x01, 0xF0, 0x0F, 0x9E, 0x0F, 0xF0, 0x00, 0x00, 0x00, 0x00, 0x00, 0x00,
    0x00, 0x00, 0x00, 0x00, 0x00, 0x6F, 0xFF, 0xFF, 0xFF, 0xFF, 0xF0, 0xFF,
    0xFF, 0xFF, 0xFF, 0xFC, 0x03, 0xE0, 0x07, 0xBE, 0x1F, 0xF0, 0x00, 0x00,
    0x00, 0x00, 0x00, 0x00, 0x00, 0x00, 0x00, 0x00, 0x00, 0xFF, 0xFF, 0xFF,
    0xFE, 0x7F, 0xE0, 0xFF, 0xFF, 0xFF, 0xFF, 0xFE, 0x07, 0xC0, 0x07, 0xBE,
    0x1F, 0xE0, 0x00, 0x00, 0x00, 0x00, 0x00, 0x00, 0x00, 0x00, 0x00, 0x00,
    0x00, 0x7F, 0xFF, 0xFC, 0xF7, 0x78, 0xF0, 0xFF, 0xFF, 0xFF, 0xFF, 0xFC,
    0x03, 0x80, 0x00, 0x1C, 0x1F, 0xE0, 0x00, 0x00, 0x00, 0x00, 0x00, 0x00,
    0x00, 0x00, 0x00, 0x00, 0x00, 0x3F, 0xFF, 0xFC, 0x37, 0x40, 0x50, 0x00,
    0x00, 0x00, 0x00, 0x00, 0x01, 0x00, 0x00, 0x00, 0x07, 0x80, 0x00, 0x00,
    0x00, 0x00, 0x00, 0x00, 0x00, 0x00, 0x00, 0x00, 0x00, 0x3F, 0xFF, 0xF8,
    0x02, 0x60, 0x00, 0x00, 0x00, 0x00, 0x00, 0x00, 0x00, 0x00, 0x00, 0x00,
    0x00, 0x00, 0x00, 0x00, 0x00, 0x00, 0x00, 0x00, 0x00, 0x00, 0x00, 0x00,
    0x00, 0x3F, 0xFF, 0xD0, 0x01, 0xF3, 0x80, 0x00, 0x00, 0x00, 0x00, 0x00,
    0x00, 0x00, 0x00, 0x00, 0x00, 0x00, 0x00, 0x00, 0x00, 0x00, 0x00, 0x00,
    0x00, 0x00, 0x00, 0x00, 0x00, 0x7F, 0xFF, 0x80, 0x03, 0xF1, 0xD0, 0x00,
    0x00, 0x00, 0x00, 0x00, 0x00, 0x00, 0x00, 0x00, 0x00, 0x00, 0x00, 0x00,
    0x00, 0x00, 0x00, 0x00, 0x00, 0x00, 0x00, 0x00, 0x00, 0x7F, 0xFF, 0x80,
    0x03, 0x70, 0x40, 0x00, 0x00, 0x00, 0x00, 0x00, 0x00, 0x00, 0x00, 0x00,
    0x00, 0x00, 0x00, 0x00, 0x00, 0x00, 0x00, 0x00, 0x00, 0x00, 0x00, 0x00,
    0x00, 0x3F, 0xFF, 0x80, 0x00, 0x30, 0x40, 0x00, 0x00, 0x00, 0x00, 0x00,
    0x00, 0x00, 0x00, 0x00, 0x00, 0x00, 0x00, 0x00, 0x00, 0x00, 0x00, 0x00,
    0x00, 0x00, 0x00, 0x00, 0x00, 0x1F, 0xFF, 0xC0, 0x00, 0x70, 0x00, 0x00,
    0x00, 0x00, 0x00, 0x00, 0x00, 0x00, 0x00, 0x00, 0x00, 0x00, 0x00, 0x00,
    0x00, 0x00, 0x00, 0x00, 0x00, 0x00, 0x00, 0x00, 0x00, 0x1F, 0xFF, 0xC0,
    0x04, 0x70, 0x00, 0x00, 0x00, 0x00, 0x00, 0x00, 0x00, 0x00, 0x00, 0x00,
    0x00, 0x00, 0x00, 0x00, 0x00, 0x00, 0x00, 0x00, 0x00, 0x00, 0x00, 0x00,
    0x00, 0x1F, 0xFF, 0xC0, 0x06, 0x01, 0x00, 0x00, 0x00, 0x00, 0x00, 0x00,
    0x00, 0x00, 0x00, 0x00, 0x00, 0x00, 0x00, 0x00, 0x00, 0x00, 0x00, 0x00,
    0x00, 0x00, 0x00, 0x00, 0x00, 0x3F, 0xFF, 0xF8, 0x04, 0x00, 0x08, 0x00,
    0x00, 0x00, 0x00, 0x00, 0x00, 0x00, 0x00, 0x00, 0x00, 0x00, 0x00, 0x00,
    0x00, 0x00, 0x00, 0x00, 0x00, 0x00, 0x00, 0x00, 0x00, 0x3F, 0xFF, 0xF8,
    0x2F, 0x80, 0x04, 0x00, 0x00, 0x00, 0x00, 0x00, 0x00, 0x00, 0x00, 0x00,
    0x00, 0x00, 0x00, 0x00, 0x00, 0x00, 0x00, 0x00, 0x00, 0x00, 0x00, 0x00,
    0x00, 0x3F, 0xFF, 0xFF, 0x7F, 0xC0, 0x04, 0x00, 0x00, 0x00, 0x00, 0x00,
    0x00, 0x00, 0x00, 0x00, 0x00, 0x00, 0x00, 0x00, 0x00, 0x00, 0x00, 0x00,
    0x00, 0x00, 0x00, 0x00, 0x00, 0x3F, 0xFF, 0xFF, 0xFF, 0xDC, 0x1C, 0x80,
    0x00, 0x00, 0x00, 0x00, 0x00, 0x00, 0x00, 0x00, 0x00, 0x00, 0x00, 0x00,
    0x00, 0x00, 0x00, 0x00, 0x00, 0x00, 0x00, 0x00, 0x00, 0x3F, 0xFF, 0xFF,
    0xFF, 0xB8, 0x1E, 0x80, 0x00, 0x00, 0x00, 0x00, 0x00, 0x00, 0x00, 0x00,
    0x00, 0x00, 0x00, 0x00, 0x00, 0x00, 0x00, 0x00, 0x00, 0x00, 0x00, 0x00,
    0x00, 0x3F, 0xFF, 0xFF, 0xFF, 0x79, 0x1F, 0x80, 0x00, 0x00, 0x00, 0x00,
    0x00, 0x00, 0x00, 0x00, 0x00, 0x00, 0x00, 0x00, 0x00, 0x00, 0x00, 0x00,
    0x00, 0x00, 0x00, 0x00, 0x00, 0x3F, 0xFF, 0xFF, 0xFF, 0x37, 0xFE, 0x00,
    0x00, 0x00, 0x00, 0x00, 0x00, 0x00, 0x00, 0x00, 0x00, 0x00, 0x00, 0x00,
    0x00, 0x00, 0x00, 0x00, 0x00, 0x00, 0x00, 0x00, 0x00, 0x3F, 0xFF, 0xFF,
    0xFF, 0xFF, 0xFE, 0x00, 0x00, 0x00, 0x00, 0x00, 0x00, 0x00, 0x00, 0x00,
    0x00, 0x00, 0x00, 0x00, 0x00, 0x00, 0x00, 0x00, 0x00, 0x00, 0x00, 0x00,
    0x00, 0x7F, 0xFF, 0xFF, 0xFF, 0xFF, 0xFE, 0x00, 0x00, 0x00, 0x00, 0x00,
    0x00, 0x00, 0x00, 0x00, 0x00, 0x00, 0x00, 0x00, 0x00, 0x00, 0x00, 0x00,
    0x00, 0x00, 0x00, 0x00, 0x00, 0x7F, 0xFF, 0xFF, 0xFF, 0x2F, 0xFF, 0x00,
    0x00, 0x00, 0x00, 0x00, 0x00, 0x00, 0x00, 0x00, 0x00, 0x00, 0x00, 0x00,
    0x00, 0x00, 0x00, 0x00, 0x00, 0x00, 0x00, 0x00, 0x00, 0x7F, 0xFF, 0xFF,
    0xFE, 0x1F, 0xFF, 0x80, 0x00, 0x00, 0x00, 0x00, 0x00, 0x00, 0x00, 0x00,
    0x00, 0x00, 0x00, 0x00, 0x00, 0x00, 0x00, 0x00, 0x00, 0x00, 0x00, 0x00,
    0x00, 0x7F, 0xFF, 0xFF, 0xFE, 0x3F, 0xFF, 0x00, 0x00, 0x00, 0x00, 0x00,
    0x00, 0x00, 0x00, 0x00, 0x00, 0x00, 0x00, 0x00, 0x00, 0x00, 0x00, 0x00,
    0x00, 0x00, 0x00, 0x00, 0x00, 0x7F, 0xFF, 0xFF, 0xFF, 0x6F, 0xFF, 0x90,
    0x00, 0x00, 0x00, 0x00, 0x00, 0x00, 0x00, 0x00, 0x00, 0x00, 0x00, 0x00,
    0x00, 0x00, 0x00, 0x00, 0x00, 0x00, 0x00, 0x00, 0x00, 0x7F, 0xFF, 0xFF,
    0xFF, 0xFF, 0xFF, 0xF8, 0x00, 0x00, 0x00, 0x00, 0x00, 0x00, 0x00, 0x00,
    0x00, 0x00, 0x00, 0x00, 0x00, 0x00, 0x00, 0x00, 0x00, 0x00, 0x00, 0x00,
    0x00, 0x7F, 0xFF, 0xFF, 0xFF, 0xFF, 0xFF, 0xF0, 0x00, 0x00, 0x00, 0x00,
    0x00, 0x00, 0x00, 0x00, 0x00, 0x00, 0x00, 0x00, 0x00, 0x00, 0x00, 0x00,
    0x00, 0x00, 0x00, 0x00, 0x00, 0x7F, 0xFF, 0xFF, 0xFF, 0x07, 0xFF, 0xFC,
    0x00, 0x00, 0x00, 0x00, 0x00, 0x00, 0x00, 0x00, 0x00, 0x00, 0x00, 0x00,
    0x00, 0x00, 0x00, 0x00, 0x00, 0x00, 0x00, 0x00, 0x00, 0x7F, 0xFF, 0xFF,
    0xFE, 0x03, 0xFF, 0xFC, 0x00, 0x00, 0x00, 0x00, 0x00, 0x00, 0x00, 0x00,
    0x00, 0x00, 0x00, 0x00, 0x00, 0x00, 0x00, 0x00, 0x00, 0x00, 0x00, 0x00,
    0x00, 0x7F, 0xFF, 0xFF, 0xFE, 0x03, 0xFF, 0xF0, 0x00, 0x00, 0x00, 0x00,
    0x00, 0x00, 0x00, 0x00, 0x00, 0x00, 0x00, 0x00, 0x00, 0x00, 0x00, 0x00,
    0x00, 0x00, 0x00, 0x00, 0x00, 0x7F, 0xFF, 0xFF, 0xBE, 0x03, 0xFF, 0xF0,
    0x00, 0x00, 0x00, 0x00, 0x00, 0x00, 0x00, 0x00, 0x00, 0x00, 0x00, 0x00,
    0x00, 0x00, 0x00, 0x00, 0x00, 0x00, 0x00, 0x00, 0x00, 0x7F, 0xFF, 0xFF,
    0xE4, 0x09, 0x7F, 0xF0, 0x00, 0x00, 0x00, 0x00, 0x00, 0x00, 0x00, 0x00,
    0x00, 0x00, 0x00, 0x00, 0x00, 0x00, 0x00, 0x00, 0x00, 0x00, 0x00, 0x00,
    0x00, 0x7F, 0xFF, 0xFF, 0x60, 0x3B, 0x7C, 0xF0, 0x00, 0x00, 0x00, 0x00,
    0x00, 0x00, 0x00, 0x00, 0x00, 0x00, 0x00, 0x00, 0x00, 0x00, 0x00, 0x00,
    0x00, 0x00, 0x00, 0x00, 0x00, 0xFF, 0xFF, 0xFF, 0xC0, 0x7E, 0x7E, 0x82,
    0x80, 0x00, 0x00, 0x00, 0x00, 0x00, 0x00, 0x00, 0x00, 0x00, 0x00, 0x00,
    0x00, 0x00, 0x00, 0x00, 0x00, 0x00, 0x00, 0x00, 0x00, 0xFF, 0xFF, 0xFF,
    0xC5, 0xF8, 0xFE, 0x40, 0x80, 0x00, 0x00, 0x00, 0x00, 0x00, 0x00, 0x00,
    0x00, 0x00, 0x00, 0x00, 0x00, 0x00, 0x00, 0x00, 0x00, 0x00, 0x00, 0x00,
    0x00, 0xFF, 0xFF, 0xFF, 0xFB, 0xBD, 0x3E, 0xD0, 0x00, 0x00, 0x00, 0x00,
    0x00, 0x00, 0x00, 0x00, 0x00, 0x00, 0x00, 0x00, 0x00, 0x00, 0x00, 0x00,
    0x00, 0x00, 0x00, 0x00, 0x00, 0xFF, 0xFF, 0xFF, 0xFF, 0xFD, 0x7C, 0x00,
    0x80, 0x00, 0x00, 0x00, 0x00, 0x00, 0x00, 0x00, 0x00, 0x00, 0x00, 0x00,
    0x00, 0x00, 0x00, 0x00, 0x00, 0x00, 0x00, 0x00, 0x00, 0xFF, 0xFF, 0xFF,
    0xFF, 0xFF, 0xFF, 0x80, 0x80, 0x00, 0x00, 0x00, 0x00, 0x00, 0x00, 0x00,
    0x00, 0x00, 0x00, 0x00, 0x00, 0x00, 0x00, 0x00, 0x00, 0x00, 0x00, 0x00,
    0x00, 0xFF, 0xFF, 0xFF, 0xFF, 0xFF, 0xFF, 0xC4, 0x08, 0x00, 0x00, 0x00,
    0x00, 0x00, 0x00, 0x00, 0x00, 0x00, 0x00, 0x00, 0x00, 0x00, 0x00, 0x00,
    0x00, 0x00, 0x00, 0x00, 0x00, 0xFF, 0xFF, 0xFF, 0xFF, 0xFF, 0xF7, 0xC6,
    0x00, 0x00, 0x00, 0x00, 0x00, 0x00, 0x00, 0x00, 0x00, 0x00, 0x00, 0x00,
    0x00, 0x00, 0x00, 0x00, 0x00, 0x00, 0x00, 0x00, 0x01, 0xFF, 0xFF, 0xFF,
    0xFF, 0xFF, 0xFF, 0x04, 0x00, 0x00, 0x00, 0x00, 0x00, 0x00, 0x00, 0x00,
    0x00, 0x00, 0x00, 0x00, 0x00, 0x00, 0x00, 0x00, 0x00, 0x00, 0x00, 0x00,
    0x01, 0xFF, 0xFF, 0xFF, 0xFF, 0xFF, 0xFF, 0xE0, 0x20, 0x00, 0x00, 0x00,
    0x00, 0x00, 0x00, 0x00, 0x00, 0x00, 0x00, 0x00, 0x00, 0x00, 0x00, 0x00,
    0x00, 0x10, 0x00, 0x00, 0x00, 0xFF, 0xFF, 0xFF, 0xFF, 0xFF, 0xFF, 0xE0,
    0x00, 0x00, 0x00, 0x00, 0x00, 0x00, 0x00, 0x00, 0x00, 0x00, 0x00, 0x00,
    0x00, 0x00, 0x00, 0x00, 0x00, 0x10, 0x00, 0x00, 0x00, 0xFF, 0xFF, 0xFF,
    0xFF, 0xFF, 0xFF, 0xC8, 0x00, 0x00, 0x00, 0x00, 0x00, 0x00, 0x00, 0x00,
    0x00, 0x00, 0x00, 0x00, 0x00, 0x00, 0x00, 0x00, 0x00, 0x00, 0x00, 0x00,
    0x01, 0xFF, 0xFF, 0xFF, 0xFF, 0xFF, 0xFF, 0xEC, 0x00, 0x00, 0x00, 0x00,
    0x00, 0x00, 0x00, 0x00, 0x00, 0x00, 0x00, 0x00, 0x00, 0x00, 0x00, 0x00,
    0x30, 0x00, 0x00, 0x00, 0x01, 0xFF, 0xFF, 0xFF, 0xFF, 0xFF, 0xFF, 0xFA,
    0x00, 0x00, 0x00, 0x00, 0x00, 0x00, 0x00, 0x00, 0x00, 0x00, 0x00, 0x00,
    0x00, 0x00, 0x00, 0x00, 0x7C, 0x80, 0x00, 0x00, 0x01, 0xFF, 0xFF, 0xFF,
    0xFF, 0xFF, 0xFF, 0xF6, 0x10, 0x00, 0x00, 0x00, 0x00, 0x00, 0x00, 0x00,
    0x00, 0x00, 0x00, 0x00, 0x00, 0x00, 0x00, 0x00, 0x7C, 0x0E, 0x00, 0x00,
    0x01, 0xFC, 0xFF, 0xFF, 0xFF, 0xFF, 0xFF, 0xE1, 0x80, 0x00, 0x00, 0x00,
    0x00, 0x00, 0x00, 0x00, 0x00, 0x00, 0x00, 0x00, 0x00, 0x00, 0x00, 0x00,
    0x78, 0x5E, 0x00, 0x00, 0x01, 0xFC, 0x7F, 0xFF, 0xFF, 0xFF, 0xFF, 0xF9,
    0x80, 0x00, 0x00, 0x00, 0x00, 0x00, 0x00, 0x00, 0x00, 0x00, 0x00, 0x00,
    0x00, 0x00, 0x00, 0x03, 0x08, 0xE0, 0x00, 0x00, 0x01, 0xFC, 0xFF, 0xFF,
    0xFF, 0xFF, 0xFF, 0xF9, 0x80, 0x00, 0x00, 0x00, 0x00, 0x00, 0x00, 0x00,
    0x00, 0x00, 0x00, 0x00, 0x00, 0x00, 0x00, 0x63, 0x20, 0x00, 0x00, 0x00,
    0x01, 0xF9, 0xFF, 0xFF, 0xFF, 0xFF, 0xF3, 0x91, 0x80, 0x00, 0x00, 0x00,
    0x00, 0x00, 0x00, 0x00, 0x00, 0x00, 0x00, 0x00, 0x00, 0x00, 0x03, 0xF0,
    0x00, 0x00, 0x00, 0x00, 0x01, 0xFB, 0xDF, 0xFF, 0xFF, 0xFF, 0xE3, 0x80,
    0x00, 0x00, 0x00, 0x00, 0x00, 0x00, 0x00, 0x00, 0x00, 0x00, 0x00, 0x00,
    0x00, 0x00, 0x38, 0x00, 0x00, 0x00, 0x00, 0x00, 0x01, 0xFF, 0xDF, 0xFF,
    0xFF, 0xFF, 0xE1, 0x00, 0x00, 0x00, 0x00, 0x00, 0x00, 0x00, 0x00, 0x00,
    0x00, 0x00, 0x00, 0x00, 0x00, 0x00, 0x00, 0x00, 0x00, 0x00, 0x00, 0x00,
    0x01, 0xFF, 0x1F, 0xFF, 0xFF, 0xFF, 0xF8, 0x00, 0x00, 0x00, 0x00, 0x00,
    0x00, 0x00, 0x00, 0x00, 0x00, 0x00, 0x00, 0x00, 0x00, 0x00, 0x00, 0x00,
    0x00, 0x00, 0x00, 0x00, 0x01, 0xFF, 0x07, 0x3F, 0xFF, 0xFF, 0x9C, 0x00,
    0x00, 0x00, 0x00, 0x00, 0x00, 0x00, 0x00, 0x00, 0x00, 0x00, 0x00, 0x00,
    0x00, 0x00, 0x00, 0x00, 0x00, 0x00, 0x00, 0x00, 0x01, 0xFE, 0x00, 0x0F,
    0xEF, 0xFC, 0x3E, 0x00, 0x00, 0x70, 0x00, 0x00, 0x00, 0x00, 0x00, 0x00,
    0x00, 0x00, 0x00, 0x00, 0x00, 0x00, 0x00, 0x00, 0x00, 0x00, 0x00, 0x00,
    0x01, 0xFC, 0x04, 0x07, 0xFF, 0xFF, 0x00, 0x00, 0x00, 0xF0, 0x00, 0x00,
    0x00, 0x00, 0x10, 0x00, 0x00, 0x00, 0x00, 0x00, 0x00, 0x00, 0x00, 0x00,
    0x00, 0x00, 0x00, 0x00, 0x00, 0xFC, 0x0C, 0x0F, 0xFF, 0xFF, 0x00, 0x00,
    0x01, 0xF8, 0x00, 0x00, 0x7F, 0xF8, 0x00, 0x00, 0x00, 0x00, 0x00, 0x00,
    0x00, 0x00, 0x00, 0x00, 0x00, 0x00, 0x00, 0x00, 0x01, 0xFC, 0x1C, 0x0F,
    0xDF, 0xFD, 0x80, 0x00, 0x85, 0xFC, 0xE0, 0x0F, 0xFF, 0xE0, 0x00, 0x00,
    0x00, 0x00, 0x00, 0x00, 0x00, 0x00, 0x00, 0x00, 0x00, 0x00, 0x00, 0x00,
    0x01, 0xF8, 0x1C, 0xDD, 0xD0, 0xFE, 0x70, 0x01, 0xE7, 0xEF, 0xF7, 0xFD,
    0xFF, 0xE7, 0xC0, 0x00, 0x00, 0x00, 0x00, 0x00, 0x00, 0x00, 0x00, 0x00,
    0x00, 0x00, 0x00, 0x00, 0x01, 0xB8, 0x3C, 0xFF, 0xF3, 0xFF, 0xF8, 0x01,
    0xFF, 0xFF, 0xF3, 0xFF, 0xFF, 0xE0, 0xC0, 0x00, 0x00, 0x00, 0x00, 0x00,
    0x00, 0x00, 0x00, 0x00, 0x00, 0x00, 0x00, 0x00, 0x01, 0x98, 0x38, 0xFD,
    0xF7, 0xFF, 0xF8, 0x03, 0xFE, 0xF0, 0x00, 0xFB, 0xBF, 0x80, 0x00, 0x00,
    0x00, 0x00, 0x00, 0x00, 0x00, 0x00, 0x00, 0x00, 0x00, 0x00, 0x00, 0x00,
    0x00, 0x3E, 0x78, 0xFF, 0xFF, 0x0F, 0xF8, 0x53, 0xFC, 0x00, 0x00, 0x12,
    0x1F, 0xCC, 0x00, 0x00, 0x00, 0x00, 0x00, 0x00, 0x00, 0x00, 0x00, 0x00,
    0x00, 0x00, 0x80, 0x00, 0x00, 0x3E, 0x7D, 0xFF, 0xFC, 0x9F, 0x00, 0x3F,
    0xC0, 0x08, 0x00, 0x00, 0x6F, 0x80, 0x00, 0x00, 0x00, 0x00, 0x00, 0x00,
    0x00, 0x00, 0x00, 0x00, 0x00, 0x00, 0x80, 0x00, 0x00, 0x33, 0x7F, 0xFF,
    0xFC, 0xD0, 0x81, 0xF8, 0x00, 0x98, 0x00, 0x00, 0x2C, 0x00, 0x00, 0x00,
    0x00, 0x00, 0x00, 0x00, 0x00, 0x00, 0x00, 0x00, 0x00, 0x00, 0x00, 0x00,
    0x00, 0x70, 0x7F, 0xFF, 0xFD, 0xE0, 0xFD, 0xFC, 0x01, 0xBF, 0x80, 0x38,
    0x00, 0x00, 0x00, 0x00, 0x00, 0x00, 0x08, 0x00, 0x00, 0x00, 0x00, 0x00,
    0x00, 0x00, 0x00, 0x00, 0x00, 0x78, 0x61, 0xFF, 0xFF, 0xE5, 0xFC, 0x79,
    0x07, 0x7E, 0x80, 0x08, 0x00, 0x00, 0x00, 0x40, 0x00, 0x01, 0x00, 0x00,
    0x00, 0x00, 0x00, 0x00, 0x00, 0x00, 0x40, 0x00, 0x00, 0x78, 0x41, 0xFF,
    0xFF, 0xFC, 0x38, 0x60, 0x2F, 0x3E, 0x00, 0x00, 0x00, 0x00, 0x00, 0x00,
    0x00, 0xC8, 0x00, 0x00, 0x00, 0x00, 0x00, 0x00, 0x00, 0x00, 0x40, 0x00,
    0x00, 0xF0, 0xC3, 0x8F, 0xFF, 0xE0, 0xF8, 0x62, 0x3F, 0x3C, 0x18, 0x00,
    0x00, 0x00, 0x00, 0x00, 0x00, 0xFF, 0x00, 0x00, 0x00, 0x00, 0x00, 0x00,
    0x00, 0x00, 0x00, 0x00, 0x00, 0x20, 0xC7, 0x8E, 0xEE, 0x00, 0xFA, 0x40,
    0xFC, 0x80, 0x00, 0x00, 0x00, 0x00, 0x00, 0x4A, 0x01, 0xF8, 0x00, 0x00,
    0x00, 0x00, 0x00, 0x00, 0x00, 0x00, 0x00, 0x00, 0x00, 0x00, 0x8F, 0xDE,
    0x81, 0x11, 0x0E, 0x00, 0x00, 0x00, 0x00, 0x00, 0x10, 0x00, 0x00, 0x7F,
    0x10, 0x00, 0x00, 0x00, 0x00, 0x00, 0x00, 0x00, 0x00, 0x00, 0x00, 0x00,
    0x00, 0x01, 0x06, 0x5E, 0x00, 0x01, 0x11, 0x20, 0x23, 0x10, 0x00, 0x0D,
    0xFC, 0x00, 0x02, 0x1C, 0x00, 0x00, 0x00, 0x00, 0x00, 0x00, 0x00, 0x00,
    0x00, 0x00, 0x00, 0x00, 0x00, 0x00, 0x00, 0x3E, 0x07, 0xFB, 0x30, 0x00,
    0x03, 0x1E, 0x01, 0xC0, 0xC0, 0xC0, 0x01, 0x00, 0x00, 0x00, 0x00, 0x00,
    0x00, 0x06, 0x00, 0x00, 0x03, 0x58, 0x00, 0x00, 0x00, 0x00, 0x03, 0xBE,
    0x1F, 0xFF, 0xE0, 0x01, 0x4A, 0x39, 0x01, 0xEF, 0xC0, 0xF0, 0x00, 0x00,
    0x00, 0x00, 0x00, 0x00, 0x00, 0x03, 0x00, 0xC0, 0x03, 0x0C, 0x00, 0x00,
    0x00, 0x00, 0x07, 0xBC, 0x3F, 0xBF, 0xE0, 0x60, 0x3A, 0x0B, 0x19, 0xFF,
    0x92, 0x00, 0x00, 0x00, 0x00, 0x00, 0x00, 0x00, 0x00, 0x03, 0x81, 0xC0,
    0x01, 0x86, 0x00, 0x00, 0x00, 0x00, 0x03, 0x3C, 0x7E, 0x7F, 0xF4, 0x80,
    0x3E, 0x03, 0xFF, 0x7F, 0x80, 0x00, 0x00, 0x00, 0x00, 0x00, 0x00, 0x00,
    0x00, 0x01, 0x83, 0x80, 0x05, 0x87, 0x00, 0x00, 0x00, 0x00, 0x03, 0x7D,
    0xFD, 0x7F, 0xFE, 0x02, 0x74, 0x78, 0x4F, 0x78, 0x00, 0x00, 0x00, 0x00,
    0x00, 0x00, 0x00, 0x00, 0x00, 0x01, 0xC7, 0x04, 0x00, 0x47, 0x80, 0x00,
    0x00, 0x00, 0x00, 0x6D, 0xF9, 0xFF, 0xFF, 0x16, 0xC8, 0x00, 0x0F, 0x80,
    0x00, 0x00, 0x00, 0x00, 0x00, 0x00, 0x00, 0x00, 0x00, 0x00, 0xCF, 0x06,
    0x80, 0x23, 0xC0, 0x00, 0x00, 0x00, 0x06, 0x65, 0xF7, 0xFF, 0xFF, 0x3F,
    0xC6, 0x08, 0x1C, 0x00, 0x00, 0x00, 0x00, 0x00, 0x00, 0x00, 0x00, 0x00,
    0x00, 0x00, 0xEE, 0x06, 0xC0, 0x23, 0xC0, 0x00, 0x00, 0x00, 0x0E, 0x60,
    0xEF, 0xFF, 0xF7, 0xFF, 0xF4, 0x0C, 0x80, 0x00, 0x00, 0x00, 0x00, 0x00,
    0x00, 0x00, 0x00, 0x00, 0x00, 0x00, 0x6E, 0x0E, 0xC0, 0x13, 0xE0, 0x00,
    0x00, 0x03, 0x0F, 0xDD, 0xDF, 0xFF, 0xE6, 0xFF, 0xE0, 0x9C, 0x00, 0x00,
    0x00, 0x00, 0x00, 0x00, 0x00, 0x00, 0x00, 0x00, 0x00, 0x0C, 0x7C, 0x0E,
    0xC4, 0x11, 0xE0, 0x00, 0x00, 0x03, 0x0F, 0xDE, 0x3F, 0xFE, 0xF1, 0xFF,
    0xF3, 0x80, 0x00, 0x00, 0x00, 0x00, 0x00, 0x00, 0x00, 0x00, 0x00, 0x00,
    0x18, 0x0F, 0x3C, 0x0C, 0xC6, 0x09, 0xF0, 0x00, 0x00, 0x7F, 0xFF, 0x94,
    0x3F, 0xBD, 0x89, 0x4C, 0x70, 0x00, 0x00, 0x00, 0x00, 0x00, 0x00, 0x00,
    0x00, 0x00, 0x00, 0x00, 0x10, 0x07, 0x98, 0x00, 0x06, 0x08, 0xE0, 0x00,
    0x00, 0xFF, 0xFF, 0xF3, 0x38, 0x1D, 0xCB, 0x19, 0xE0, 0x00, 0x00, 0x00,
    0x00, 0x00, 0x00, 0x00, 0x00, 0x00, 0x00, 0x00, 0x10, 0x03, 0xD0, 0x40,
    0x07, 0x04, 0xE0, 0x00, 0x00, 0xFF, 0xFF, 0xF3, 0x30, 0x18, 0xDA, 0x41,
    0xA0, 0x40, 0x00, 0x00, 0x00, 0x00, 0x00, 0x00, 0x00, 0x00, 0x00, 0x00,
    0x00, 0x00, 0xF0, 0xC0, 0x03, 0x04, 0x70, 0x00, 0x00, 0xFF, 0xFF, 0xFE,
    0x18, 0x10, 0x0A, 0x01, 0xC8, 0xC0, 0x00, 0x00, 0x00, 0x00, 0x00, 0x00,
    0x00, 0x00, 0x00, 0x00, 0x84, 0x08, 0x31, 0x80, 0x03, 0xC4, 0x70, 0x00,
    0x00, 0xCF, 0xDF, 0xFE, 0x30, 0x00, 0x88, 0x00, 0xD0, 0xC0, 0x00, 0x00,
    0x00, 0x00, 0x00, 0x00, 0x00, 0x00, 0x00, 0x00, 0xE4, 0x0F, 0x13, 0x80,
    0x07, 0xF0, 0x70, 0x00, 0x00, 0xDF, 0xBE, 0xFE, 0x30, 0x00, 0x10, 0x00,
    0x40, 0x80, 0x00, 0x00, 0x00, 0x00, 0x00, 0x00, 0x00, 0x00, 0x06, 0x00,
    0xF0, 0x07, 0x83, 0x00, 0x03, 0x78, 0x30, 0x00, 0x00, 0x7F, 0xFC, 0xFC,
    0x20, 0x00, 0x10, 0x00, 0x00, 0x80, 0x00, 0x00, 0x00, 0x00, 0x00, 0x00,
    0x00, 0x00, 0x00, 0x00, 0x00, 0x06, 0x72, 0x00, 0x03, 0x3E, 0x30, 0x00,
    0x00, 0x7F, 0xF8, 0xF0, 0x00, 0x00, 0x00, 0x00, 0x00, 0x00, 0x00, 0x00,
    0x00, 0x00, 0x00, 0x00, 0x00, 0x00, 0x00, 0x00, 0x00, 0x02, 0x18, 0x00,
    0x00, 0x06, 0x10, 0x00, 0x00, 0x1E, 0xC0, 0x00, 0x30, 0x00, 0x00, 0x00,
    0x00, 0x00, 0x00, 0x00, 0x00, 0x00, 0x00, 0x00, 0x00, 0x00, 0x00, 0x00,
    0x00, 0x00, 0x00, 0x00, 0x00, 0x07, 0x10, 0x00, 0x00, 0x1C, 0x00, 0x00,
    0x00, 0x00, 0x00, 0x00, 0x00, 0x00, 0x00, 0x00, 0x00, 0x00, 0x00, 0x00,
    0x00, 0x00, 0x00, 0x00, 0x00, 0x00, 0x00, 0x00, 0x00, 0x00, 0x00, 0x00,
    0x00, 0x00, 0x00, 0x00, 0x00, 0x00, 0x00, 0x00, 0x00, 0x00, 0x00, 0x00,
    0x00, 0x00, 0x00, 0x00, 0x00, 0x00, 0x00, 0x00, 0x00, 0x00, 0x00, 0x00,
    0x00, 0x00, 0x00, 0x00, 0x00, 0x00, 0x00, 0x00, 0x00, 0x00, 0x00, 0x00,
    0x00, 0x00, 0x00, 0x00, 0x00, 0x00, 0x00, 0x00, 0x00, 0x00, 0x00, 0x00,
    0x00, 0x00, 0x00, 0x00, 0x00, 0x00, 0x00, 0x00, 0x00, 0x00, 0x00, 0x00,
    0x00, 0x00, 0x00, 0x00, 0x00, 0x00, 0x00, 0x00, 0x00, 0x00, 0x00, 0x00,
    0x00, 0x00, 0x00, 0x00, 0x00, 0x00, 0x00, 0x00, 0x00, 0x00, 0x00, 0x00,
    0x00, 0x00, 0x00, 0x00, 0x00, 0x00, 0x00, 0x00, 0x00, 0x00, 0x00, 0x00,
    0x00, 0x00, 0x00, 0x00, 0x00, 0x00, 0x00, 0x00, 0x00, 0x00, 0x00, 0x00,
    0x00, 0x00, 0x00, 0x00, 0x00, 0x00, 0x00, 0x00, 0x00, 0x00, 0x00, 0x00,
    0x00, 0x00, 0x00, 0x00, 0x00, 0x00, 0x00, 0x00, 0x00, 0x00, 0x00, 0x00,
    0x00, 0x00, 0x00, 0x00, 0x00, 0x00, 0x00, 0x00, 0x00, 0x00, 0x00, 0x00,
    0x00, 0x00, 0x00, 0x00, 0x00, 0x00, 0x00, 0x00, 0x00, 0x00, 0x00, 0x00,
    0x00, 0x00, 0x00, 0x00, 0x00, 0x00, 0x00, 0x00, 0x00, 0x00, 0x00, 0x00,
    0x00, 0x00, 0x00, 0x00, 0x00, 0x00, 0x00, 0x00, 0x00, 0x00, 0x00, 0x00,
    0x00, 0x00, 0x00, 0x00, 0x00, 0x00, 0x00, 0x00, 0x00, 0x00, 0x00, 0x00,
    0x00, 0x00, 0x00, 0x00,
};
static_assert(sizeof(clock_gallery_image_01) == CLOCK_GALLERY_IMAGE_BYTES_PER_ROW * CLOCK_GALLERY_IMAGE_HEIGHT,
              "clock_gallery_image_01 payload size mismatch");

// 星期二.png
static const uint8_t clock_gallery_image_02[] = {
    0x00, 0x00, 0x00, 0x00, 0x00, 0x00, 0x00, 0x00, 0x00, 0x00, 0x00, 0x00,
    0x00, 0x00, 0x00, 0x00, 0x00, 0x00, 0x00, 0x00, 0x00, 0x00, 0x00, 0x00,
    0x00, 0x00, 0x00, 0x00, 0x00, 0x00, 0x00, 0x00, 0x00, 0x00, 0x00, 0x00,
    0x00, 0x00, 0x00, 0x00, 0x00, 0x00, 0x00, 0x00, 0x00, 0x00, 0x00, 0x00,
    0x00, 0x00, 0x00, 0x00, 0x00, 0x00, 0x00, 0x00, 0x00, 0x00, 0x00, 0x00,
    0x00, 0x00, 0x00, 0x00, 0x00, 0x00, 0x00, 0x00, 0x00, 0x00, 0x00, 0x00,
    0x00, 0x00, 0x00, 0x00, 0x00, 0x00, 0x00, 0x00, 0x00, 0x00, 0x00, 0x00,
    0x00, 0x00, 0x00, 0x00, 0x00, 0x00, 0x00, 0x00, 0x00, 0x00, 0x00, 0x00,
    0x00, 0x00, 0x00, 0x00, 0x00, 0x00, 0x00, 0x00, 0x00, 0x00, 0x00, 0x00,
    0x00, 0x00, 0x00, 0x00, 0x00, 0x00, 0x00, 0x00, 0x00, 0x00, 0x00, 0x00,
    0x00, 0x00, 0x00, 0x00, 0x00, 0x00, 0x00, 0x00, 0x00, 0x00, 0x00, 0x00,
    0x00, 0x00, 0x00, 0x00, 0x00, 0x00, 0x00, 0x00, 0x00, 0x00, 0x00, 0x00,
    0x00, 0x00, 0x00, 0x00, 0x00, 0x00, 0x00, 0x00, 0x00, 0x00, 0x00, 0x00,
    0x00, 0x00, 0x00, 0x00, 0x00, 0x00, 0x00, 0x00, 0x00, 0x00, 0x00, 0x00,
    0x00, 0x00, 0x00, 0x00, 0x00, 0x00, 0x00, 0x00, 0x00, 0x00, 0x00, 0x00,
    0x00, 0x00, 0x00, 0x00, 0x00, 0x00, 0x00, 0x00, 0x00, 0x00, 0x00, 0x00,
    0x00, 0x00, 0x00, 0x00, 0x00, 0x00, 0x00, 0x00, 0x00, 0x00, 0x00, 0x00,
    0x00, 0x00, 0x00, 0x00, 0x00, 0x00, 0x00, 0x00, 0x00, 0x00, 0x00, 0x00,
    0x00, 0x00, 0x00, 0x00, 0x00, 0x00, 0x00, 0x00, 0x00, 0x00, 0x00, 0x00,
    0x00, 0x00, 0x00, 0x00, 0x00, 0x00, 0x00, 0x00, 0x00, 0x00, 0x00, 0x00,
    0x00, 0x00, 0x00, 0x00, 0x00, 0x00, 0x00, 0x00, 0x00, 0x00, 0x00, 0x00,
    0x00, 0x00, 0x00, 0x00, 0x00, 0x00, 0x00, 0x00, 0x00, 0x00, 0x00, 0x00,
    0x00, 0x00, 0x00, 0x00, 0x00, 0x00, 0x00, 0x00, 0x00, 0x00, 0x00, 0x00,
    0x00, 0x00, 0x00, 0x00, 0x00, 0x00, 0x00, 0x00, 0x00, 0x00, 0x00, 0x00,
    0x00, 0x00, 0x00, 0x00, 0x00, 0x00, 0x00, 0x00, 0x00, 0x00, 0x00, 0x00,
    0x00, 0x00, 0x00, 0x00, 0x00, 0x00, 0x00, 0x00, 0x00, 0x00, 0x00, 0x00,
    0x00, 0x00, 0x00, 0x00, 0x00, 0x00, 0x00, 0x00, 0x00, 0x00, 0x00, 0x00,
    0x00, 0x00, 0x00, 0x00, 0x00, 0x00, 0x00, 0x00, 0x00, 0x00, 0x00, 0x00,
    0x00, 0x00, 0x00, 0x00, 0x00, 0x00, 0x00, 0x00, 0x00, 0x00, 0x00, 0x00,
    0x00, 0x00, 0x00, 0x00, 0x00, 0x00, 0x00, 0x00, 0x00, 0x00, 0x00, 0x00,
    0x00, 0x00, 0x00, 0x00, 0x00, 0x00, 0x00, 0x00, 0x00, 0x00, 0x00, 0x00,
    0x00, 0x00, 0x00, 0x00, 0x00, 0x00, 0x00, 0x00, 0x00, 0x00, 0x00, 0x00,
    0x00, 0x00, 0x00, 0x00, 0x00, 0x00, 0x00, 0x00, 0x00, 0x00, 0x00, 0x00,
    0x00, 0x00, 0x00, 0x00, 0x00, 0x00, 0x00, 0x00, 0x00, 0x00, 0x00, 0x00,
    0x00, 0x00, 0x00, 0x00, 0x00, 0x00, 0x00, 0x00, 0x00, 0x00, 0x00, 0x00,
    0x00, 0x00, 0x00, 0x00, 0x00, 0x00, 0x00, 0x00, 0x00, 0x00, 0x00, 0x00,
    0x00, 0x00, 0x00, 0x00, 0x00, 0x00, 0x00, 0x00, 0x00, 0x00, 0x00, 0x00,
    0x00, 0x00, 0x00, 0x00, 0x00, 0x00, 0x20, 0xE0, 0x00, 0x00, 0x00, 0x00,
    0x00, 0x00, 0x00, 0x00, 0x00, 0x00, 0x00, 0x00, 0x00, 0x00, 0x00, 0x00,
    0x00, 0x00, 0x00, 0x00, 0x00, 0x00, 0x00, 0x00, 0x00, 0x00, 0x09, 0xC0,
    0x00, 0x00, 0x00, 0x00, 0x00, 0x00, 0x00, 0x00, 0x00, 0x00, 0x00, 0x00,
    0x00, 0x00, 0x00, 0x00, 0x00, 0x00, 0x00, 0x00, 0x00, 0x00, 0x00, 0x00,
    0x00, 0x00, 0xFF, 0x8E, 0x00, 0x00, 0x00, 0x00, 0x00, 0x00, 0x00, 0x00,
    0x00, 0x00, 0x00, 0x00, 0x00, 0x00, 0x00, 0x00, 0x00, 0x00, 0x00, 0x00,
    0x00, 0x00, 0x00, 0x00, 0x00, 0x01, 0xF7, 0x8F, 0x00, 0x00, 0x00, 0x00,
    0x00, 0x00, 0x00, 0x00, 0x00, 0x00, 0x00, 0x00, 0x00, 0x00, 0x00, 0x00,
    0x00, 0x00, 0x00, 0x00, 0x00, 0x00, 0x00, 0x00, 0x00, 0x00, 0xFF, 0xFF,
    0x00, 0x00, 0x00, 0x00, 0x00, 0x00, 0x00, 0x00, 0x00, 0x00, 0x00, 0x00,
    0x00, 0x00, 0x00, 0x00, 0x00, 0x00, 0x00, 0x00, 0x00, 0x00, 0x00, 0x00,
    0x00, 0x00, 0xFF, 0xFF, 0x02, 0x00, 0x00, 0x00, 0x00, 0x00, 0x00, 0x00,
    0x00, 0x00, 0x00, 0x00, 0x00, 0x00, 0x00, 0x00, 0x00, 0x00, 0x00, 0x00,
    0x00, 0x00, 0x00, 0x00, 0x00, 0x03, 0xFF, 0xFF, 0x84, 0x00, 0x00, 0x00,
    0x00, 0x00, 0x00, 0x00, 0x00, 0x00, 0x00, 0x00, 0x00, 0x00, 0x00, 0x00,
    0x00, 0x00, 0x00, 0x00, 0x00, 0x00, 0x00, 0x00, 0x00, 0x0B, 0xFF, 0xFF,
    0xD8, 0x00, 0x00, 0x00, 0x00, 0x00, 0x00, 0x00, 0x00, 0x00, 0x00, 0x00,
    0x00, 0x00, 0x00, 0x00, 0x00, 0x00, 0x00, 0x00, 0x00, 0x00, 0x00, 0x00,
    0x00, 0x1F, 0xFD, 0xFF, 0xD9, 0x80, 0x00, 0x00, 0x00, 0x00, 0x00, 0x18,
    0x00, 0x00, 0x00, 0x00, 0x00, 0x00, 0x00, 0x00, 0x00, 0x00, 0x00, 0x00,
    0x00, 0x00, 0x00, 0x00, 0x00, 0x0F, 0xFF, 0x7B, 0xC2, 0x00, 0x00, 0x00,
    0x00, 0x00, 0x0F, 0xFE, 0x00, 0x00, 0x00, 0x00, 0x00, 0x00, 0x00, 0x00,
    0x00, 0x00, 0x00, 0x00, 0x00, 0x00, 0x00, 0x00, 0x00, 0x0F, 0xFF, 0x79,
    0x81, 0x80, 0x00, 0x00, 0x00, 0x00, 0xFF, 0xFE, 0x00, 0x00, 0x00, 0x00,
    0x00, 0x00, 0x00, 0x00, 0x00, 0x00, 0x00, 0x00, 0x00, 0x00, 0x00, 0x00,
    0x00, 0x0F, 0xFF, 0xF9, 0x07, 0x80, 0x00, 0x00, 0x00, 0x0F, 0xFF, 0xFE,
    0x00, 0x00, 0x00, 0x00, 0x00, 0x00, 0x00, 0x00, 0x00, 0x00, 0x00, 0x00,
    0x00, 0x00, 0x00, 0x00, 0x00, 0x0F, 0xFF, 0xF7, 0x01, 0x80, 0x01, 0x80,
    0x00, 0x7F, 0xFF, 0xFC, 0x00, 0x00, 0x00, 0x00, 0x00, 0x00, 0x00, 0x00,
    0x00, 0x00, 0x00, 0x00, 0x00, 0x00, 0x00, 0x00, 0x00, 0x0F, 0xFF, 0xF7,
    0x03, 0x30, 0x01, 0xC0, 0x01, 0xFF, 0xFF, 0xC0, 0x00, 0x00, 0x00, 0x00,
    0x00, 0x10, 0x00, 0x00, 0x00, 0x00, 0x00, 0x00, 0x00, 0x00, 0x00, 0x00,
    0x00, 0x03, 0xFF, 0xFB, 0x0E, 0x40, 0x01, 0xC0, 0x07, 0xFF, 0xF8, 0x00,
    0x00, 0x00, 0x00, 0x00, 0x00, 0x3C, 0x00, 0x00, 0x00, 0x00, 0x00, 0x00,
    0x00, 0x00, 0x00, 0x00, 0x00, 0x03, 0xFF, 0xEF, 0x8C, 0x60, 0x01, 0xC0,
    0x0F, 0xFF, 0xF8, 0x00, 0x00, 0x00, 0x00, 0x00, 0x00, 0x3C, 0x00, 0x00,
    0x00, 0x00, 0x0C, 0x00, 0x00, 0x00, 0x00, 0x00, 0x00, 0x07, 0xFF, 0xFF,
    0x80, 0x62, 0x01, 0xC0, 0x0F, 0xFC, 0xF8, 0x00, 0x00, 0x00, 0x00, 0x00,
    0x00, 0x3C, 0x00, 0x00, 0x00, 0x00, 0x0E, 0x00, 0x00, 0x00, 0x00, 0x00,
    0x00, 0x07, 0xFF, 0xFE, 0x1A, 0x00, 0x00, 0xC4, 0x07, 0xE0, 0xF8, 0x00,
    0x00, 0x00, 0x00, 0x00, 0x00, 0x3C, 0x00, 0x00, 0x00, 0x00, 0x1E, 0x00,
    0x00, 0x00, 0x00, 0x00, 0x00, 0x0F, 0xFF, 0xFE, 0x00, 0x04, 0x00, 0xCE,
    0x00, 0x00, 0xF8, 0x00, 0x00, 0x00, 0x00, 0x00, 0x00, 0x7C, 0x00, 0x00,
    0x00, 0x00, 0x1E, 0x00, 0x00, 0x00, 0x00, 0x00, 0x00, 0x03, 0xFF, 0xFF,
    0x01, 0xC2, 0x00, 0x0E, 0x00, 0x00, 0xF8, 0x00, 0x00, 0x00, 0x00, 0x00,
    0x00, 0x7C, 0x00, 0x00, 0x00, 0x00, 0x0C, 0x00, 0x00, 0x00, 0x00, 0x00,
    0x00, 0x03, 0xFF, 0xFF, 0x81, 0xFA, 0x00, 0x4C, 0x00, 0x00, 0xF8, 0x00,
    0x00, 0x00, 0x00, 0x00, 0x00, 0x78, 0x00, 0x00, 0x00, 0x00, 0x0C, 0x00,
    0x00, 0x00, 0x00, 0x00, 0x00, 0x07, 0xFF, 0xFF, 0xE1, 0xD8, 0x0F, 0x0C,
    0x00, 0x00, 0xF8, 0x00, 0x00, 0x00, 0x00, 0x00, 0x00, 0x78, 0x00, 0x00,
    0x00, 0x00, 0x0C, 0x00, 0x00, 0x00, 0x00, 0x00, 0x00, 0x07, 0xFF, 0xFF,
    0xEF, 0x80, 0x07, 0x8C, 0x00, 0x01, 0xF8, 0x00, 0x00, 0x00, 0x00, 0x78,
    0x00, 0x78, 0x00, 0x00, 0x00, 0x00, 0xC8, 0x00, 0x00, 0x00, 0x00, 0x00,
    0x00, 0x07, 0xFF, 0xFF, 0xFF, 0x00, 0x03, 0xD8, 0x00, 0x01, 0xF8, 0x00,
    0x00, 0x03, 0x81, 0xFC, 0x00, 0x78, 0x02, 0x00, 0x00, 0x00, 0xE0, 0x00,
    0x00, 0x00, 0x00, 0x00, 0x00, 0x03, 0xFF, 0xFF, 0xFE, 0x00, 0x01, 0xD0,
    0x60, 0x01, 0xF8, 0x18, 0x00, 0x1F, 0xC3, 0xFE, 0x0F, 0xF8, 0x1F, 0x81,
    0x81, 0xC0, 0x61, 0x00, 0x00, 0x00, 0x00, 0x00, 0x00, 0x0F, 0xFF, 0xFF,
    0xFF, 0x00, 0x00, 0x18, 0x60, 0x01, 0xF8, 0x1C, 0x1C, 0x3F, 0xE3, 0xC6,
    0x1F, 0xF8, 0x3F, 0xC1, 0xC1, 0xC0, 0x63, 0x80, 0x00, 0x00, 0x00, 0x00,
    0x00, 0x0F, 0xFF, 0xFF, 0x3E, 0x00, 0x00, 0x08, 0x60, 0x00, 0xF8, 0x3C,
    0x1E, 0x3C, 0xE3, 0x80, 0x3F, 0xF8, 0x7D, 0xE3, 0xC3, 0xC0, 0x07, 0x00,
    0x00, 0x00, 0x00, 0x00, 0x00, 0x7F, 0xFF, 0xFF, 0x9E, 0x00, 0x00, 0x04,
    0xE0, 0x00, 0xF8, 0x3C, 0x1C, 0x78, 0xF3, 0xC0, 0x7C, 0x78, 0xF1, 0xE3,
    0xC3, 0xC0, 0x1E, 0x00, 0x00, 0x00, 0x00, 0x00, 0x00, 0x7F, 0xFF, 0xFD,
    0x07, 0x00, 0x00, 0x02, 0xE0, 0x00, 0xF8, 0x3C, 0x3C, 0x71, 0xE1, 0xF0,
    0x78, 0x78, 0xE1, 0xE3, 0x83, 0xC1, 0x10, 0x00, 0x00, 0x00, 0x00, 0x00,
    0x00, 0x7B, 0xFF, 0xFE, 0x07, 0x00, 0x00, 0x00, 0x60, 0x00, 0xF8, 0x3C,
    0x3C, 0x77, 0xE0, 0xF8, 0x70, 0x79, 0xE1, 0xC3, 0x87, 0xC3, 0xA0, 0x00,
    0x00, 0x00, 0x00, 0x00, 0x00, 0x71, 0xFF, 0xFF, 0x02, 0x00, 0x01, 0xFC,
    0x60, 0x00, 0xF8, 0x38, 0x7C, 0xFF, 0x80, 0x7C, 0xF0, 0xF9, 0xC3, 0xC3,
    0x87, 0xC3, 0xA0, 0x00, 0x00, 0x00, 0x00, 0x00, 0x00, 0x37, 0x9F, 0xFE,
    0x00, 0x00, 0x01, 0xFF, 0xC0, 0x00, 0xF8, 0x38, 0x7C, 0xFE, 0x00, 0x1E,
    0xF0, 0xF9, 0xC3, 0xC3, 0x8F, 0xC1, 0x06, 0x00, 0x00, 0x00, 0x00, 0x00,
    0x00, 0x0F, 0x9D, 0xFE, 0x00, 0x00, 0x00, 0xFF, 0xE0, 0x00, 0xF8, 0x38,
    0xFC, 0x70, 0x00, 0x0E, 0x71, 0xF9, 0xC7, 0xC3, 0x9F, 0xC1, 0xBE, 0x00,
    0x00, 0x00, 0x00, 0x00, 0x00, 0x07, 0x93, 0xEF, 0x00, 0x00, 0x00, 0x3C,
    0x10, 0x00, 0xF8, 0x39, 0xFC, 0x78, 0x77, 0x1E, 0x73, 0xF9, 0xEF, 0xE3,
    0xFF, 0xC1, 0xFC, 0x00, 0x00, 0x00, 0x00, 0x00, 0x00, 0x03, 0xBE, 0x6E,
    0x00, 0x00, 0x00, 0x00, 0x0C, 0x00, 0xF8, 0x3F, 0xFE, 0x7F, 0xF7, 0xFE,
    0x7F, 0xBC, 0xFE, 0xF9, 0xFB, 0x81, 0xF8, 0x00, 0x00, 0x00, 0x00, 0x00,
    0x00, 0x07, 0xFC, 0x28, 0x00, 0x00, 0x00, 0x00, 0x06, 0x00, 0xF8, 0x1F,
    0xDF, 0x3F, 0xE3, 0xFC, 0x3F, 0x3E, 0xFC, 0xF8, 0xF3, 0x86, 0x00, 0x00,
    0x00, 0x00, 0x00, 0x00, 0x00, 0x0F, 0xF1, 0x38, 0x00, 0x80, 0x00, 0x00,
    0x30, 0x00, 0xFC, 0x0F, 0x0F, 0x0F, 0x81, 0xF8, 0x0E, 0x1C, 0x30, 0x30,
    0x07, 0x84, 0x00, 0x00, 0x00, 0x00, 0x00, 0x00, 0x00, 0xCF, 0xE3, 0x2C,
    0x01, 0xE7, 0x00, 0x00, 0xF8, 0x00, 0xFC, 0x00, 0x00, 0x00, 0x00, 0x00,
    0x00, 0x00, 0x00, 0x00, 0x07, 0x80, 0x00, 0x00, 0x00, 0x00, 0x00, 0x00,
    0x00, 0xDF, 0xC3, 0x24, 0x01, 0xE5, 0x00, 0x00, 0xF0, 0x00, 0xFC, 0x00,
    0x00, 0x00, 0x00, 0x00, 0x00, 0x00, 0x00, 0x00, 0x07, 0x80, 0x00, 0x00,
    0x00, 0x00, 0x00, 0x00, 0x00, 0xFF, 0xC3, 0x80, 0x03, 0xE0, 0x80, 0x00,
    0x60, 0x40, 0xFC, 0x00, 0x00, 0x00, 0x00, 0x00, 0x00, 0x00, 0x00, 0x00,
    0x07, 0x0F, 0x00, 0x00, 0x00, 0x00, 0x00, 0x00, 0x00, 0x7F, 0xFB, 0xE0,
    0x07, 0xEC, 0x00, 0x00, 0x01, 0xE0, 0x78, 0x00, 0x00, 0x00, 0x00, 0x00,
    0x00, 0x00, 0x00, 0x00, 0x0F, 0x0F, 0x00, 0x00, 0x00, 0x00, 0x00, 0x00,
    0x00, 0x7F, 0xFF, 0xF2, 0x07, 0x90, 0x20, 0x00, 0x01, 0xE0, 0x00, 0x00,
    0x00, 0x01, 0xFF, 0xFF, 0xFC, 0x00, 0x00, 0x06, 0x0F, 0x00, 0x00, 0x00,
    0xC0, 0x00, 0x00, 0x00, 0x00, 0x7F, 0xFF, 0xFF, 0x83, 0xFA, 0x40, 0x00,
    0x00, 0xC0, 0x00, 0x00, 0x01, 0xFF, 0xFF, 0xF7, 0xFF, 0xF8, 0x00, 0x06,
    0x1E, 0x00, 0x00, 0x01, 0x80, 0x00, 0x00, 0x00, 0x00, 0x3F, 0xFF, 0xDF,
    0xCF, 0xFE, 0x40, 0xC0, 0x00, 0x00, 0x00, 0x00, 0x7F, 0xFE, 0x00, 0x00,
    0x00, 0x0F, 0x08, 0x07, 0xFE, 0x00, 0x00, 0x3D, 0x00, 0x00, 0x00, 0x00,
    0x00, 0x3F, 0xFF, 0x9F, 0xDF, 0xFF, 0xEE, 0x00, 0x00, 0x00, 0x00, 0x07,
    0xFF, 0x00, 0x00, 0x00, 0x00, 0x00, 0x08, 0x07, 0xFC, 0x00, 0x00, 0x02,
    0x00, 0x00, 0x00, 0x00, 0x00, 0x7F, 0xFF, 0xFE, 0x1F, 0xFE, 0xFE, 0x00,
    0x00, 0x00, 0x00, 0x1F, 0xE0, 0x00, 0x00, 0x00, 0x00, 0x00, 0x00, 0x03,
    0xF8, 0x00, 0x00, 0x00, 0x00, 0x00, 0x00, 0x00, 0x00, 0x7F, 0xE1, 0xFE,
    0x2F, 0xFF, 0xFE, 0x00, 0x00, 0x00, 0x00, 0x00, 0x00, 0x00, 0x00, 0x00,
    0x00, 0x00, 0x00, 0x00, 0x00, 0x00, 0x00, 0x00, 0x00, 0x00, 0x00, 0x00,
    0x00, 0x7F, 0xF9, 0xFF, 0xFF, 0xFF, 0xFF, 0xC0, 0x00, 0x00, 0x00, 0x00,
    0x00, 0x00, 0x00, 0x00, 0x00, 0x00, 0x00, 0x00, 0x00, 0x00, 0x00, 0x00,
    0x00, 0x00, 0x00, 0x00, 0x00, 0x7B, 0xFD, 0xE7, 0xFF, 0xFF, 0xFF, 0xC0,
    0x00, 0x00, 0x00, 0x00, 0x00, 0x00, 0x00, 0x00, 0x00, 0x00, 0x00, 0x00,
    0x00, 0x00, 0x00, 0x00, 0x00, 0x00, 0x00, 0x00, 0x00, 0xF3, 0xCC, 0x87,
    0xFF, 0x7F, 0xFF, 0x80, 0x00, 0x00, 0x00, 0x00, 0x00, 0x00, 0x00, 0x00,
    0x00, 0x00, 0x00, 0x00, 0x00, 0x00, 0x00, 0x00, 0x00, 0x00, 0x00, 0x00,
    0x00, 0xB0, 0x77, 0x83, 0xDF, 0xFF, 0xFD, 0x80, 0x00, 0x00, 0x00, 0x00,
    0x00, 0x00, 0x00, 0x00, 0x00, 0x00, 0x00, 0x00, 0x00, 0x00, 0x00, 0x00,
    0x00, 0x00, 0x00, 0x00, 0x00, 0x00, 0xFF, 0x81, 0xFF, 0xFF, 0xFC, 0x00,
    0x00, 0x00, 0x00, 0x00, 0x00, 0x00, 0x00, 0x00, 0x00, 0x00, 0x00, 0x00,
    0x00, 0x00, 0x00, 0x00, 0x18, 0x60, 0x00, 0x00, 0x00, 0x02, 0xFF, 0x8F,
    0x7F, 0xFF, 0xFC, 0xC0, 0x00, 0x00, 0x00, 0x00, 0x00, 0x00, 0x00, 0x00,
    0x00, 0x00, 0x00, 0x00, 0x00, 0x00, 0x00, 0x00, 0x05, 0x80, 0x00, 0x00,
    0x00, 0x03, 0x7F, 0xFF, 0x7F, 0xFF, 0xFE, 0x60, 0x00, 0x00, 0x7F, 0xFC,
    0x00, 0x00, 0x00, 0x00, 0x00, 0x00, 0x00, 0x00, 0x00, 0x00, 0x00, 0x00,
    0x03, 0x00, 0x00, 0x00, 0x00, 0x03, 0x1F, 0xFF, 0xFF, 0xFF, 0xFC, 0xE0,
    0x00, 0x3F, 0xFF, 0xFF, 0x80, 0x00, 0x00, 0xE0, 0x00, 0x00, 0x00, 0x00,
    0x00, 0x00, 0x00, 0x00, 0x00, 0x00, 0x00, 0x00, 0x01, 0x89, 0xDF, 0xFF,
    0xFF, 0xFF, 0xF8, 0xF8, 0x01, 0xFF, 0xFF, 0xFF, 0xC0, 0x07, 0x00, 0xF0,
    0x00, 0x00, 0x00, 0x00, 0x00, 0x00, 0x00, 0x00, 0x00, 0x00, 0x00, 0x00,
    0x01, 0x09, 0xFF, 0xFF, 0xFF, 0xFF, 0xE0, 0x18, 0x01, 0xFF, 0xFF, 0xFF,
    0xC0, 0x0F, 0x00, 0xF0, 0x3F, 0xF8, 0x00, 0x00, 0x00, 0x00, 0x00, 0x00,
    0x00, 0x00, 0x00, 0x00, 0x00, 0x0F, 0xFF, 0xFF, 0xFF, 0xFF, 0xE0, 0x00,
    0x03, 0xFC, 0x00, 0x07, 0xC0, 0x0F, 0x81, 0xF0, 0xFF, 0xFC, 0x00, 0x00,
    0x00, 0x00, 0x00, 0x05, 0x00, 0x00, 0x00, 0x00, 0x00, 0x1F, 0xFF, 0xFF,
    0xFF, 0xF7, 0xF0, 0x00, 0x03, 0xE0, 0x00, 0x07, 0xC0, 0x0F, 0x81, 0xF0,
    0xFF, 0xFE, 0x00, 0x00, 0x00, 0x00, 0x00, 0x02, 0x00, 0x00, 0x00, 0x00,
    0x00, 0x3F, 0xFF, 0xFF, 0xFF, 0xF3, 0x20, 0x00, 0x03, 0xE0, 0x00, 0x07,
    0xC0, 0x0F, 0xFF, 0xFC, 0xFF, 0xFF, 0x00, 0x00, 0x00, 0x00, 0x00, 0x00,
    0x00, 0x00, 0x00, 0x00, 0x00, 0x7F, 0xFF, 0xFF, 0xFF, 0xF8, 0x00, 0x00,
    0x03, 0xE0, 0x00, 0x07, 0xC0, 0xFF, 0xFF, 0xFE, 0xF8, 0x1F, 0x00, 0x00,
    0x00, 0x00, 0x00, 0x00, 0x00, 0x00, 0x00, 0x00, 0x00, 0x7F, 0xFF, 0xFF,
    0xFF, 0xF0, 0xA0, 0x00, 0x03, 0xFF, 0xFF, 0xF7, 0xC1, 0xFF, 0xFF, 0xFE,
    0xF0, 0x1F, 0x00, 0x00, 0x00, 0x00, 0x00, 0x00, 0x00, 0x00, 0x00, 0x00,
    0x00, 0x7F, 0xFF, 0xFF, 0xFF, 0xF0, 0xE0, 0x00, 0x03, 0xFF, 0xFF, 0xF7,
    0xC1, 0xFF, 0xFF, 0xFC, 0xF8, 0x1F, 0x00, 0x00, 0x00, 0x00, 0x00, 0x00,
    0x00, 0x00, 0x00, 0x00, 0x00, 0x3F, 0xFF, 0xFF, 0xFF, 0xF8, 0x61, 0x00,
    0x03, 0xFF, 0xFF, 0xE7, 0xC0, 0xFF, 0xF9, 0xF0, 0xF8, 0x1F, 0x00, 0x03,
    0xFF, 0xFE, 0x00, 0x00, 0x00, 0x00, 0x00, 0x00, 0x00, 0x1F, 0xFF, 0xFF,
    0xFF, 0xF8, 0x41, 0x00, 0x03, 0xFC, 0x00, 0x07, 0xC0, 0x0F, 0x81, 0xF0,
    0xF8, 0x1F, 0x00, 0x3F, 0xFF, 0xFF, 0x00, 0x00, 0x00, 0x00, 0x00, 0x00,
    0x00, 0x1F, 0xFF, 0xFF, 0xFF, 0xF8, 0xC4, 0x80, 0x03, 0xE0, 0x00, 0x07,
    0xC0, 0x0F, 0x81, 0xF0, 0xF8, 0x1F, 0x00, 0x7F, 0xFF, 0xFF, 0x00, 0x00,
    0x00, 0x00, 0x00, 0x00, 0x00, 0xFF, 0xFF, 0xFF, 0xFF, 0xFE, 0xFC, 0x40,
    0x03, 0xF0, 0x00, 0x0F, 0xC0, 0x0F, 0x81, 0xF0, 0xF8, 0x0F, 0x00, 0x7F,
    0xFF, 0xFF, 0x00, 0x00, 0x00, 0x00, 0x00, 0x00, 0x01, 0xFF, 0xFF, 0xFF,
    0xFF, 0xFE, 0xFC, 0x00, 0x03, 0xF0, 0x00, 0x0F, 0xC0, 0x0F, 0x81, 0xF0,
    0xFB, 0xFF, 0x00, 0x7F, 0xFF, 0xFE, 0x00, 0x00, 0x00, 0x00, 0x00, 0x00,
    0x01, 0xFF, 0xFF, 0xFF, 0xFF, 0xFF, 0xFC, 0x00, 0x03, 0xFF, 0xFF, 0xFF,
    0x80, 0x0F, 0xFF, 0xF0, 0xFF, 0xFF, 0x00, 0x7F, 0xF8, 0x00, 0x00, 0x00,
    0x00, 0x00, 0x00, 0x00, 0x01, 0xFF, 0xFF, 0xFF, 0xFF, 0xFF, 0xFA, 0x00,
    0x01, 0xFF, 0xFF, 0xFF, 0x80, 0x0F, 0xFF, 0xF0, 0xFF, 0xFF, 0x00, 0x00,
    0x00, 0x00, 0x00, 0x00, 0x00, 0x00, 0x00, 0x00, 0x01, 0xFF, 0xFD, 0xFF,
    0xFF, 0xFF, 0xF6, 0x80, 0x01, 0xFF, 0xFF, 0xFF, 0x00, 0x0F, 0xFF, 0xF0,
    0xFF, 0xFF, 0x00, 0x00, 0x00, 0x00, 0x00, 0x00, 0x00, 0x00, 0x00, 0x00,
    0x00, 0xFE, 0x79, 0xFF, 0xFF, 0xFF, 0xFF, 0x98, 0x00, 0xFF, 0xFF, 0xFE,
    0x00, 0x0F, 0xC1, 0xF0, 0xF8, 0x0F, 0x80, 0x00, 0x00, 0x00, 0x00, 0x00,
    0x00, 0x00, 0x00, 0x00, 0x00, 0x7C, 0x7B, 0xFF, 0xFF, 0xFF, 0xFF, 0x90,
    0x00, 0x00, 0x00, 0x00, 0x00, 0x0F, 0x81, 0xF0, 0xF8, 0x0F, 0x00, 0x00,
    0x00, 0x00, 0x00, 0x00, 0x00, 0x00, 0x00, 0x00, 0x00, 0x7D, 0x33, 0xFF,
    0xFF, 0xFF, 0xFE, 0xF0, 0x00, 0x38, 0x0F, 0x00, 0x00, 0x0F, 0x81, 0xF0,
    0xF8, 0x0F, 0x80, 0x00, 0x00, 0x00, 0x00, 0x00, 0x00, 0x00, 0x00, 0x00,
    0x00, 0x7F, 0x03, 0xF7, 0xFF, 0xDF, 0xFF, 0xD0, 0x00, 0x7C, 0x0F, 0x00,
    0x00, 0x0F, 0x9F, 0xF0, 0xF8, 0x0F, 0x80, 0x00, 0x00, 0x00, 0x00, 0x00,
    0x00, 0x00, 0x00, 0x00, 0x01, 0xFD, 0x03, 0xB3, 0xFF, 0xFF, 0xFE, 0xD0,
    0x00, 0xFC, 0x0F, 0x80, 0x00, 0x0F, 0xFF, 0xF0, 0xF8, 0x0F, 0x80, 0x00,
    0x00, 0x00, 0x00, 0x00, 0x00, 0x00, 0x00, 0x00, 0x01, 0xFC, 0x87, 0x07,
    0xFF, 0xFD, 0xCC, 0x60, 0x01, 0xF8, 0x1F, 0xFF, 0x00, 0x0F, 0xFF, 0xF0,
    0xF8, 0x0F, 0x80, 0x00, 0x00, 0x00, 0x00, 0x00, 0x00, 0x00, 0x00, 0x00,
    0x01, 0xF9, 0x8E, 0x7F, 0xFF, 0xFE, 0xC0, 0x00, 0x01, 0xFF, 0xFF, 0xFF,
    0xC0, 0x0F, 0xFD, 0xF0, 0xF8, 0x1F, 0x80, 0x00, 0x00, 0x00, 0x00, 0x00,
    0x00, 0x00, 0x00, 0x00, 0x01, 0xF8, 0x1F, 0xEF, 0xFF, 0xEE, 0x20, 0x00,
    0x03, 0xFF, 0xFF, 0xFF, 0xC0, 0x07, 0x81, 0xF0, 0xFF, 0xFF, 0x80, 0x00,
    0x00, 0x00, 0x00, 0x00, 0x00, 0x00, 0x00, 0x00, 0x01, 0xF8, 0x3F, 0x8F,
    0xFF, 0xF0, 0x00, 0x00, 0x07, 0xFF, 0xFF, 0xFF, 0x80, 0x07, 0x81, 0xF0,
    0xFF, 0xFF, 0x80, 0x00, 0x00, 0x00, 0x00, 0x00, 0x00, 0x00, 0x00, 0x00,
    0x01, 0xF8, 0x7E, 0x07, 0xFF, 0xFE, 0x00, 0x00, 0x07, 0xFF, 0xFF, 0x80,
    0x00, 0x07, 0x80, 0xF0, 0xFF, 0xFF, 0x80, 0x00, 0x07, 0xFF, 0xF8, 0x00,
    0x00, 0x00, 0x00, 0x00, 0x01, 0xF8, 0xF8, 0x23, 0xFF, 0xFE, 0x00, 0x00,
    0x0F, 0xC0, 0x0F, 0x80, 0x00, 0x07, 0x87, 0xFC, 0xFF, 0xDF, 0x80, 0x1F,
    0xFF, 0xFF, 0xFC, 0x00, 0x00, 0x00, 0x00, 0x00, 0x01, 0xD1, 0xF0, 0xFF,
    0xFF, 0xFE, 0x00, 0x00, 0x0F, 0x80, 0x1F, 0x80, 0x00, 0x7F, 0xFF, 0xFE,
    0xF0, 0x0F, 0x83, 0xFF, 0xFF, 0xFF, 0xFE, 0x00, 0x00, 0x00, 0x00, 0x00,
    0x01, 0x91, 0xE0, 0x7F, 0xFF, 0xFC, 0xC0, 0x00, 0x1F, 0x00, 0x0F, 0x80,
    0x00, 0xFF, 0xFF, 0xFE, 0xF0, 0x0F, 0x87, 0xFF, 0xFF, 0xFF, 0xFC, 0x00,
    0x00, 0x00, 0x00, 0x00, 0x01, 0x33, 0xC0, 0x3F, 0xFF, 0xFE, 0xE0, 0x00,
    0x0E, 0x07, 0xFF, 0xFF, 0x01, 0xFF, 0xFF, 0xFE, 0xF0, 0x0F, 0x8F, 0xFF,
    0xFF, 0xFF, 0xFC, 0x00, 0x00, 0x00, 0x00, 0x00, 0x00, 0x77, 0xC0, 0x0F,
    0xBE, 0x7F, 0xE0, 0x00, 0x00, 0x3F, 0xFF, 0xFF, 0x00, 0xFF, 0xFF, 0xF8,
    0xF0, 0x0F, 0x87, 0xFF, 0xFF, 0xFF, 0xF0, 0x00, 0x00, 0x00, 0x00, 0x00,
    0x00, 0xFF, 0x80, 0x1E, 0x9F, 0x3F, 0x80, 0x00, 0x00, 0x3F, 0xFF, 0xFF,
    0x00, 0x71, 0x00, 0x01, 0xF0, 0x0F, 0x87, 0xFF, 0x80, 0x00, 0x00, 0x00,
    0x00, 0x00, 0x00, 0x00, 0x00, 0x7F, 0x00, 0x6C, 0x1F, 0xFF, 0x80, 0x00,
    0x00, 0x3F, 0xFF, 0xFC, 0x00, 0x03, 0xC1, 0xC1, 0xF0, 0x0F, 0x80, 0x00,
    0x00, 0x00, 0x00, 0x00, 0x00, 0x00, 0x00, 0x00, 0x00, 0x3E, 0x00, 0x0E,
    0x1F, 0x3F, 0xC8, 0x00, 0x00, 0x00, 0x1F, 0x80, 0x00, 0x07, 0xC3, 0xE1,
    0xF0, 0x0F, 0x80, 0x00, 0x00, 0x00, 0x00, 0x00, 0x00, 0x00, 0x00, 0x00,
    0x00, 0x7E, 0x00, 0x04, 0x3E, 0x07, 0xC8, 0x00, 0x00, 0x00, 0x1F, 0x80,
    0x00, 0x07, 0xC3, 0xE1, 0xF0, 0x0F, 0x80, 0x00, 0x00, 0x00, 0x00, 0x00,
    0x00, 0x00, 0x00, 0x00, 0x00, 0x7C, 0x00, 0x00, 0x30, 0x34, 0x00, 0x00,
    0x00, 0x00, 0x0F, 0x80, 0x00, 0x0F, 0xC1, 0xF1, 0xE0, 0x0F, 0x80, 0x00,
    0x00, 0x00, 0x00, 0x00, 0x00, 0x00, 0x00, 0x00, 0x00, 0xFC, 0x00, 0x00,
    0x30, 0x04, 0x00, 0x00, 0x00, 0x00, 0x1F, 0xFF, 0xF8, 0x1F, 0x81, 0xF9,
    0xE0, 0x7F, 0x00, 0x00, 0x00, 0x00, 0x00, 0x00, 0x00, 0x00, 0x00, 0x00,
    0x00, 0xFC, 0x00, 0x02, 0x08, 0x00, 0x00, 0x00, 0x01, 0xFF, 0xFF, 0xFF,
    0xFC, 0x1F, 0x00, 0xFB, 0xE0, 0xFF, 0x00, 0x00, 0x00, 0x00, 0x00, 0x00,
    0x00, 0x00, 0x00, 0x00, 0x00, 0xF8, 0x00, 0x02, 0x18, 0x00, 0x00, 0x00,
    0x0F, 0xFF, 0xFF, 0xFF, 0xFE, 0x3E, 0x00, 0x7B, 0xE0, 0xFF, 0x00, 0x00,
    0x00, 0x00, 0x00, 0x00, 0x00, 0x00, 0x00, 0x00, 0x00, 0xF8, 0x00, 0x00,
    0x00, 0x00, 0x00, 0x00, 0x1F, 0xFF, 0xFF, 0xFF, 0xFC, 0x3E, 0x00, 0x33,
    0xC0, 0xFF, 0x00, 0x00, 0x00, 0x00, 0x00, 0x00, 0x00, 0x00, 0x00, 0x00,
    0x01, 0xF8, 0x00, 0x00, 0x00, 0x00, 0x00, 0x00, 0x0F, 0xFF, 0xFF, 0xFF,
    0xFC, 0x1C, 0x00, 0x01, 0x80, 0x3E, 0x00, 0x00, 0x00, 0x00, 0x00, 0x00,
    0x00, 0x00, 0x00, 0x00, 0x01, 0xF0, 0x00, 0x00, 0x00, 0x00, 0x00, 0x00,
    0x07, 0xE0, 0x00, 0x00, 0x00, 0x00, 0x00, 0x00, 0x00, 0x00, 0x00, 0x00,
    0x00, 0x00, 0x00, 0x00, 0x00, 0x00, 0x00, 0x00, 0x01, 0xF0, 0x00, 0x00,
    0x00, 0x00, 0x00, 0x00, 0x00, 0x00, 0x00, 0x00, 0x00, 0x00, 0x00, 0x00,
    0x00, 0x00, 0x00, 0x00, 0x00, 0x00, 0x00, 0x00, 0x00, 0x00, 0x00, 0x00,
    0x01, 0xF0, 0x20, 0x00, 0x00, 0x00, 0x00, 0x00, 0x00, 0x00, 0x00, 0x00,
    0x00, 0x00, 0x00, 0x00, 0x00, 0x00, 0x00, 0x00, 0x00, 0x00, 0x00, 0x00,
    0x00, 0x00, 0x00, 0x00, 0x01, 0xF0, 0x3D, 0x00, 0x00, 0x00, 0x00, 0x00,
    0x00, 0x00, 0x00, 0x00, 0x00, 0x00, 0x00, 0x00, 0x00, 0x00, 0x00, 0x00,
    0x00, 0x00, 0x00, 0x00, 0x00, 0x00, 0x00, 0x00, 0x00, 0xD0, 0x3F, 0xC0,
    0x07, 0x00, 0x00, 0x00, 0x00, 0x00, 0x00, 0x00, 0x00, 0x00, 0x00, 0x00,
    0x00, 0x00, 0x00, 0x00, 0x00, 0x00, 0x00, 0x00, 0x00, 0x00, 0x00, 0x00,
    0x00, 0xE2, 0x3F, 0xC0, 0x64, 0x00, 0x00, 0x00, 0x00, 0x00, 0x00, 0x00,
    0x00, 0x00, 0x00, 0x00, 0x00, 0x00, 0x00, 0x00, 0x00, 0x00, 0x00, 0x00,
    0x00, 0x00, 0x00, 0x00, 0x00, 0xF3, 0x17, 0x80, 0x60, 0x00, 0x00, 0x00,
    0x00, 0x00, 0x00, 0x00, 0x00, 0x00, 0x00, 0x00, 0x00, 0x00, 0x00, 0x00,
    0x00, 0x00, 0x00, 0x00, 0x00, 0x00, 0x00, 0x00, 0x00, 0xF3, 0x7F, 0x80,
    0x60, 0x07, 0x20, 0x00, 0x00, 0x00, 0x00, 0x00, 0x00, 0x00, 0x00, 0x00,
    0x00, 0x00, 0x00, 0x00, 0x00, 0x00, 0x00, 0x00, 0x02, 0x00, 0x00, 0x00,
    0x00, 0xB3, 0xFF, 0xF2, 0x00, 0x0F, 0x00, 0x00, 0x00, 0x00, 0x00, 0x00,
    0x00, 0x00, 0x00, 0x00, 0x00, 0x00, 0x00, 0x00, 0x00, 0x00, 0x00, 0x00,
    0x02, 0x00, 0x00, 0x00, 0x00, 0x03, 0xFF, 0xE6, 0x00, 0x00, 0x06, 0x00,
    0x00, 0x00, 0x00, 0x00, 0x00, 0x00, 0x00, 0x00, 0x00, 0x00, 0x00, 0x00,
    0x06, 0x00, 0x00, 0x00, 0x02, 0x00, 0x00, 0x00, 0x00, 0x1F, 0xFE, 0x7F,
    0x80, 0x02, 0x43, 0x00, 0x00, 0x00, 0x00, 0x00, 0x00, 0x00, 0x00, 0x00,
    0x00, 0x00, 0x00, 0x00, 0x06, 0x00, 0x00, 0x01, 0x07, 0x00, 0x00, 0x00,
    0x00, 0x1F, 0xFE, 0x7F, 0x80, 0x00, 0x00, 0x00, 0x00, 0x00, 0x00, 0x00,
    0x00, 0x00, 0x00, 0x00, 0x00, 0x00, 0x00, 0x00, 0x06, 0x00, 0x00, 0x03,
    0x87, 0x04, 0x00, 0x00, 0x00, 0x1F, 0xFF, 0xFF, 0x40, 0x00, 0x00, 0x00,
    0x00, 0x00, 0x00, 0x00, 0x00, 0x00, 0x00, 0x00, 0x00, 0x00, 0x00, 0x00,
    0x0F, 0x00, 0x01, 0x03, 0x87, 0x1E, 0x00, 0x00, 0x00, 0xBF, 0xFC, 0xFB,
    0xC0, 0x40, 0x00, 0x00, 0x00, 0x00, 0x00, 0x00, 0x00, 0x00, 0x00, 0x00,
    0x00, 0x00, 0x00, 0x00, 0x0E, 0x04, 0x07, 0xFF, 0xE7, 0x9E, 0x00, 0x00,
    0x00, 0xFF, 0xFF, 0xFF, 0x00, 0x00, 0x0C, 0x00, 0x00, 0x00, 0x00, 0x00,
    0x00, 0x00, 0x00, 0x00, 0x00, 0x00, 0x00, 0x02, 0x1F, 0x9F, 0x07, 0xFF,
    0xEF, 0x9E, 0x00, 0x00, 0x00, 0x3F, 0xFF, 0xFF, 0x8E, 0x40, 0x00, 0x00,
    0x00, 0x00, 0x00, 0x00, 0x00, 0x00, 0x00, 0x00, 0x00, 0x00, 0x00, 0x02,
    0x1F, 0x1F, 0x87, 0xFF, 0xEF, 0xBE, 0x00, 0x00, 0x00, 0x3F, 0xFF, 0xFF,
    0x3F, 0xF0, 0x00, 0x00, 0x00, 0x00, 0x00, 0x00, 0x00, 0x00, 0x00, 0x00,
    0x00, 0x08, 0x00, 0x03, 0x0F, 0x7F, 0x9F, 0xEF, 0xFF, 0xFF, 0x80, 0x00,
    0x00, 0x3F, 0xFF, 0xFC, 0xFF, 0xF1, 0x80, 0x00, 0x00, 0x00, 0x00, 0x00,
    0x00, 0x00, 0x00, 0x00, 0x00, 0x00, 0x00, 0x07, 0x1F, 0xFF, 0xBF, 0xE7,
    0xFF, 0xFF, 0xC0, 0x00, 0x00, 0x3F, 0xFF, 0xFE, 0xFB, 0xFF, 0xC0, 0x00,
    0x00, 0x00, 0x00, 0x00, 0x00, 0x00, 0x00, 0x00, 0x00, 0x00, 0x00, 0x07,
    0x3F, 0xFF, 0xFF, 0xD3, 0xFF, 0xFF, 0xC0, 0x00, 0x00, 0x1F, 0xFF, 0xED,
    0x7F, 0x7F, 0xC0, 0x06, 0x00, 0x00, 0x00, 0x00, 0x00, 0x00, 0x00, 0x00,
    0x00, 0x00, 0x08, 0x07, 0xDF, 0xFF, 0xFF, 0x99, 0xFF, 0xFF, 0xC0, 0x00,
    0x00, 0x1F, 0xFF, 0xF3, 0xFF, 0x3F, 0xD8, 0x7E, 0x00, 0x00, 0x00, 0x00,
    0x00, 0x00, 0x00, 0x00, 0x00, 0x00, 0x3E, 0x17, 0xBF, 0xFF, 0xFF, 0x07,
    0xFF, 0xFF, 0xC0, 0x00, 0x00, 0x1F, 0xFF, 0xF3, 0xFF, 0x7F, 0xF8, 0xFF,
    0x80, 0x00, 0x00, 0x00, 0x00, 0x00, 0x00, 0x00, 0x06, 0x00, 0x3E, 0x3F,
    0xFF, 0xFF, 0x89, 0x07, 0xFF, 0xFF, 0xE0, 0x00, 0x00, 0x1F, 0xFF, 0xF7,
    0xFF, 0xFF, 0xFF, 0xFF, 0xA7, 0x00, 0x00, 0x00, 0x00, 0x00, 0x01, 0x00,
    0x06, 0x01, 0xFF, 0xFF, 0xFF, 0xFF, 0x84, 0x3F, 0xC7, 0xFF, 0xE0, 0x00,
    0x00, 0x1F, 0xFF, 0xFF, 0xFF, 0xFF, 0xFF, 0xFF, 0xFF, 0x9D, 0x60, 0x00,
    0x00, 0x00, 0x01, 0x00, 0x06, 0x01, 0xFF, 0xFF, 0xFF, 0xDF, 0xAC, 0x7F,
    0xDF, 0xFF, 0xC0, 0x00, 0x00, 0x3F, 0xFF, 0xFF, 0xFF, 0xFF, 0xFF, 0xFF,
    0xFF, 0x9F, 0xF0, 0x00, 0x00, 0x00, 0x03, 0x00, 0x06, 0x11, 0xFF, 0xFE,
    0xDF, 0x83, 0x80, 0x7F, 0xFF, 0xFE, 0xE0, 0x00, 0x00, 0x1F, 0xFF, 0xFF,
    0xFF, 0x83, 0x7B, 0xFF, 0xFF, 0xFF, 0xF7, 0x00, 0x00, 0x03, 0x00, 0x22,
    0x0F, 0x7F, 0xFF, 0xFF, 0xFF, 0xDF, 0x81, 0xFF, 0xFF, 0xF4, 0x00, 0x00,
    0x00, 0x1F, 0xBF, 0xFF, 0xFF, 0xDF, 0x81, 0xFF, 0xFF, 0xFF, 0xFF, 0x00,
    0x00, 0x30, 0x3C, 0x07, 0x0F, 0xFF, 0xFF, 0xFF, 0xFF, 0xFF, 0xCF, 0xFC,
    0x00, 0xD3, 0x00, 0x00, 0x00, 0x0F, 0xFF, 0xFF, 0xFF, 0xFF, 0xFF, 0x7F,
    0xFF, 0xFF, 0xFF, 0xFC, 0x00, 0x7D, 0xFF, 0x8F, 0x7F, 0xFF, 0xFF, 0x7F,
    0xFF, 0xFF, 0xFF, 0xE0, 0x00, 0xF0, 0x00, 0x00, 0x00, 0x1F, 0xFF, 0xFF,
    0xFF, 0xFF, 0xFF, 0x1F, 0xF8, 0x00, 0x1F, 0xF9, 0x60, 0x08, 0xE0, 0xBF,
    0xFF, 0xFB, 0xF8, 0xFF, 0xFB, 0xFF, 0xFC, 0x00, 0x0F, 0xC0, 0x00, 0x00,
    0x00, 0x1F, 0xFF, 0xFF, 0xFF, 0xFC, 0x00, 0x00, 0x08, 0x00, 0x00, 0x00,
    0x00, 0x00, 0x00, 0x7F, 0xFF, 0xFD, 0xF1, 0xFF, 0xCF, 0xC4, 0x00, 0x00,
    0x3C, 0x00, 0x00, 0x00, 0x00, 0x1F, 0xBF, 0xFF, 0xFF, 0xFF, 0xF5, 0xFF,
    0x00, 0x70, 0x00, 0x00, 0x00, 0x00, 0x00, 0x7F, 0x9F, 0x87, 0xFF, 0xF8,
    0xFC, 0x00, 0x00, 0xBE, 0x1E, 0x18, 0x00, 0x00, 0x00, 0x1F, 0xFF, 0xFF,
    0xFF, 0xFE, 0x90, 0xC7, 0x00, 0x00, 0x00, 0x00, 0x00, 0x00, 0x00, 0x00,
    0x80, 0x00, 0x07, 0xEF, 0xF8, 0x28, 0x10, 0xFF, 0x3F, 0xFF, 0x00, 0x00,
    0x00, 0x1D, 0xFF, 0xFC, 0xFF, 0xF8, 0x70, 0xE7, 0x04, 0x00, 0x00, 0x00,
    0x00, 0x00, 0x00, 0x00, 0x00, 0x10, 0x3F, 0xFF, 0xFF, 0xFF, 0xFF, 0xF0,
    0x1F, 0xFF, 0x00, 0x00, 0x00, 0x1F, 0xF1, 0xF8, 0xFF, 0xA0, 0x00, 0x00,
    0x00, 0x00, 0x00, 0x00, 0x00, 0x00, 0x00, 0x00, 0x8E, 0x01, 0xFB, 0xFF,
    0xFF, 0xFF, 0xFF, 0xFF, 0x0F, 0x38, 0x00, 0x00, 0x00, 0x0F, 0xF1, 0xF0,
    0x3F, 0xE8, 0x00, 0x00, 0x00, 0x00, 0x00, 0x00, 0x00, 0x00, 0x00, 0x00,
    0x04, 0x00, 0xFC, 0x3F, 0xFF, 0xFF, 0xFF, 0xF9, 0x8E, 0x3F, 0x00, 0x00,
    0x00, 0x0F, 0xFB, 0xF0, 0x3F, 0x7C, 0x00, 0x00, 0x00, 0x00, 0x00, 0x00,
    0x00, 0x00, 0x00, 0x00, 0x00, 0x01, 0xEF, 0xFF, 0xFF, 0xFF, 0x81, 0xF8,
    0x0C, 0x1E, 0x00, 0x00, 0x00, 0x0F, 0xFF, 0xF8, 0x3F, 0xFC, 0x00, 0x00,
    0x00, 0x00, 0x00, 0x00, 0x00, 0x00, 0x00, 0x00, 0x00, 0x00, 0x4C, 0x36,
    0x07, 0x9F, 0xFD, 0xF8, 0x0C, 0x3D, 0x00, 0x00, 0x00, 0x0F, 0xFF, 0xFC,
    0x3F, 0xFC, 0x30, 0x00, 0x00, 0x00, 0x00, 0x00, 0x00, 0x00, 0x00, 0x00,
    0x00, 0x00, 0x08, 0x26, 0x00, 0x0D, 0xBF, 0x00, 0x08, 0x0F, 0x00, 0x00,
    0x00, 0x0F, 0x7F, 0xFF, 0xFF, 0xF8, 0xF6, 0x00, 0x00, 0x00, 0x00, 0x00,
    0x00, 0x00, 0x00, 0x00, 0x00, 0x00, 0x00, 0x7F, 0xFF, 0xFF, 0x88, 0x00,
    0x18, 0x06, 0x10, 0x00, 0x00, 0x1E, 0x7F, 0xFF, 0xFF, 0xF0, 0xFE, 0x00,
    0x00, 0x00, 0x00, 0x00, 0x00, 0x00, 0x00, 0x00, 0x00, 0x00, 0x00, 0x07,
    0x9F, 0xFF, 0x81, 0xC0, 0x00, 0x00, 0x10, 0x00, 0x00, 0x04, 0x7F, 0xFF,
    0xFF, 0x72, 0xFE, 0x07, 0xC0, 0x00, 0x00, 0x00, 0x00, 0x00, 0x00, 0x00,
    0x00, 0x00, 0x00, 0x07, 0x0F, 0x9E, 0x00, 0xF0, 0x38, 0x0E, 0x30, 0x00,
    0x00, 0x00, 0x0F, 0xFF, 0xFF, 0x07, 0xFF, 0x07, 0xC0, 0x00, 0x00, 0x00,
    0x00, 0x00, 0x00, 0x00, 0x00, 0x00, 0x00, 0x03, 0x0F, 0x0C, 0x00, 0x70,
    0x3C, 0x18, 0x30, 0x00, 0x00, 0x00, 0x0F, 0xFF, 0xFF, 0xBF, 0xFC, 0x67,
    0xC0, 0x00, 0x00, 0x00, 0x00, 0x00, 0x00, 0x00, 0x00, 0x00, 0x00, 0x00,
    0x0F, 0x80, 0x0C, 0x02, 0x38, 0x18, 0x70, 0x00, 0x00, 0x00, 0x1F, 0xFF,
    0xFF, 0xBF, 0xFC, 0xFD, 0xE0, 0x00, 0x00, 0x00, 0x00, 0x00, 0x00, 0x00,
    0x00, 0x00, 0x00, 0x00, 0x00, 0x00, 0x00, 0x00, 0xFA, 0x18, 0x60, 0x00,
    0x00, 0x00, 0x03, 0xFD, 0xFF, 0xFF, 0xFE, 0xF8, 0x78, 0x00, 0x00, 0x00,
    0x00, 0x00, 0x00, 0x00, 0x00, 0x00, 0x00, 0x00, 0x00, 0x00, 0x18, 0x01,
    0xFB, 0x00, 0x70, 0x00, 0x00, 0x00, 0x03, 0xFD, 0xFF, 0xFC, 0xFF, 0xF6,
    0xFC, 0x00, 0x00, 0x00, 0x00, 0x00, 0x00, 0x00, 0x00, 0x00, 0x00, 0x00,
    0x00, 0x00, 0x10, 0x00, 0x11, 0x80, 0x70, 0x00, 0x00, 0x03, 0x83, 0xF7,
    0xFF, 0xF8, 0x7F, 0xFF, 0xFC, 0x00, 0x00, 0x00, 0x00, 0x00, 0x00, 0x00,
    0x00, 0x00, 0x00, 0x00, 0x00, 0x00, 0x18, 0x00, 0x00, 0xC0, 0xF0, 0x00,
    0x00, 0x01, 0x03, 0x93, 0xFB, 0xF8, 0x7F, 0xFF, 0xE8, 0x00, 0x00, 0x00,
    0x00, 0x00, 0x00, 0x00, 0x00, 0x00, 0x00, 0x00, 0x00, 0x00, 0x38, 0x00,
    0x00, 0x40, 0xE0, 0x00, 0x00, 0x00, 0x17, 0xBF, 0xE1, 0xF8, 0x7E, 0xFF,
    0x70, 0x00, 0x00, 0x00, 0x00, 0x00, 0x00, 0xC0, 0x00, 0x00, 0x00, 0x01,
    0x00, 0x00, 0x38, 0x00, 0x18, 0x60, 0xE0, 0x00, 0x00, 0x00, 0x1F, 0xFF,
    0xC0, 0xFD, 0xEF, 0xFF, 0xFB, 0x89, 0x00, 0x00, 0x00, 0x00, 0x00, 0xC0,
    0x00, 0x70, 0x00, 0x01, 0x80, 0x00, 0x38, 0x08, 0x10, 0x20, 0xE0, 0x00,
    0x00, 0x02, 0x0F, 0xF1, 0xC0, 0xFF, 0xFF, 0xFF, 0xFB, 0x87, 0x00, 0x00,
    0x00, 0x00, 0x00, 0xC0, 0x00, 0x70, 0x00, 0x01, 0x80, 0x00, 0x38, 0x10,
    0x10, 0x31, 0xE0, 0x00, 0x00, 0x16, 0x1F, 0xF0, 0xC0, 0xE7, 0xFC, 0x7F,
    0xFF, 0x8F, 0x40, 0x00, 0x00, 0x00, 0x01, 0xDE, 0x04, 0x7F, 0x18, 0x79,
    0xFF, 0xFC, 0xFF, 0xF0, 0x00, 0x11, 0xE0, 0x00, 0x00, 0x4F, 0x7F, 0xC0,
    0x00, 0x87, 0xF4, 0x3F, 0xFF, 0x87, 0xE0, 0x00, 0x00, 0x00, 0x00, 0xFF,
    0xE2, 0x0F, 0x9C, 0x0C, 0x3F, 0x7F, 0xBF, 0xFF, 0xE4, 0x19, 0xE0, 0x00,
    0x00, 0x4F, 0xFF, 0x80, 0x00, 0x03, 0xB0, 0x3F, 0xFF, 0xF6, 0x40, 0x00,
    0x00, 0x00, 0x00, 0xFF, 0xE0, 0x05, 0xF7, 0x83, 0x83, 0x87, 0xF7, 0xFF,
    0x83, 0xF9, 0xE0, 0x00, 0x00, 0x6F, 0xDF, 0x80, 0x00, 0x03, 0xB4, 0x7F,
    0xFF, 0xFF, 0x00, 0x00, 0x00, 0x00, 0x00, 0xFF, 0xE4, 0x01, 0xFF, 0xE1,
    0xF8, 0xFF, 0xFF, 0xFF, 0xDC, 0xCD, 0xC0, 0x00, 0x00, 0x6F, 0xAF, 0xC0,
    0x00, 0x07, 0x87, 0xFB, 0xFF, 0xFF, 0x84, 0x00, 0x00, 0x00, 0x01, 0xCF,
    0xFF, 0xFF, 0xFF, 0xFF, 0xFF, 0xFF, 0xFF, 0xFF, 0xFF, 0xFD, 0xC0, 0x00,
    0x00, 0x6F, 0x6F, 0xE0, 0x00, 0x0F, 0xF7, 0xFF, 0xFF, 0xFF, 0xBD, 0x80,
    0x00, 0x00, 0x01, 0xC3, 0xFF, 0xFF, 0xFF, 0xFF, 0xFF, 0xFF, 0xFF, 0xFF,
    0x8F, 0xFD, 0xC0, 0x00, 0x00, 0x2F, 0xFC, 0xF0, 0x30, 0x01, 0xFF, 0xFF,
    0xFF, 0xFF, 0x7C, 0x00, 0x00, 0x00, 0x02, 0xC0, 0xFF, 0xFF, 0xFF, 0xFF,
    0xFF, 0xFF, 0xFF, 0xFF, 0x87, 0xF7, 0xC0, 0x00, 0x00, 0x3F, 0xFD, 0xFC,
    0x78, 0x00, 0xFF, 0xCF, 0xFF, 0xFF, 0xF8, 0x00, 0x00, 0x00, 0x04, 0xC0,
    0xE0, 0x70, 0x00, 0x01, 0x8F, 0x0F, 0xC7, 0xF9, 0x83, 0xB7, 0x80, 0x00,
    0x00, 0x1F, 0xFF, 0xF0, 0x36, 0x00, 0xFF, 0xEF, 0xFF, 0xFF, 0xFF, 0x80,
    0x00, 0x00, 0x08, 0xC0, 0xE0, 0x70, 0x00, 0x03, 0x87, 0xFF, 0xF9, 0xF8,
    0x03, 0x73, 0x80, 0x00, 0x00, 0x3F, 0xFF, 0xE0, 0x3E, 0x00, 0x7D, 0xFF,
    0xFF, 0xDF, 0xFF, 0x80, 0x00, 0x00, 0x19, 0xC0, 0xE0, 0x70, 0x00, 0x01,
    0xFF, 0xFF, 0xFC, 0xF0, 0x02, 0x7B, 0x80, 0x00, 0x00, 0x3F, 0xFF, 0xC0,
    0x08, 0x00, 0xF9, 0xFE, 0xFF, 0xFF, 0xFC, 0x00, 0x00, 0x00, 0x61, 0xC0,
    0xE0, 0x70, 0x00, 0xCF, 0xFF, 0xFF, 0xFD, 0xF0, 0x06, 0x7B, 0x80, 0x00,
    0x00, 0x3F, 0xFF, 0x80, 0x00, 0x11, 0xF3, 0xF9, 0xFF, 0xFF, 0xFB, 0x00,
    0x00, 0x00, 0x00, 0xC0, 0xE0, 0x70, 0x01, 0xFF, 0xFF, 0xFF, 0xF3, 0xF0,
    0x46, 0x39, 0x80, 0x00, 0x00, 0x3F, 0xFF, 0xC0, 0x00, 0x1F, 0xEF, 0xFF,
    0xFF, 0xFF, 0xFD, 0x00, 0x00, 0x03, 0x00, 0xC0, 0xE0, 0x70, 0x3F, 0xFF,
    0xFF, 0xFF, 0x89, 0xF0, 0x20, 0x3D, 0x00, 0x00, 0x00, 0xBF, 0xFF, 0xF0,
    0x40, 0x0F, 0xCF, 0xFF, 0xFF, 0xFF, 0xFC, 0xC0, 0x00, 0x00, 0x01, 0xE0,
    0xF0, 0xE3, 0xFF, 0xFE, 0x7F, 0xFE, 0x7F, 0xFB, 0x30, 0x3D, 0x00, 0x00,
    0x00, 0xFF, 0xFF, 0xF0, 0xC0, 0x0F, 0xBB, 0xFF, 0xFF, 0xFF, 0x00, 0x00,
    0x00, 0x00, 0x00, 0xC0, 0xF0, 0x7F, 0xFF, 0xFE, 0x1F, 0xF1, 0xFF, 0xFF,
    0xB0, 0x3F, 0x00, 0x00, 0x00, 0x7F, 0xFF, 0xFF, 0xC0, 0x0F, 0xF3, 0xFF,
    0xFF, 0xFF, 0xC0, 0x00, 0x00, 0x00, 0x01, 0xE0, 0xE0, 0xFF, 0xFF, 0xFF,
    0xE0, 0x9F, 0x7F, 0xFD, 0xFC, 0x3F, 0x10, 0x00, 0x00, 0x7D, 0xFF, 0xFF,
    0xE0, 0x1F, 0xE7, 0xFF, 0xFB, 0xFF, 0xC0, 0x00, 0x00, 0x00, 0x00, 0xC0,
    0xE7, 0x7F, 0xFF, 0xFF, 0xE1, 0xFF, 0xF3, 0xFD, 0xFE, 0x3F, 0x30, 0x00,
    0x00, 0x7F, 0xFF, 0xDF, 0xE1, 0xFD, 0xE7, 0xFF, 0xFF, 0xE3, 0x38, 0x00,
    0x00, 0x00, 0x00, 0xC0, 0xE3, 0xE3, 0xFF, 0xFE, 0x3F, 0xFF, 0x13, 0xFF,
    0xDF, 0xFF, 0x38, 0x00, 0x00, 0x3F, 0xFF, 0xFF, 0xD7, 0xFC, 0xC7, 0xFF,
    0xFF, 0xF3, 0x0C, 0x00, 0x00, 0x00, 0x01, 0xE3, 0xFF, 0xFF, 0x80, 0x0F,
    0xFF, 0xFF, 0x83, 0xFF, 0xCF, 0x7F, 0x70, 0x00, 0x00, 0x3F, 0xFF, 0xFD,
    0xDF, 0xF8, 0xAF, 0xBF, 0xE0, 0xE0, 0x00, 0x04, 0x00, 0x00, 0x01, 0xFF,
    0xFF, 0xFF, 0xFF, 0xFF, 0x9F, 0xF7, 0x10, 0xFD, 0x82, 0x1F, 0x70, 0x00,
    0x00, 0x37, 0xFF, 0xFD, 0xBF, 0xF9, 0xF8, 0x9F, 0xF9, 0xC0, 0x00, 0x00,
    0x00, 0x00, 0x01, 0xC7, 0xE7, 0xFF, 0xFF, 0xFF, 0xFF, 0xFE, 0x1F, 0xFD,
    0xFB, 0x1F, 0x70, 0x00, 0x00, 0x3F, 0xFF, 0xFF, 0xFF, 0xFB, 0xFC, 0x3F,
    0xF8, 0xC1, 0x00, 0x00, 0x00, 0x00, 0x00, 0xC0, 0xFF, 0xFF, 0xFF, 0xFF,
    0xDF, 0xFF, 0x04, 0xFD, 0xFD, 0x1F, 0xF0, 0x00, 0x01, 0x3F, 0xFF, 0xFF,
    0xFF, 0xFF, 0xFC, 0xF8, 0xF8, 0x00, 0x00, 0x00, 0x00, 0x00, 0x1F, 0xFF,
    0xFF, 0xFF, 0xFF, 0xFE, 0xFF, 0xFF, 0xE4, 0xFF, 0x99, 0x8F, 0xF0, 0x00,
    0x00, 0x3F, 0xFF, 0xFF, 0xFF, 0xFF, 0xF9, 0xF8, 0x8C, 0x00, 0x00, 0x12,
    0x00, 0x00, 0x00, 0xFF, 0xF8, 0xFF, 0xFF, 0xFF, 0xC7, 0xFF, 0xE7, 0xFF,
    0xE1, 0x8F, 0xF0, 0x00, 0x00, 0x1F, 0xFF, 0xFF, 0xFF, 0xFF, 0xB1, 0xF2,
    0xFE, 0x00, 0x06, 0x16, 0x00, 0x00, 0x00, 0xCF, 0xFF, 0xFF, 0xFF, 0xFF,
    0xFF, 0xFF, 0xFE, 0xFF, 0xF0, 0x8F, 0xE0, 0x00, 0x00, 0x01, 0xFF, 0xFF,
    0xFF, 0xFF, 0xAB, 0xE6, 0xFE, 0x08, 0x03, 0x84, 0x00, 0x00, 0x00, 0x80,
    0xFF, 0xFF, 0xFF, 0xFF, 0xFF, 0xFF, 0xFE, 0x7B, 0xF9, 0xCF, 0xE0, 0x00,
    0x00, 0x00, 0xFF, 0xFF, 0xFF, 0xFF, 0xCF, 0xE5, 0xFF, 0x08, 0x03, 0x98,
    0x1C, 0x00, 0x01, 0x87, 0xFF, 0xFF, 0xFF, 0xFF, 0xFF, 0xFB, 0xFD, 0x7D,
    0xFD, 0x47, 0xC0, 0x00, 0x00, 0x03, 0x1F, 0xFF, 0xFC, 0xFF, 0xFF, 0xC7,
    0xFF, 0x51, 0x00, 0xC8, 0x7E, 0x00, 0x00, 0xDF, 0xEF, 0xFF, 0xFF, 0xFF,
    0xFF, 0xFB, 0x0F, 0x3D, 0xFF, 0x47, 0xC0, 0x00, 0x00, 0x03, 0x8F, 0xFF,
    0xFB, 0xFF, 0xFD, 0xFE, 0xBC, 0x40, 0x00, 0x49, 0xF8, 0x00, 0x00, 0x00,
    0xE0, 0xFF, 0xFF, 0xFF, 0xFF, 0xFD, 0xFF, 0x7F, 0x3F, 0x27, 0xC0, 0x00,
    0x00, 0x01, 0xC3, 0xFF, 0xFA, 0xFF, 0xFD, 0xFC, 0x6C, 0x60, 0x00, 0x23,
    0xE0, 0x00, 0x00, 0x00, 0xFF, 0xFF, 0xFF, 0xFF, 0xFC, 0xFD, 0xFF, 0xF8,
    0x1F, 0xA7, 0x80, 0x00, 0x00, 0x0E, 0x23, 0xFF, 0xFF, 0xFF, 0xFF, 0xF8,
    0x4C, 0x68, 0x08, 0x23, 0x00, 0x00, 0x00, 0x0F, 0xFF, 0xFF, 0xFF, 0xFF,
    0xFE, 0x1D, 0xD9, 0xF8, 0x0F, 0xB7, 0x80, 0x00, 0x00, 0x0C, 0x01, 0xFF,
    0xFF, 0xFF, 0xFF, 0xF2, 0x5D, 0x30, 0x0E, 0x14, 0x00, 0x00, 0x00, 0x00,
    0x63, 0xFF, 0xFF, 0xFF, 0xFF, 0x19, 0x91, 0xE0, 0x0F, 0xF7, 0xA0, 0x00,
    0x00, 0x08, 0x00, 0xFF, 0xE0, 0xFF, 0xFF, 0xBA, 0xFD, 0x67, 0x0F, 0x18,
    0x00, 0x00, 0x00, 0x00, 0x03, 0xFF, 0xFF, 0x8F, 0xFF, 0x10, 0x11, 0xE0,
    0x67, 0xD7, 0xA0, 0x00, 0x00, 0x60, 0x00, 0x7F, 0xC0, 0x7F, 0xFF, 0x3E,
    0xFD, 0x4C, 0x00, 0x18, 0x00, 0x00, 0x00, 0x00, 0x01, 0xFF, 0xFF, 0x04,
    0x00, 0x18, 0x03, 0xC0, 0x83, 0xF3, 0xE0, 0x00, 0x00, 0x60, 0x7E, 0x7F,
    0xE0, 0x3F, 0xFF, 0x70, 0x1C, 0x10, 0x00, 0x00, 0x60, 0x00, 0x00, 0x00,
    0x03, 0xFF, 0x10, 0x10, 0x00, 0x08, 0x03, 0xC9, 0x03, 0xE3, 0xE0, 0x00,
    0x00, 0xF0, 0x7A, 0x00, 0x18, 0x1F, 0xFE, 0xE1, 0x1A, 0x40, 0x03, 0x80,
    0x00, 0x00, 0x00, 0x00, 0x00, 0x00, 0x00, 0x00, 0x00, 0x04, 0x03, 0x87,
    0xC1, 0xE2, 0xE0, 0x00, 0x00, 0xE1, 0x00, 0x00, 0x07, 0x1E, 0xC0, 0x07,
    0xC8, 0x00, 0x00, 0x80, 0x00, 0x00, 0x00, 0x00, 0x00, 0x00, 0x00, 0x00,
    0x00, 0x00, 0x03, 0x00, 0x00, 0x62, 0x00, 0x00, 0x00, 0x00, 0x00, 0x00,
    0x00, 0x10, 0x00, 0x24, 0x00, 0x00, 0x00, 0x00, 0x00, 0x00, 0x00, 0x00,
    0x00, 0x00, 0x00, 0x00, 0x00, 0x00, 0x00, 0x00, 0x00, 0x00, 0x00, 0x00,
    0x00, 0x00, 0x00, 0x00, 0x00, 0x00, 0x00, 0x00, 0x00, 0x00, 0x00, 0x00,
    0x00, 0x00, 0x00, 0x00, 0x00, 0x00, 0x00, 0x00, 0x00, 0x00, 0x00, 0x00,
    0x00, 0x00, 0x00, 0x00, 0x00, 0x00, 0x00, 0x00, 0x00, 0x00, 0x00, 0x00,
    0x00, 0x00, 0x00, 0x00, 0x00, 0x00, 0x00, 0x00, 0x00, 0x00, 0x00, 0x00,
    0x00, 0x00, 0x00, 0x00, 0x00, 0x00, 0x00, 0x00, 0x00, 0x00, 0x00, 0x00,
    0x00, 0x00, 0x00, 0x00, 0x00, 0x00, 0x00, 0x00, 0x00, 0x00, 0x00, 0x00,
    0x00, 0x00, 0x00, 0x00, 0x00, 0x00, 0x00, 0x00, 0x00, 0x00, 0x00, 0x00,
    0x00, 0x00, 0x00, 0x00, 0x00, 0x00, 0x00, 0x00, 0x00, 0x00, 0x00, 0x00,
    0x00, 0x00, 0x00, 0x00, 0x00, 0x00, 0x00, 0x00, 0x00, 0x00, 0x00, 0x00,
    0x00, 0x00, 0x00, 0x00, 0x00, 0x00, 0x00, 0x00, 0x00, 0x00, 0x00, 0x00,
    0x00, 0x00, 0x00, 0x00, 0x00, 0x00, 0x00, 0x00, 0x00, 0x00, 0x00, 0x00,
    0x00, 0x00, 0x00, 0x00, 0x00, 0x00, 0x00, 0x00, 0x00, 0x00, 0x00, 0x00,
    0x00, 0x00, 0x00, 0x00, 0x00, 0x00, 0x00, 0x00, 0x00, 0x00, 0x00, 0x00,
    0x00, 0x00, 0x00, 0x00, 0x00, 0x00, 0x00, 0x00, 0x00, 0x00, 0x00, 0x00,
    0x00, 0x00, 0x00, 0x00, 0x00, 0x00, 0x00, 0x00, 0x00, 0x00, 0x00, 0x00,
    0x00, 0x00, 0x00, 0x00, 0x00, 0x00, 0x00, 0x00, 0x00, 0x00, 0x00, 0x00,
    0x00, 0x00, 0x00, 0x00,
};
static_assert(sizeof(clock_gallery_image_02) == CLOCK_GALLERY_IMAGE_BYTES_PER_ROW * CLOCK_GALLERY_IMAGE_HEIGHT,
              "clock_gallery_image_02 payload size mismatch");

// 星期三.png
static const uint8_t clock_gallery_image_03[] = {
    0x00, 0x00, 0x00, 0x00, 0x00, 0x00, 0x00, 0x00, 0x00, 0x00, 0x00, 0x00,
    0x00, 0x00, 0x00, 0x00, 0x00, 0x00, 0x00, 0x00, 0x00, 0x00, 0x00, 0x00,
    0x00, 0x00, 0x00, 0x00, 0x00, 0x00, 0x00, 0x00, 0x00, 0x00, 0x00, 0x00,
    0x00, 0x00, 0x00, 0x00, 0x00, 0x00, 0x00, 0x00, 0x00, 0x00, 0x00, 0x00,
    0x00, 0x00, 0x00, 0x00, 0x00, 0x00, 0x00, 0x00, 0x00, 0x00, 0x00, 0x00,
    0x00, 0x00, 0x00, 0x00, 0x00, 0x00, 0x00, 0x00, 0x00, 0x00, 0x00, 0x00,
    0x00, 0x00, 0x00, 0x00, 0x00, 0x00, 0x00, 0x00, 0x00, 0x00, 0x00, 0x00,
    0x00, 0x00, 0x00, 0x00, 0x00, 0x00, 0x00, 0x00, 0x00, 0x00, 0x00, 0x00,
    0x00, 0x00, 0x00, 0x00, 0x00, 0x00, 0x00, 0x00, 0x00, 0x00, 0x00, 0x00,
    0x00, 0x00, 0x00, 0x00, 0x00, 0x00, 0x00, 0x00, 0x00, 0x00, 0x00, 0x00,
    0x00, 0x00, 0x00, 0x00, 0x00, 0x00, 0x00, 0x00, 0x00, 0x00, 0x00, 0x00,
    0x00, 0x00, 0x00, 0x00, 0x00, 0x00, 0x00, 0x00, 0x00, 0x00, 0x00, 0x00,
    0x00, 0x00, 0x00, 0x00, 0x00, 0x00, 0x00, 0x00, 0x00, 0x00, 0x00, 0x00,
    0x00, 0x00, 0x00, 0x00, 0x00, 0x00, 0x00, 0x00, 0x00, 0x00, 0x00, 0x00,
    0x00, 0x00, 0x00, 0x00, 0x00, 0x00, 0x00, 0x00, 0x00, 0x00, 0x00, 0x00,
    0x00, 0x00, 0x00, 0x00, 0x00, 0x00, 0x00, 0x00, 0x00, 0x00, 0x00, 0x00,
    0x00, 0x00, 0x00, 0x00, 0x00, 0x00, 0x00, 0x00, 0x00, 0x00, 0x00, 0x00,
    0x00, 0x00, 0x00, 0x00, 0x00, 0x00, 0x00, 0x00, 0x00, 0x00, 0x00, 0x00,
    0x00, 0x00, 0x00, 0x00, 0x00, 0x00, 0x00, 0x00, 0x00, 0x00, 0x00, 0x00,
    0x00, 0x00, 0x00, 0x00, 0x00, 0x00, 0x00, 0x00, 0x00, 0x00, 0x00, 0x00,
    0x00, 0x00, 0x00, 0x00, 0x00, 0x00, 0x00, 0x00, 0x00, 0x00, 0x00, 0x00,
    0x00, 0x00, 0x00, 0x00, 0x00, 0x00, 0x00, 0x00, 0x00, 0x00, 0x00, 0x00,
    0x00, 0x00, 0x00, 0x00, 0x00, 0x00, 0x00, 0x00, 0x00, 0x00, 0x00, 0x00,
    0x00, 0x00, 0x00, 0x00, 0x00, 0x00, 0x00, 0x00, 0x00, 0x00, 0x00, 0x00,
    0x00, 0x00, 0x00, 0x00, 0x00, 0x00, 0x00, 0x00, 0x00, 0x00, 0x00, 0x00,
    0x00, 0x00, 0x00, 0x00, 0x00, 0x00, 0x00, 0x00, 0x00, 0x00, 0x00, 0x00,
    0x00, 0x00, 0x00, 0x00, 0x00, 0x00, 0x00, 0x00, 0x00, 0x00, 0x00, 0x00,
    0x00, 0x00, 0x00, 0x00, 0x00, 0x00, 0x00, 0x00, 0x00, 0x00, 0x00, 0x00,
    0x00, 0x00, 0x00, 0x00, 0x00, 0x00, 0x00, 0x00, 0x00, 0x00, 0x00, 0x00,
    0x00, 0x00, 0x00, 0x00, 0x00, 0x00, 0x00, 0x00, 0x00, 0x00, 0x00, 0x00,
    0x00, 0x00, 0x00, 0x00, 0x00, 0x00, 0x00, 0x00, 0x00, 0x00, 0x00, 0x00,
    0x00, 0x00, 0x00, 0x00, 0x00, 0x00, 0x00, 0x00, 0x00, 0x00, 0x00, 0x00,
    0x00, 0x00, 0x00, 0x00, 0x00, 0x00, 0x00, 0x00, 0x00, 0x00, 0x00, 0x00,
    0x00, 0x00, 0x00, 0x00, 0x00, 0x00, 0x00, 0x00, 0x00, 0x00, 0x00, 0x00,
    0x00, 0x00, 0x00, 0x00, 0x00, 0x00, 0x00, 0x00, 0x00, 0x00, 0x00, 0x00,
    0x00, 0x00, 0x00, 0x00, 0x00, 0x00, 0x00, 0x00, 0x00, 0x00, 0x00, 0x00,
    0x00, 0x00, 0x00, 0x00, 0x00, 0x00, 0x00, 0x00, 0x00, 0x00, 0x00, 0x00,
    0x00, 0x00, 0x00, 0x00, 0x00, 0x00, 0x00, 0x00, 0x00, 0x00, 0x00, 0x00,
    0x00, 0x00, 0x00, 0x00, 0x00, 0x00, 0x00, 0x00, 0x00, 0x00, 0x00, 0x00,
    0x00, 0x00, 0x00, 0x00, 0x00, 0x00, 0x00, 0x00, 0x00, 0x00, 0x00, 0x00,
    0x00, 0x00, 0x00, 0x00, 0x00, 0x00, 0x00, 0x00, 0x00, 0x00, 0x00, 0x00,
    0x00, 0x00, 0x00, 0x00, 0x00, 0x00, 0x00, 0x00, 0x00, 0x00, 0x00, 0x00,
    0x00, 0x00, 0x00, 0x00, 0x00, 0x00, 0x00, 0x00, 0x00, 0x00, 0x00, 0x00,
    0x00, 0x00, 0x00, 0x00, 0x00, 0x00, 0x00, 0x00, 0x00, 0x00, 0x00, 0x00,
    0x00, 0x00, 0x00, 0x00, 0x00, 0x00, 0x00, 0x00, 0x00, 0x00, 0x00, 0x00,
    0x00, 0x00, 0x00, 0x00, 0x00, 0x00, 0x00, 0x00, 0x00, 0x00, 0x00, 0x00,
    0x00, 0x00, 0x00, 0x00, 0x00, 0x00, 0x00, 0x00, 0x00, 0x00, 0x00, 0x00,
    0x00, 0x00, 0x00, 0x00, 0x00, 0x00, 0x00, 0x00, 0x00, 0x04, 0x00, 0x00,
    0x00, 0x00, 0x00, 0x00, 0x00, 0x00, 0x00, 0x00, 0x00, 0x00, 0x00, 0x00,
    0x00, 0x00, 0x00, 0x00, 0x00, 0x00, 0x00, 0x00, 0x00, 0x00, 0x00, 0x00,
    0x00, 0x04, 0x00, 0x00, 0x00, 0x00, 0x00, 0x00, 0x00, 0x00, 0x00, 0x00,
    0x00, 0x00, 0x00, 0x00, 0x00, 0x00, 0x00, 0x00, 0x00, 0x00, 0x00, 0x00,
    0x00, 0x00, 0x00, 0x00, 0x00, 0x04, 0x04, 0x00, 0x00, 0x00, 0x00, 0x00,
    0x00, 0x00, 0x00, 0x00, 0x00, 0x00, 0x00, 0x00, 0x00, 0x00, 0x00, 0x00,
    0x00, 0x00, 0x00, 0x00, 0x00, 0x00, 0x00, 0x00, 0x00, 0x04, 0x0C, 0x00,
    0x00, 0x00, 0x00, 0x00, 0x00, 0x00, 0x00, 0x00, 0x00, 0x00, 0x00, 0x00,
    0x00, 0x00, 0x00, 0x00, 0x00, 0x00, 0x00, 0x00, 0x00, 0x00, 0x00, 0x00,
    0x08, 0x04, 0x0C, 0x00, 0x00, 0x00, 0x00, 0x00, 0x00, 0x00, 0x00, 0x00,
    0x00, 0x00, 0x00, 0x00, 0x00, 0x00, 0x00, 0x00, 0x00, 0x00, 0x00, 0x00,
    0x00, 0x00, 0x00, 0x00, 0x0C, 0x04, 0x18, 0x00, 0x00, 0x00, 0x00, 0x00,
    0x00, 0x00, 0x00, 0x00, 0x00, 0x00, 0x00, 0x00, 0x00, 0x00, 0x30, 0x00,
    0x00, 0x00, 0x00, 0x00, 0x00, 0x00, 0x00, 0x00, 0x06, 0x00, 0x10, 0x00,
    0x00, 0x00, 0x00, 0x00, 0x00, 0x00, 0x00, 0x00, 0x00, 0x00, 0x00, 0x00,
    0x00, 0x00, 0x20, 0x00, 0x00, 0x00, 0x00, 0x00, 0x00, 0x00, 0x00, 0x00,
    0x03, 0x00, 0x00, 0x60, 0x00, 0x00, 0x00, 0x00, 0x00, 0x00, 0x00, 0x00,
    0x00, 0x00, 0x00, 0x00, 0x00, 0x09, 0xE0, 0x00, 0x00, 0x00, 0x00, 0x00,
    0x00, 0x00, 0x00, 0x00, 0x00, 0x00, 0x01, 0xC0, 0x00, 0x00, 0x00, 0x00,
    0x00, 0x00, 0x00, 0x00, 0x00, 0x00, 0x00, 0x00, 0x00, 0x03, 0xE3, 0x00,
    0x00, 0x00, 0x00, 0x00, 0x00, 0x00, 0x00, 0x00, 0x60, 0x00, 0x01, 0x00,
    0x00, 0x00, 0x00, 0x00, 0x00, 0x00, 0x00, 0x00, 0x00, 0x00, 0x00, 0x00,
    0x00, 0x01, 0xE2, 0x00, 0x00, 0x00, 0x00, 0x00, 0x00, 0x00, 0x00, 0x00,
    0x30, 0x00, 0x00, 0x00, 0x00, 0x00, 0x00, 0x00, 0x00, 0x00, 0x00, 0x00,
    0x00, 0x00, 0x00, 0x00, 0x00, 0x01, 0xE6, 0x00, 0x00, 0x00, 0x00, 0x00,
    0x00, 0x00, 0x00, 0x00, 0x00, 0x00, 0x00, 0x00, 0x00, 0x00, 0x00, 0x00,
    0x00, 0x00, 0x00, 0x00, 0x00, 0x00, 0x00, 0x00, 0x00, 0x03, 0x9C, 0x10,
    0x00, 0x00, 0x00, 0x00, 0x00, 0x00, 0x00, 0x00, 0x00, 0x00, 0x00, 0x00,
    0x00, 0x00, 0x00, 0x00, 0x00, 0x00, 0x00, 0x00, 0x00, 0x00, 0x00, 0x00,
    0x00, 0x03, 0x88, 0x00, 0x00, 0x00, 0x07, 0x00, 0x00, 0x00, 0x00, 0x00,
    0x00, 0x00, 0x00, 0x00, 0x00, 0x00, 0x08, 0x00, 0x00, 0x00, 0x00, 0x00,
    0x00, 0x00, 0x00, 0x00, 0x00, 0x03, 0xB8, 0xC0, 0x00, 0x00, 0x07, 0x80,
    0x00, 0x03, 0x80, 0x00, 0x01, 0x80, 0x00, 0x00, 0x00, 0x00, 0x1C, 0x00,
    0x00, 0x00, 0x00, 0x00, 0x00, 0x00, 0x00, 0x00, 0x00, 0x03, 0xF8, 0xC0,
    0x00, 0x00, 0x07, 0x80, 0x00, 0x03, 0xC0, 0x00, 0x03, 0x80, 0x00, 0x00,
    0x00, 0x00, 0x1C, 0x00, 0x00, 0x00, 0x00, 0x00, 0x00, 0x00, 0x00, 0x00,
    0x00, 0x03, 0xB8, 0x40, 0x00, 0x00, 0x07, 0xC0, 0x00, 0x03, 0xC0, 0x00,
    0x03, 0x80, 0x00, 0x00, 0x00, 0x00, 0x1C, 0x00, 0x00, 0x00, 0x00, 0x00,
    0x00, 0x00, 0x00, 0x00, 0x00, 0x04, 0x00, 0x00, 0x00, 0x00, 0x07, 0xC0,
    0x00, 0x07, 0xC0, 0x00, 0x03, 0x80, 0x00, 0x00, 0x00, 0x00, 0x1C, 0x00,
    0x00, 0x00, 0x00, 0x00, 0x00, 0x00, 0x00, 0x00, 0x00, 0x06, 0x1C, 0x00,
    0x00, 0x00, 0x03, 0xC0, 0x00, 0x07, 0xC0, 0x00, 0x03, 0x80, 0x00, 0x00,
    0x00, 0x00, 0x1C, 0x00, 0x00, 0x00, 0x00, 0x00, 0x00, 0x00, 0x00, 0x00,
    0x00, 0x36, 0xE1, 0x80, 0x00, 0x00, 0x03, 0xC0, 0x00, 0x07, 0x80, 0x00,
    0x03, 0x80, 0x00, 0x00, 0x00, 0x00, 0x1C, 0x00, 0x00, 0x00, 0x00, 0x00,
    0x00, 0x00, 0x00, 0x00, 0x00, 0x3F, 0xF7, 0x80, 0x00, 0x40, 0x03, 0xE0,
    0x00, 0x07, 0x80, 0x00, 0x03, 0x80, 0x00, 0x00, 0x00, 0x00, 0x1C, 0x00,
    0x00, 0x00, 0x00, 0x00, 0x00, 0x00, 0x00, 0x00, 0x00, 0x3F, 0xFF, 0x80,
    0x00, 0x60, 0x03, 0xE0, 0x00, 0x07, 0x80, 0x00, 0x03, 0x80, 0x00, 0x00,
    0x00, 0x00, 0x1C, 0x00, 0x00, 0x00, 0x00, 0x00, 0x00, 0x00, 0x00, 0x00,
    0x00, 0x57, 0xFB, 0x30, 0x00, 0xE0, 0x03, 0xE0, 0x38, 0x0F, 0x80, 0x00,
    0x03, 0x80, 0x00, 0x00, 0x00, 0x00, 0x1C, 0x00, 0x00, 0x00, 0x00, 0x0C,
    0x00, 0x00, 0x00, 0x00, 0x00, 0x47, 0xBF, 0x10, 0x00, 0x60, 0x01, 0xE0,
    0x3C, 0x0F, 0x80, 0x00, 0x03, 0x80, 0x00, 0x00, 0x00, 0x00, 0x1C, 0x00,
    0x00, 0x00, 0x00, 0x1C, 0x00, 0x00, 0x00, 0x00, 0x00, 0x07, 0xFF, 0x80,
    0x00, 0x62, 0x01, 0xE0, 0x7C, 0x0F, 0x00, 0x00, 0x07, 0x80, 0x00, 0x00,
    0x00, 0x00, 0x1C, 0x00, 0x00, 0x00, 0x00, 0x18, 0x00, 0x00, 0x00, 0x00,
    0x00, 0x07, 0xFF, 0xC0, 0x00, 0x26, 0x01, 0xF0, 0x7E, 0x0F, 0x00, 0x00,
    0x07, 0x80, 0x00, 0x00, 0x0F, 0x80, 0x1C, 0x0C, 0x00, 0x00, 0x01, 0x38,
    0x00, 0x00, 0x00, 0x00, 0x00, 0x01, 0xF5, 0xC0, 0x00, 0x06, 0x01, 0xF0,
    0x7E, 0x0F, 0x03, 0x80, 0x07, 0x80, 0xE0, 0x3F, 0x1F, 0x83, 0xFC, 0x3F,
    0x06, 0x04, 0x03, 0xB0, 0x00, 0x00, 0x00, 0x00, 0x00, 0x0B, 0xE9, 0xC0,
    0x00, 0x06, 0x00, 0xF0, 0xFE, 0x0F, 0x0F, 0xC0, 0xFF, 0x99, 0xF0, 0x7F,
    0x9C, 0x87, 0xFC, 0x7F, 0x86, 0x0E, 0x03, 0x80, 0x00, 0x00, 0x00, 0x00,
    0x00, 0x13, 0x60, 0x00, 0x01, 0xC6, 0x00, 0xF0, 0xFF, 0x1F, 0x1F, 0xE1,
    0xFF, 0x9B, 0xF0, 0xF3, 0xB8, 0x0F, 0xBC, 0x7B, 0x86, 0x0E, 0x01, 0x0E,
    0x00, 0x00, 0x00, 0x00, 0x00, 0x10, 0x6E, 0x00, 0x01, 0xF2, 0x00, 0xF8,
    0xFF, 0x1E, 0x3C, 0xE3, 0xEF, 0x9F, 0xB8, 0xE3, 0xBC, 0x0E, 0x3C, 0xF3,
    0x8E, 0x1E, 0x01, 0x1E, 0x00, 0x00, 0x00, 0x00, 0x00, 0x19, 0x7E, 0x20,
    0x00, 0xFC, 0x60, 0xF8, 0xEF, 0x1E, 0x38, 0xE3, 0xC7, 0x9F, 0x39, 0xE7,
    0x9C, 0x1E, 0x3C, 0xE3, 0x8E, 0x1E, 0x00, 0xFC, 0x00, 0x00, 0x00, 0x00,
    0x00, 0x11, 0x9E, 0x33, 0x00, 0x06, 0x70, 0xF9, 0xEF, 0x9E, 0x79, 0xE7,
    0x87, 0x9E, 0x39, 0xCF, 0x1E, 0x1C, 0x3D, 0xC3, 0x8E, 0x1E, 0x09, 0x80,
    0x00, 0x00, 0x00, 0x00, 0x00, 0x06, 0x1E, 0x3F, 0x80, 0x02, 0x70, 0x79,
    0xE7, 0x9E, 0x73, 0xC7, 0x07, 0x9E, 0x39, 0xFE, 0x0F, 0x1C, 0x3D, 0xC3,
    0x8E, 0x3E, 0x19, 0x00, 0x00, 0x00, 0x00, 0x00, 0x00, 0x00, 0x38, 0x7F,
    0xE0, 0x01, 0x70, 0x7D, 0xE7, 0xDE, 0x7F, 0x87, 0x07, 0x9E, 0x39, 0xF8,
    0x07, 0x9C, 0x3D, 0xC7, 0x8E, 0x3E, 0x18, 0x00, 0x00, 0x00, 0x00, 0x00,
    0x00, 0x04, 0x30, 0x3F, 0x00, 0x01, 0x70, 0x7F, 0xC3, 0xFE, 0xFF, 0x0F,
    0x07, 0x9C, 0x39, 0xE0, 0x03, 0xDC, 0x7D, 0xC7, 0x8E, 0x7E, 0x1A, 0x00,
    0x00, 0x00, 0x00, 0x00, 0x00, 0x00, 0x43, 0x1E, 0x00, 0x3C, 0xA0, 0x3F,
    0xC3, 0xFC, 0xF8, 0x0F, 0x0F, 0x1C, 0x39, 0xC0, 0x01, 0xDC, 0x7D, 0xCF,
    0x8E, 0x7C, 0x1C, 0xF8, 0x00, 0x00, 0x40, 0x00, 0x00, 0x00, 0xDF, 0xFF,
    0xE0, 0x3F, 0xE0, 0x3F, 0xC3, 0xFC, 0x70, 0x0F, 0x1F, 0x9C, 0x39, 0xE3,
    0xB1, 0xDE, 0xFD, 0xFF, 0xCF, 0xFC, 0x0B, 0xF8, 0x00, 0x0E, 0x00, 0x00,
    0x00, 0x04, 0xDB, 0xFF, 0xE0, 0x1F, 0xE0, 0x3F, 0xC1, 0xFC, 0x78, 0x77,
    0x3F, 0x9C, 0x3C, 0xFF, 0xBF, 0xCF, 0xFC, 0xFD, 0xF7, 0xFC, 0x1F, 0xE0,
    0x00, 0x00, 0x80, 0x00, 0x00, 0x06, 0x1F, 0x7F, 0xF0, 0x00, 0x18, 0x3F,
    0x81, 0xFC, 0x7F, 0xF7, 0xFF, 0x9C, 0x1E, 0x7F, 0x3F, 0x87, 0xDE, 0x78,
    0xE3, 0x9C, 0x20, 0x00, 0x00, 0x00, 0x00, 0x00, 0x00, 0x0E, 0x1F, 0xFF,
    0xF0, 0x00, 0x0C, 0x1F, 0x80, 0xFC, 0x3F, 0xE3, 0xFB, 0xD8, 0x0C, 0x3C,
    0x0F, 0x01, 0x0C, 0x20, 0x00, 0x3C, 0x60, 0x00, 0x00, 0x00, 0x00, 0x00,
    0x00, 0x11, 0xFF, 0xFF, 0xF0, 0x00, 0x00, 0x1F, 0x80, 0x78, 0x1F, 0xC0,
    0xE0, 0x80, 0x00, 0x00, 0x00, 0x00, 0x00, 0x00, 0x00, 0x3C, 0x00, 0x00,
    0x00, 0x00, 0x00, 0x00, 0x00, 0x39, 0xF3, 0xFF, 0xE0, 0x00, 0x00, 0x0F,
    0x00, 0x30, 0x00, 0x00, 0x00, 0x00, 0x00, 0x00, 0x00, 0x00, 0x00, 0x00,
    0x00, 0x3C, 0x00, 0x00, 0x00, 0x00, 0x00, 0x00, 0x00, 0x7F, 0x9F, 0xFF,
    0x80, 0x00, 0x00, 0x06, 0x00, 0x00, 0x00, 0x00, 0x00, 0x00, 0x00, 0x00,
    0x00, 0x00, 0x00, 0x00, 0x00, 0x38, 0x00, 0x00, 0x00, 0x00, 0x00, 0x00,
    0x00, 0x3F, 0xFF, 0xFF, 0xC0, 0x00, 0x00, 0x00, 0x00, 0x00, 0x00, 0x00,
    0x00, 0x00, 0x00, 0x00, 0x00, 0x00, 0x00, 0x00, 0x00, 0x78, 0x00, 0x00,
    0x00, 0x00, 0x00, 0x00, 0x00, 0x3F, 0xFF, 0xFF, 0xF0, 0x80, 0x00, 0x00,
    0x00, 0x00, 0x00, 0x00, 0x00, 0x03, 0xFF, 0xFF, 0xFF, 0x80, 0x00, 0x00,
    0x00, 0x78, 0x00, 0x00, 0x00, 0x10, 0x00, 0x00, 0x00, 0xFF, 0xFF, 0xFF,
    0xF9, 0xC0, 0x00, 0x00, 0x00, 0x00, 0x00, 0x00, 0x07, 0xFF, 0xFF, 0xFF,
    0xFF, 0xFF, 0x00, 0x00, 0x00, 0xF0, 0x00, 0x00, 0x00, 0x60, 0x00, 0x00,
    0x00, 0x3F, 0xFF, 0xFF, 0xF1, 0xE0, 0x00, 0x00, 0x00, 0x00, 0x00, 0x03,
    0xFF, 0xFF, 0x80, 0x00, 0x00, 0x00, 0x21, 0x00, 0xC1, 0xF0, 0x00, 0x00,
    0x00, 0xC0, 0x00, 0x00, 0x00, 0xBF, 0xFF, 0xFF, 0xFF, 0xF6, 0x00, 0x00,
    0x00, 0x00, 0x00, 0x1F, 0xF0, 0x00, 0x00, 0x00, 0x00, 0x00, 0x03, 0x00,
    0xF7, 0xE0, 0x00, 0x00, 0x3E, 0x80, 0x00, 0x00, 0x00, 0xFF, 0xFF, 0xE7,
    0x7F, 0xFF, 0x00, 0x00, 0x00, 0x00, 0x01, 0xE0, 0x00, 0x00, 0x00, 0x00,
    0x00, 0x00, 0x00, 0x00, 0x7F, 0xE0, 0x00, 0x00, 0x03, 0x80, 0x00, 0x00,
    0x00, 0xFF, 0xFF, 0xE7, 0x67, 0xFE, 0x00, 0x00, 0x00, 0x00, 0x00, 0x00,
    0x00, 0x00, 0x00, 0x00, 0x00, 0x00, 0x00, 0x00, 0x3F, 0x80, 0x00, 0x00,
    0x00, 0x00, 0x00, 0x00, 0x00, 0xFF, 0xFD, 0xFF, 0xFF, 0xF8, 0x00, 0x00,
    0x00, 0x00, 0x00, 0x00, 0x00, 0x00, 0x00, 0x00, 0x00, 0x00, 0x00, 0x00,
    0x0E, 0x00, 0x00, 0x00, 0x00, 0x00, 0x00, 0x00, 0x00, 0x7F, 0xFD, 0xFF,
    0xBF, 0xFC, 0x00, 0x00, 0x00, 0x00, 0x00, 0x00, 0x00, 0x00, 0x00, 0x00,
    0x00, 0x00, 0x00, 0x00, 0x00, 0x00, 0x00, 0x00, 0x00, 0x00, 0x00, 0x00,
    0x00, 0xFF, 0xFF, 0xF9, 0xFF, 0xFC, 0x80, 0x00, 0x00, 0x00, 0x00, 0x00,
    0x00, 0x00, 0x00, 0x00, 0x00, 0x00, 0x00, 0x00, 0x00, 0x00, 0x00, 0x00,
    0x00, 0x00, 0x00, 0x00, 0x00, 0x7F, 0xFF, 0xFF, 0xFB, 0xFD, 0x80, 0x00,
    0x00, 0x00, 0x00, 0x00, 0x00, 0x00, 0x00, 0x00, 0x00, 0x00, 0x00, 0x00,
    0x00, 0x00, 0x00, 0x00, 0x00, 0x00, 0x00, 0x00, 0x00, 0x61, 0xFF, 0xFF,
    0xFF, 0xF7, 0x80, 0x00, 0x0F, 0xFF, 0xFE, 0x00, 0x06, 0x07, 0x00, 0xF8,
    0x00, 0x00, 0x00, 0x00, 0x00, 0x00, 0x00, 0x00, 0x00, 0x00, 0x00, 0x00,
    0x00, 0x03, 0xEF, 0xFF, 0xFF, 0xFF, 0xC0, 0x03, 0xFF, 0xFF, 0xFF, 0x80,
    0x0F, 0x07, 0x87, 0xFF, 0x00, 0x00, 0x00, 0x00, 0x00, 0x00, 0x00, 0x00,
    0x00, 0x00, 0x00, 0x00, 0x00, 0x06, 0x6F, 0xFF, 0xFF, 0xFD, 0x80, 0x07,
    0xFF, 0xFF, 0xFF, 0xC0, 0x0F, 0x07, 0x8F, 0xFF, 0x80, 0x00, 0x00, 0x00,
    0x00, 0x00, 0x00, 0x00, 0x00, 0x00, 0x00, 0x00, 0x00, 0x06, 0xFF, 0xFF,
    0xFF, 0xFB, 0x80, 0x07, 0xFF, 0xFF, 0xFF, 0xC0, 0x0F, 0x07, 0x8F, 0xFF,
    0x80, 0x00, 0x00, 0x00, 0x00, 0x00, 0x00, 0x00, 0x00, 0x00, 0x00, 0x00,
    0x00, 0x0E, 0xE7, 0xFF, 0xBF, 0xF3, 0x80, 0x07, 0xF8, 0x00, 0x0F, 0xC0,
    0x0F, 0x07, 0x8F, 0xFF, 0x80, 0x00, 0xFF, 0xFE, 0x00, 0x00, 0x00, 0x00,
    0x00, 0x00, 0x00, 0x00, 0x00, 0x26, 0x6F, 0xFF, 0xFF, 0xF8, 0x00, 0x07,
    0xC0, 0x00, 0x07, 0xC0, 0x7F, 0xFF, 0xFF, 0x07, 0x80, 0xFF, 0xFF, 0xFF,
    0x80, 0x00, 0x00, 0x00, 0x00, 0x00, 0x00, 0x00, 0x00, 0x00, 0xFD, 0xFF,
    0xFF, 0xF8, 0x00, 0x07, 0xC0, 0x00, 0x07, 0xC0, 0xFF, 0xFF, 0xFF, 0x07,
    0x80, 0xFF, 0xFF, 0xFF, 0xC0, 0x00, 0x00, 0x00, 0x00, 0x00, 0x00, 0x00,
    0x00, 0x01, 0xFF, 0xFF, 0xFF, 0xFC, 0x00, 0x07, 0xFF, 0xFF, 0xFF, 0xC0,
    0xFF, 0xFF, 0xFF, 0x07, 0x81, 0xFF, 0xFF, 0xFF, 0xC0, 0x00, 0x00, 0x00,
    0x00, 0x00, 0x00, 0x00, 0x00, 0x01, 0xFF, 0xFF, 0xFF, 0xFE, 0x00, 0x07,
    0xFF, 0xFF, 0xFF, 0xC0, 0xFF, 0xFF, 0xEF, 0x07, 0x80, 0xFF, 0xFF, 0xFF,
    0x80, 0x00, 0x00, 0x00, 0x00, 0x00, 0x00, 0x00, 0x00, 0x09, 0xDF, 0xFF,
    0xFF, 0xFE, 0x00, 0x07, 0xFF, 0xFF, 0xFF, 0xC0, 0x0F, 0x07, 0x8F, 0x07,
    0x80, 0xFF, 0xFF, 0xFE, 0x00, 0x00, 0x00, 0x00, 0x00, 0x00, 0x00, 0x00,
    0x00, 0x3D, 0xFF, 0xFF, 0xCF, 0xE8, 0x00, 0x07, 0xFF, 0xFF, 0xFF, 0xC0,
    0x0F, 0x07, 0x8F, 0x07, 0x80, 0x00, 0x00, 0x00, 0x00, 0x00, 0x00, 0x00,
    0x00, 0x00, 0x00, 0x00, 0x00, 0x37, 0xFF, 0xF8, 0x9F, 0xE0, 0x00, 0x07,
    0xC0, 0x00, 0x07, 0xC0, 0x0F, 0x07, 0x8F, 0x07, 0x80, 0x00, 0x00, 0x00,
    0x00, 0x00, 0x00, 0x00, 0x00, 0x00, 0x00, 0x00, 0x00, 0x3F, 0xFF, 0xFC,
    0x0C, 0xE0, 0x00, 0x07, 0xC0, 0x00, 0x07, 0xC0, 0x0F, 0xFF, 0x8F, 0xFF,
    0x80, 0x00, 0x00, 0x00, 0x00, 0x00, 0x00, 0x00, 0x00, 0x00, 0x00, 0x00,
    0x00, 0x7F, 0xDF, 0xFF, 0x81, 0xCC, 0x00, 0x07, 0xC0, 0x00, 0x0F, 0xC0,
    0x0F, 0xFF, 0x8F, 0xFF, 0x80, 0x00, 0x00, 0x00, 0x00, 0x00, 0x00, 0x00,
    0x00, 0x00, 0x00, 0x00, 0x00, 0xBF, 0xFF, 0xFF, 0x40, 0x08, 0x00, 0x07,
    0xFF, 0xFF, 0xFF, 0xC0, 0x0F, 0xFF, 0x8F, 0xFF, 0x80, 0x00, 0x00, 0x00,
    0x00, 0x00, 0x00, 0x00, 0x00, 0x00, 0x00, 0x00, 0x00, 0xBF, 0xFF, 0xFC,
    0x80, 0x00, 0x00, 0x03, 0xFF, 0xFF, 0xFF, 0x80, 0x0F, 0xFF, 0x8F, 0x87,
    0xC0, 0x00, 0x00, 0x00, 0x00, 0x00, 0x00, 0x00, 0x00, 0x00, 0x00, 0x00,
    0x00, 0xFF, 0xFF, 0xFC, 0x84, 0x00, 0x00, 0x03, 0xFF, 0xFF, 0xFF, 0x80,
    0x0F, 0x07, 0x8F, 0x03, 0x80, 0x00, 0x00, 0x00, 0x00, 0x00, 0x00, 0x00,
    0x00, 0x00, 0x00, 0x00, 0x00, 0x7F, 0xFF, 0xFB, 0xFE, 0x40, 0x00, 0x00,
    0xFF, 0xDB, 0xFE, 0x00, 0x0F, 0x07, 0x8F, 0x03, 0x80, 0x00, 0x00, 0x00,
    0x00, 0x00, 0x00, 0x00, 0x00, 0x00, 0x00, 0x00, 0x00, 0x3F, 0xFF, 0xFF,
    0xF9, 0xC8, 0x00, 0x00, 0x70, 0x38, 0x00, 0x00, 0x0F, 0x07, 0x8F, 0x03,
    0xC0, 0x1F, 0xFF, 0xFE, 0x00, 0x00, 0x00, 0x00, 0x00, 0x00, 0x00, 0x00,
    0x01, 0x7F, 0xFF, 0xFF, 0xFD, 0xD8, 0x00, 0x00, 0xF8, 0x3C, 0x00, 0x00,
    0x0F, 0xFF, 0x8F, 0x03, 0xC0, 0x3F, 0xFF, 0xFE, 0x00, 0x00, 0x00, 0x00,
    0x00, 0x00, 0x00, 0x00, 0x01, 0xFF, 0xFF, 0xFF, 0xDD, 0xC0, 0x00, 0x00,
    0xF8, 0x7C, 0x00, 0x00, 0x0F, 0xFF, 0x8F, 0x03, 0xC0, 0x7F, 0xFF, 0xFF,
    0x00, 0x00, 0x00, 0x00, 0x00, 0x00, 0x00, 0x00, 0x00, 0xFF, 0xFF, 0xFF,
    0xFF, 0xE8, 0x00, 0x01, 0xFF, 0xFF, 0xFF, 0x00, 0x0F, 0xFF, 0x8F, 0x03,
    0xC0, 0x7F, 0xFF, 0xFE, 0x00, 0x00, 0x00, 0x00, 0x00, 0x00, 0x00, 0x00,
    0x00, 0xFF, 0xFF, 0xFF, 0xFF, 0xBC, 0x80, 0x03, 0xFF, 0xFF, 0xFF, 0x80,
    0x0F, 0x87, 0x8F, 0xFF, 0xC0, 0x3F, 0xFF, 0xFC, 0x00, 0x00, 0x00, 0x00,
    0x00, 0x00, 0x00, 0x00, 0x01, 0xEF, 0xFF, 0xFF, 0xFF, 0xFF, 0x40, 0x03,
    0xFF, 0xFF, 0xFF, 0x80, 0x0F, 0x07, 0x8F, 0xFF, 0xC0, 0x00, 0x00, 0x00,
    0x00, 0x00, 0x00, 0x00, 0x00, 0x00, 0x00, 0x00, 0x01, 0x27, 0xFF, 0xFF,
    0xFF, 0xF1, 0x80, 0x07, 0xFF, 0xFF, 0xFF, 0x80, 0x0F, 0x07, 0x8F, 0xFF,
    0xC0, 0x00, 0x00, 0x00, 0x00, 0x00, 0x00, 0x00, 0x00, 0x00, 0x00, 0x00,
    0x01, 0x23, 0xFF, 0xFF, 0xFF, 0xF8, 0x00, 0x0F, 0xC0, 0x7C, 0x00, 0x00,
    0x0F, 0x07, 0x8F, 0xFF, 0xC0, 0x00, 0x00, 0x00, 0x00, 0x00, 0x00, 0x00,
    0x00, 0x00, 0x00, 0x00, 0x01, 0xFF, 0xFF, 0xFF, 0xFF, 0xF8, 0x00, 0x0F,
    0xC0, 0x7C, 0x00, 0x00, 0x7F, 0xFF, 0xEF, 0x03, 0xC0, 0x00, 0x00, 0x00,
    0x00, 0x00, 0x00, 0x00, 0x00, 0x00, 0x00, 0x00, 0x01, 0xFF, 0xFF, 0xFF,
    0xFF, 0xFF, 0x80, 0x1F, 0x80, 0x7C, 0x00, 0x00, 0xFF, 0xFF, 0xFF, 0x03,
    0xC0, 0x00, 0x00, 0x00, 0x00, 0x00, 0x00, 0x00, 0x00, 0x00, 0x00, 0x00,
    0x00, 0xFF, 0xFF, 0xFF, 0xFF, 0xFB, 0x80, 0x1F, 0x00, 0x7C, 0x00, 0x00,
    0xFF, 0xFF, 0xFF, 0x03, 0xC0, 0x00, 0x00, 0x00, 0x00, 0x00, 0x00, 0x00,
    0x00, 0x00, 0x00, 0x00, 0x01, 0x3F, 0xFF, 0xFF, 0xF3, 0xE3, 0x00, 0x1E,
    0x3F, 0xFF, 0xFE, 0x00, 0xFF, 0xFF, 0xCF, 0x03, 0xC0, 0x00, 0x00, 0x00,
    0x00, 0x00, 0x00, 0x00, 0x00, 0x00, 0x00, 0x00, 0x00, 0x1F, 0xFF, 0xFF,
    0xFD, 0x60, 0x00, 0x08, 0x7F, 0xFF, 0xFF, 0x00, 0x03, 0x0C, 0x1F, 0x03,
    0xC0, 0x00, 0x00, 0x00, 0x00, 0x00, 0x00, 0x00, 0x00, 0x00, 0x00, 0x00,
    0x00, 0x7F, 0xFB, 0xFF, 0x3C, 0x60, 0x00, 0x00, 0x7F, 0xFF, 0xFE, 0x00,
    0x07, 0x8E, 0x1F, 0x03, 0xC0, 0x00, 0x1F, 0xFF, 0xC0, 0x00, 0x00, 0x00,
    0x00, 0x00, 0x00, 0x00, 0x00, 0x7F, 0xFE, 0x7F, 0xF8, 0x00, 0x00, 0x00,
    0x3F, 0x7E, 0x00, 0x00, 0x0F, 0x8F, 0x1E, 0x03, 0xC3, 0xFF, 0xFF, 0xFF,
    0xF0, 0x00, 0x00, 0x00, 0x00, 0x00, 0x00, 0x00, 0x00, 0xFF, 0xFF, 0x3F,
    0xF8, 0x00, 0x00, 0x00, 0x00, 0x3C, 0x00, 0x00, 0x0F, 0x8F, 0x9E, 0x03,
    0xC7, 0xFF, 0xFF, 0xFF, 0xF8, 0x00, 0x00, 0x00, 0x00, 0x60, 0x00, 0x00,
    0x00, 0xFF, 0xFE, 0x3F, 0x98, 0x00, 0x00, 0x00, 0x00, 0x7C, 0x00, 0x00,
    0x1F, 0x07, 0x9E, 0x07, 0xCF, 0xFF, 0xFF, 0xFF, 0xF8, 0x00, 0x00, 0x00,
    0x00, 0x60, 0x00, 0x00, 0x00, 0x7F, 0xFE, 0x1B, 0x80, 0x00, 0x00, 0x00,
    0x00, 0x7F, 0xFF, 0xE0, 0x1F, 0x07, 0xBE, 0x07, 0xC7, 0xFF, 0xFF, 0xFF,
    0xF8, 0x00, 0x00, 0x00, 0x00, 0x60, 0x00, 0x00, 0x00, 0xBF, 0xFF, 0xB0,
    0x00, 0x00, 0x00, 0x0F, 0xFF, 0xFF, 0xFF, 0xF8, 0x3E, 0x03, 0xFE, 0x3F,
    0xC7, 0xFF, 0xFF, 0xFF, 0xE0, 0x00, 0x00, 0x00, 0x00, 0x60, 0x00, 0x00,
    0x01, 0xBF, 0xFF, 0xF8, 0x00, 0x00, 0x00, 0x1F, 0xFF, 0xFF, 0xFF, 0xFC,
    0x3E, 0x03, 0xFC, 0x3F, 0x80, 0x00, 0x00, 0x00, 0x00, 0x00, 0x00, 0x00,
    0x00, 0x70, 0x00, 0x00, 0x01, 0xFF, 0xFC, 0xFC, 0x00, 0x00, 0x00, 0x1F,
    0xFF, 0xFF, 0xFF, 0xF8, 0x3C, 0x00, 0x3C, 0x3F, 0x80, 0x00, 0x00, 0x00,
    0x00, 0x00, 0x00, 0x00, 0x00, 0xF0, 0x00, 0x00, 0x01, 0xFF, 0xFF, 0xF8,
    0x36, 0x00, 0x00, 0x1F, 0xFF, 0xFF, 0xFF, 0xF8, 0x10, 0x00, 0x18, 0x0F,
    0x00, 0x00, 0x00, 0x00, 0x00, 0x00, 0x00, 0x00, 0x00, 0xF0, 0x00, 0x00,
    0x00, 0xFF, 0xFF, 0xFD, 0x7F, 0x80, 0x00, 0x07, 0x40, 0x00, 0x00, 0x00,
    0x00, 0x00, 0x00, 0x00, 0x00, 0x00, 0x00, 0x00, 0x00, 0x00, 0x00, 0x02,
    0x00, 0xF0, 0x00, 0x00, 0x00, 0xDF, 0xFF, 0xFF, 0x3B, 0x80, 0x04, 0x00,
    0x00, 0x00, 0x00, 0x00, 0x00, 0x00, 0x00, 0x00, 0x00, 0x00, 0x00, 0x00,
    0x00, 0x00, 0x00, 0x03, 0x00, 0xF0, 0x00, 0x00, 0x00, 0xDF, 0xFF, 0xFF,
    0xFF, 0x80, 0x02, 0x00, 0x00, 0x00, 0x00, 0x00, 0x00, 0x00, 0x00, 0x00,
    0x00, 0x00, 0x00, 0x00, 0x00, 0x00, 0x00, 0x03, 0x01, 0xF8, 0x00, 0x00,
    0x00, 0x9F, 0xFF, 0xFF, 0xFF, 0xC0, 0x01, 0x00, 0x00, 0x00, 0x00, 0x00,
    0x00, 0x00, 0x00, 0x00, 0x00, 0x00, 0x00, 0x00, 0x00, 0x00, 0x00, 0x07,
    0x01, 0xF8, 0x00, 0x00, 0x00, 0x9F, 0xFF, 0xFF, 0xFF, 0xC0, 0x00, 0x00,
    0x00, 0x00, 0x00, 0x00, 0x00, 0x00, 0x00, 0x00, 0x00, 0x00, 0x00, 0x00,
    0x00, 0x00, 0x00, 0x07, 0x01, 0xF0, 0x00, 0x00, 0x00, 0x1F, 0xFF, 0xF7,
    0xFF, 0xCC, 0x00, 0x00, 0x00, 0x00, 0x00, 0x00, 0x00, 0x00, 0x00, 0x00,
    0x00, 0x00, 0x00, 0x00, 0x00, 0x00, 0x00, 0x07, 0x01, 0xF9, 0x80, 0x00,
    0x00, 0x7B, 0xFF, 0xFB, 0xFF, 0xDC, 0x00, 0x00, 0x00, 0x00, 0x00, 0x00,
    0x00, 0x00, 0x00, 0x00, 0x00, 0x00, 0x00, 0x00, 0x00, 0x00, 0x00, 0x07,
    0x83, 0xFD, 0x80, 0x00, 0x00, 0x7F, 0xFF, 0xFD, 0xFF, 0xFF, 0x00, 0x00,
    0x00, 0x00, 0x00, 0x00, 0x00, 0x00, 0x00, 0x00, 0x00, 0x00, 0x00, 0x00,
    0x00, 0x00, 0x00, 0x07, 0x83, 0xFC, 0x00, 0x00, 0x00, 0x3D, 0xFF, 0xFF,
    0xFF, 0xFA, 0x00, 0x00, 0x00, 0x00, 0x00, 0x00, 0x00, 0x00, 0x00, 0x00,
    0x00, 0x00, 0x00, 0x00, 0x00, 0x00, 0x03, 0x07, 0x83, 0xFF, 0x40, 0x00,
    0x00, 0x1F, 0x7F, 0xFF, 0xFF, 0xFE, 0x80, 0x01, 0xC0, 0x00, 0x00, 0x00,
    0x00, 0x00, 0x00, 0x00, 0x00, 0x00, 0x00, 0x00, 0x00, 0x70, 0x0B, 0x0F,
    0x83, 0xFF, 0x80, 0x00, 0x00, 0x9F, 0xBF, 0xFF, 0xFF, 0xFF, 0x00, 0x07,
    0xB8, 0x00, 0x00, 0x00, 0x00, 0x00, 0x00, 0x00, 0x00, 0x00, 0x00, 0x00,
    0x00, 0xF8, 0x17, 0xCF, 0xC3, 0xFF, 0x80, 0x00, 0x00, 0x3F, 0xFF, 0xFF,
    0xFF, 0xFD, 0x00, 0x01, 0xFF, 0x00, 0x00, 0x00, 0x00, 0x00, 0x00, 0x00,
    0x00, 0x00, 0x00, 0x00, 0x0F, 0xFA, 0x17, 0xCF, 0xD7, 0xFF, 0x00, 0x00,
    0x00, 0x6F, 0xFF, 0xFF, 0xFF, 0xF6, 0x0C, 0x80, 0x6F, 0xC0, 0x00, 0x00,
    0x00, 0x00, 0x00, 0x00, 0x00, 0x00, 0x00, 0x00, 0x1F, 0xF7, 0x12, 0x1F,
    0xFF, 0xFE, 0x00, 0x00, 0x00, 0x47, 0xFF, 0xFF, 0xFF, 0xF8, 0x1F, 0xC0,
    0x00, 0x20, 0x00, 0x00, 0x00, 0x00, 0x00, 0x00, 0x00, 0x00, 0x00, 0x00,
    0x1F, 0xF7, 0x78, 0x3F, 0xEF, 0xFE, 0x00, 0x00, 0x00, 0x47, 0xFF, 0xFF,
    0xFF, 0xFD, 0xFF, 0xE0, 0x60, 0x03, 0xC0, 0x00, 0x00, 0x00, 0x00, 0x00,
    0x00, 0x00, 0x00, 0x00, 0x1F, 0xF7, 0xE0, 0x3F, 0xD7, 0xFF, 0x80, 0x00,
    0x00, 0x0F, 0xFF, 0xFF, 0xFF, 0xFF, 0xFF, 0xFC, 0x72, 0x00, 0x00, 0x00,
    0x00, 0x00, 0x00, 0x00, 0x00, 0x00, 0x00, 0x06, 0x3F, 0xFF, 0xE0, 0x1F,
    0xEF, 0xFF, 0x80, 0x00, 0x00, 0x4F, 0xFF, 0xFF, 0xFF, 0xFF, 0xFF, 0xFE,
    0xF0, 0x04, 0x18, 0x00, 0x00, 0x00, 0x00, 0x00, 0x00, 0x00, 0x00, 0x3F,
    0x7F, 0xF3, 0xF6, 0x3F, 0xEF, 0xFF, 0x80, 0x00, 0x00, 0x3F, 0xFF, 0xFF,
    0xFF, 0xFF, 0xFF, 0xFF, 0xE0, 0x16, 0x08, 0x00, 0x00, 0x00, 0x00, 0x00,
    0x00, 0x00, 0x00, 0x37, 0xFF, 0xF9, 0xDF, 0xBF, 0xEF, 0xFF, 0x80, 0x00,
    0x00, 0x3F, 0xFF, 0xFF, 0xFF, 0xFF, 0xFF, 0xFF, 0x60, 0x03, 0x00, 0x00,
    0x00, 0x00, 0x00, 0x00, 0x00, 0x00, 0x00, 0xF3, 0xFF, 0xF8, 0x0F, 0x7F,
    0xEF, 0xFF, 0x00, 0x00, 0x00, 0x7F, 0xFF, 0xFF, 0xFF, 0xFF, 0xFF, 0xFF,
    0xF0, 0x00, 0x00, 0x10, 0x00, 0x00, 0x00, 0x00, 0x00, 0x10, 0x01, 0x96,
    0xFF, 0xF2, 0x07, 0xFF, 0xFF, 0xFF, 0x00, 0x00, 0x00, 0x7F, 0xFF, 0xFF,
    0xFF, 0xFF, 0xFF, 0xFF, 0xFD, 0xC0, 0x10, 0x00, 0x00, 0x00, 0x00, 0x00,
    0x00, 0x34, 0x00, 0x0C, 0xFF, 0xE3, 0x37, 0xFF, 0xFF, 0xFF, 0x00, 0x00,
    0x00, 0x7F, 0xFF, 0xFF, 0xFF, 0xFF, 0xF7, 0xFE, 0x7F, 0xE6, 0x00, 0x00,
    0xE0, 0x00, 0x00, 0x00, 0x00, 0xA4, 0x7C, 0x05, 0xFF, 0xF8, 0x3F, 0xFF,
    0xFF, 0xFF, 0xC0, 0x00, 0x00, 0xFF, 0xFF, 0xFF, 0xFF, 0xFF, 0xF1, 0x9F,
    0xDF, 0xF6, 0x00, 0x01, 0x80, 0x00, 0x00, 0x00, 0x19, 0x80, 0x7E, 0x39,
    0xFF, 0xFC, 0x1F, 0xF8, 0x3F, 0xFF, 0xC0, 0x00, 0x00, 0xFF, 0xFF, 0xFF,
    0xFF, 0xFF, 0xFF, 0x9F, 0xDF, 0xF0, 0x00, 0x00, 0x00, 0x00, 0x00, 0x00,
    0x3C, 0xF7, 0x6C, 0xFD, 0xFF, 0xFE, 0xDF, 0xFE, 0x3F, 0xFF, 0xC0, 0x00,
    0x00, 0x3F, 0xFF, 0xFF, 0xFF, 0xFF, 0xFC, 0x1F, 0xFF, 0xF0, 0x00, 0x00,
    0x00, 0x00, 0x00, 0x08, 0x3D, 0xF7, 0xB0, 0xFF, 0xFF, 0xFF, 0xFB, 0xBC,
    0x23, 0xFF, 0xE0, 0x00, 0x00, 0x3F, 0xFE, 0x7F, 0xFF, 0xFF, 0xFA, 0x99,
    0xFF, 0xE0, 0x70, 0x00, 0x00, 0x00, 0x00, 0xFE, 0x7E, 0x7F, 0xFD, 0xFF,
    0xFF, 0xFF, 0xFF, 0xE6, 0x07, 0x3A, 0xE0, 0x00, 0x00, 0x7F, 0xFE, 0xFF,
    0xFF, 0xFF, 0xFF, 0xC1, 0xFF, 0xFC, 0xF0, 0x01, 0xC0, 0x00, 0x01, 0xFF,
    0xFF, 0xF2, 0xFE, 0xFE, 0xFF, 0xFF, 0xFF, 0xFF, 0x07, 0x1F, 0xE0, 0x00,
    0x00, 0x0F, 0xFF, 0xFF, 0xFF, 0xFF, 0xFF, 0x43, 0xFF, 0xFF, 0xFC, 0x73,
    0xE0, 0xE0, 0x01, 0xFF, 0xFF, 0x8F, 0xFF, 0xFF, 0xFF, 0xFF, 0xFF, 0xFE,
    0x60, 0x3F, 0xE0, 0x00, 0x00, 0x7F, 0xFF, 0xFF, 0xFF, 0xFF, 0xFF, 0xED,
    0xBF, 0xFE, 0xFD, 0xFF, 0xED, 0xF7, 0xBF, 0xFF, 0xFE, 0x3F, 0xFF, 0xFF,
    0xFF, 0xFF, 0xFF, 0xFF, 0xF5, 0x87, 0xE0, 0x00, 0x00, 0x7F, 0xFF, 0xFF,
    0xFF, 0xFF, 0xFF, 0xEC, 0x3F, 0xFF, 0xFF, 0xFF, 0xFF, 0xFF, 0x77, 0xFC,
    0xFC, 0xFD, 0xFF, 0xFF, 0xFF, 0xFF, 0xFF, 0xFB, 0xFF, 0xFF, 0xF0, 0x00,
    0x00, 0x7F, 0xFF, 0xFF, 0xFF, 0xFF, 0xFF, 0xFB, 0xFF, 0x7F, 0xFC, 0x64,
    0xFF, 0xFE, 0x7F, 0xFD, 0xFE, 0x7F, 0xFF, 0xFF, 0xFF, 0xFF, 0xFE, 0xF1,
    0xF7, 0xFF, 0xF0, 0x00, 0x00, 0x7F, 0xFF, 0xFF, 0xFF, 0xFF, 0xFF, 0xFD,
    0xFE, 0x7F, 0xFF, 0x00, 0x00, 0x0C, 0xB9, 0xCF, 0xFD, 0xFC, 0xFE, 0xFF,
    0xFF, 0xFF, 0xFF, 0xFD, 0xFF, 0x7F, 0xF8, 0x00, 0x00, 0xFE, 0xFF, 0xFF,
    0xFF, 0xFF, 0xFF, 0xFF, 0xFD, 0xFF, 0xFF, 0x80, 0x00, 0x00, 0x8C, 0xFD,
    0xFD, 0xFD, 0xF6, 0xFF, 0xFF, 0xFF, 0xFF, 0xFF, 0xFF, 0xFF, 0xF0, 0x00,
    0x00, 0x1E, 0xF7, 0xFF, 0xFF, 0xFF, 0xFF, 0xFF, 0xFF, 0xFF, 0xFF, 0x98,
    0x01, 0x18, 0x39, 0xFC, 0x00, 0x00, 0xFE, 0xBD, 0xFF, 0xFF, 0xFF, 0xFF,
    0xFF, 0xFF, 0xE0, 0x00, 0x00, 0x1E, 0xF7, 0xFF, 0xFF, 0xFF, 0xFF, 0xFF,
    0xFF, 0x5F, 0xBF, 0xF8, 0x21, 0xFF, 0xFD, 0x04, 0x1F, 0xFF, 0x06, 0xFD,
    0xFF, 0xFF, 0xFF, 0xFF, 0xFF, 0xFF, 0x80, 0x00, 0x00, 0x1F, 0xFF, 0xFF,
    0xFF, 0xFF, 0xFF, 0xFF, 0xBF, 0x38, 0x13, 0xFF, 0x3F, 0xF7, 0xCC, 0x1F,
    0xFF, 0xFF, 0xF8, 0x3D, 0xFB, 0xFF, 0xC7, 0xFF, 0xFF, 0xFF, 0x80, 0x00,
    0x00, 0xFB, 0x7F, 0xFF, 0xFF, 0xFF, 0xFF, 0xFF, 0xFF, 0xC5, 0x80, 0x02,
    0x7D, 0xF6, 0x0F, 0xFF, 0xE0, 0x01, 0xFF, 0xC5, 0xDB, 0xFF, 0xFF, 0xFE,
    0xEF, 0xFF, 0x80, 0x00, 0x00, 0xFB, 0x7F, 0xFF, 0xFF, 0xFF, 0xFF, 0xFF,
    0xFF, 0xD9, 0xE0, 0x23, 0x77, 0x98, 0x1F, 0xFF, 0xA0, 0x00, 0x3F, 0xFC,
    0xFB, 0xF8, 0xBF, 0xFF, 0xFF, 0xF8, 0x00, 0x00, 0x00, 0xEB, 0xFF, 0xFF,
    0xFF, 0xFF, 0xFF, 0xFF, 0xFF, 0xFB, 0x3B, 0x7F, 0xFC, 0x1F, 0xFF, 0xE7,
    0x17, 0xFC, 0x2E, 0xFF, 0xFA, 0x03, 0xFD, 0xF0, 0x7F, 0xC1, 0x80, 0x00,
    0x00, 0xFF, 0x7F, 0xFF, 0xDB, 0xFF, 0xFF, 0xFF, 0xDF, 0xFF, 0x1F, 0xF7,
    0xB0, 0x3F, 0xFE, 0xEC, 0x9F, 0xFF, 0xC8, 0x9F, 0xFF, 0x7F, 0xE0, 0x01,
    0xE1, 0xA4, 0x00, 0x00, 0x00, 0x3C, 0xFF, 0xFF, 0x3E, 0xFF, 0xFF, 0xFF,
    0xFF, 0xFE, 0xFF, 0xFF, 0x9B, 0x9F, 0xCB, 0xF4, 0xF9, 0xFF, 0xC2, 0xFF,
    0xFF, 0xB0, 0x00, 0x3C, 0x01, 0x1C, 0x00, 0x00, 0x00, 0x17, 0xFE, 0xFF,
    0xBF, 0xF7, 0xFF, 0xFF, 0xFF, 0xFF, 0xFF, 0x21, 0xFF, 0x9F, 0x2E, 0xA2,
    0xBE, 0x3F, 0xF2, 0x1F, 0xFF, 0x87, 0xCF, 0xF0, 0x03, 0x20, 0x00, 0x00,
    0x00, 0x97, 0x7E, 0xFF, 0xF9, 0xFF, 0xFF, 0xFF, 0xFF, 0xFF, 0x80, 0x01,
    0xFF, 0xFF, 0xE8, 0xF3, 0xFC, 0xFF, 0xFC, 0xBF, 0xFF, 0xFF, 0x0E, 0xE3,
    0x89, 0xE0, 0x00, 0x00, 0x00, 0xFF, 0xFF, 0xFF, 0xFF, 0xFF, 0xFF, 0xFF,
    0xFF, 0xFF, 0xC0, 0x0E, 0xFF, 0xED, 0xE7, 0x9F, 0xF9, 0xFF, 0xFD, 0xFF,
    0xFF, 0xFF, 0x3F, 0xFF, 0x8C, 0xE0, 0x00, 0x00, 0x00, 0x79, 0xFF, 0xFF,
    0xEF, 0xFE, 0xFF, 0xFF, 0xFF, 0xFF, 0xA0, 0x7F, 0xFF, 0xDB, 0xEF, 0x80,
    0x1F, 0xF7, 0xFE, 0x7F, 0xFF, 0xF7, 0xFF, 0xEF, 0xF0, 0xE0, 0x00, 0x00,
    0x00, 0x6F, 0x7F, 0x7F, 0xFC, 0x3F, 0xFF, 0xFF, 0x7F, 0xDC, 0x00, 0x3F,
    0xFF, 0xFE, 0xE6, 0x70, 0x1F, 0x7F, 0xFE, 0xFF, 0xFF, 0xFF, 0xF5, 0xFF,
    0x98, 0x60, 0x00, 0x00, 0x01, 0x4E, 0x7F, 0xFF, 0xFE, 0xC3, 0xFF, 0xFF,
    0x97, 0xC0, 0x00, 0x3F, 0xFF, 0xFF, 0xFF, 0x20, 0x00, 0x7F, 0xFF, 0x7F,
    0xFF, 0xFF, 0x6F, 0xFC, 0x7C, 0x60, 0x00, 0x00, 0x01, 0x6F, 0xFF, 0xFF,
    0xFE, 0xC0, 0xBF, 0xFF, 0x85, 0x60, 0x07, 0xE1, 0xFF, 0xFF, 0xFF, 0xC0,
    0x00, 0x79, 0xFF, 0xFF, 0xFF, 0xFF, 0xEF, 0xFF, 0xFE, 0xF0, 0x00, 0x00,
    0x00, 0x7F, 0xFE, 0x7F, 0xBF, 0x88, 0x0E, 0x1F, 0xE8, 0x00, 0x07, 0xFB,
    0xFF, 0xFF, 0xFE, 0xC0, 0x00, 0x27, 0xFF, 0xFF, 0xFE, 0xFF, 0xFF, 0xFF,
    0xCE, 0x7C, 0x00, 0x00, 0x00, 0xF2, 0xFF, 0xFF, 0xFF, 0xF8, 0x03, 0xF7,
    0xC0, 0x00, 0x17, 0xFF, 0xFF, 0xFF, 0xFF, 0xE0, 0x00, 0x03, 0xFF, 0xFF,
    0xFF, 0xFF, 0xFF, 0xFF, 0x9F, 0x78, 0x00, 0x00, 0x00, 0xFD, 0xFF, 0xFF,
    0xFF, 0xFB, 0x63, 0xF0, 0x00, 0x0E, 0x60, 0x5F, 0xFF, 0xFF, 0xFF, 0xEC,
    0x00, 0x03, 0xFF, 0xFF, 0xFE, 0xFF, 0xFF, 0xFF, 0x9F, 0x0C, 0x00, 0x00,
    0x00, 0x1F, 0xFF, 0xF7, 0xFF, 0xFF, 0x7F, 0x80, 0x00, 0x1F, 0xFC, 0x03,
    0xFF, 0xFF, 0xF0, 0xFC, 0x00, 0x03, 0xFF, 0xFF, 0xBF, 0xFF, 0xF1, 0xFF,
    0xFF, 0xED, 0x00, 0x00, 0x00, 0xBF, 0xFD, 0xF3, 0xFF, 0xFF, 0xFE, 0x80,
    0x01, 0xFF, 0xFE, 0xDC, 0xD0, 0x3E, 0xF9, 0x1F, 0xE0, 0x3F, 0xFF, 0xFF,
    0xFF, 0xFB, 0xAF, 0xFF, 0xFF, 0xEC, 0x10, 0x00, 0x00, 0xFF, 0xFF, 0xE1,
    0xFF, 0xFF, 0xE0, 0x00, 0x01, 0xFF, 0x7F, 0xE4, 0x8F, 0x9F, 0xBF, 0xFF,
    0xD0, 0x03, 0xFF, 0xFF, 0xFF, 0x83, 0xFF, 0xFF, 0xFF, 0xFC, 0x80, 0x00,
    0x00, 0xF9, 0xFF, 0xDB, 0xF3, 0xFF, 0xF0, 0x00, 0x07, 0xBF, 0x18, 0xBC,
    0x7F, 0x81, 0xFF, 0xF4, 0x00, 0x0F, 0xFF, 0xFF, 0xF3, 0xCF, 0xFF, 0xFF,
    0xE9, 0xFE, 0x80, 0x00, 0x00, 0x79, 0xBF, 0xDF, 0x21, 0xFF, 0xF2, 0x00,
    0x1F, 0x0F, 0xF3, 0xDF, 0xFD, 0xE5, 0xFF, 0xF0, 0x00, 0x07, 0xFF, 0xFF,
    0xFF, 0xDF, 0xFF, 0xFE, 0x01, 0xFF, 0x00, 0x00, 0x00, 0x5F, 0xFF, 0xDE,
    0x01, 0xFF, 0xC6, 0x00, 0x1F, 0xC9, 0xFF, 0xFF, 0x8F, 0xFF, 0xFF, 0xE0,
    0x00, 0x0F, 0xFF, 0xFF, 0xFF, 0xFF, 0xFF, 0xFF, 0x01, 0xFF, 0x80, 0x00,
    0x00, 0x1F, 0xFF, 0xFF, 0x03, 0x3F, 0xD3, 0x00, 0x07, 0xE1, 0x3F, 0xFF,
    0x87, 0xFF, 0xBF, 0xE0, 0x00, 0x1F, 0xFF, 0xFF, 0xFF, 0xFF, 0xFF, 0xFF,
    0x09, 0xFF, 0x80, 0x00, 0x00, 0xBF, 0xE7, 0xFC, 0x00, 0x1F, 0xF8, 0x00,
    0x03, 0xDB, 0xFF, 0xFF, 0xF7, 0xFF, 0xFF, 0x80, 0x00, 0x1F, 0xFF, 0xFF,
    0xFF, 0xFF, 0xFC, 0xBE, 0x14, 0x3D, 0x90, 0x00, 0x00, 0xFE, 0x67, 0xFC,
    0x1C, 0x3F, 0xFC, 0x06, 0x00, 0x3F, 0xEF, 0x8F, 0xFE, 0xEF, 0xFF, 0x00,
    0x00, 0x6F, 0xFC, 0x1F, 0xFF, 0xFF, 0xF9, 0x3F, 0x5C, 0x3D, 0x90, 0x00,
    0x00, 0x7E, 0x07, 0xBE, 0x3E, 0x1F, 0xFF, 0x9C, 0x00, 0x0F, 0xFF, 0xC3,
    0xFF, 0xF7, 0x9E, 0x00, 0x07, 0xFF, 0x9F, 0xFF, 0xFF, 0xFF, 0xFD, 0xBF,
    0x80, 0xFF, 0x90, 0x00, 0x00, 0x71, 0x02, 0x1E, 0x1E, 0x0F, 0xFF, 0x80,
    0x00, 0x02, 0xF7, 0xFF, 0xFF, 0xFF, 0xFF, 0xF0, 0x00, 0x3F, 0xF0, 0x07,
    0xFF, 0xFF, 0xFD, 0x7F, 0x80, 0x7F, 0xB8, 0x00, 0x00, 0x70, 0x00, 0x3E,
    0x00, 0x1D, 0xFF, 0x00, 0x00, 0x0F, 0xFB, 0xFF, 0xFF, 0xFF, 0xFF, 0x00,
    0x00, 0xFF, 0x00, 0x03, 0xFF, 0xFF, 0x1F, 0xFF, 0xF9, 0x7F, 0xF0, 0x00,
    0x00, 0x38, 0x10, 0x07, 0x90, 0x3F, 0xFF, 0x90, 0x02, 0x03, 0xFF, 0xFF,
    0xFF, 0xCC, 0xC0, 0x00, 0x00, 0x78, 0x1C, 0x00, 0x1F, 0xFF, 0x5F, 0xFF,
    0xFF, 0xFF, 0xF0, 0x00, 0x00, 0x3C, 0x78, 0x03, 0xF3, 0x3F, 0xFF, 0xF4,
    0x00, 0x01, 0xFF, 0xFF, 0xFF, 0xFE, 0xC0, 0x00, 0x00, 0x38, 0x00, 0x00,
    0x7F, 0xFE, 0x6F, 0xF8, 0xFF, 0xFF, 0x70, 0x00, 0x00, 0x20, 0x7A, 0x07,
    0xFB, 0xFF, 0xFF, 0xFC, 0x00, 0x00, 0x1F, 0xFF, 0xF7, 0xE0, 0x00, 0x00,
    0x07, 0xA0, 0x00, 0x01, 0xFF, 0xFF, 0x1F, 0xF8, 0x7F, 0x3F, 0xF0, 0x00,
    0x00, 0x20, 0x3E, 0x0F, 0xFF, 0xFF, 0xF6, 0xF9, 0x00, 0x00, 0x1F, 0xFF,
    0xC8, 0xC3, 0xF0, 0x00, 0x3F, 0xFC, 0x00, 0x00, 0x7F, 0xFF, 0x3F, 0xF3,
    0x3F, 0x3F, 0xF0, 0x00, 0x00, 0x3E, 0x1C, 0x07, 0xEF, 0xFD, 0xFF, 0xFF,
    0x80, 0x00, 0x0D, 0xFF, 0xFF, 0xF3, 0x80, 0x00, 0x0E, 0xE0, 0x00, 0x00,
    0x00, 0xFF, 0xFF, 0xF8, 0xFF, 0x3F, 0xF0, 0x00, 0x00, 0x3E, 0x00, 0x07,
    0xFF, 0xFF, 0xFF, 0xFF, 0xE0, 0x00, 0x00, 0x7F, 0xFF, 0xC0, 0x00, 0x10,
    0x00, 0x00, 0x00, 0x00, 0x00, 0x1F, 0xFF, 0xF9, 0xFF, 0xFF, 0xE0, 0x00,
    0x00, 0xBC, 0x20, 0x3F, 0xFF, 0xFF, 0xFF, 0xFE, 0x00, 0x00, 0x00, 0x07,
    0xFF, 0x8F, 0xE0, 0x70, 0x20, 0x00, 0x00, 0x00, 0x00, 0x03, 0x13, 0xFF,
    0xEF, 0xFF, 0xE0, 0x00, 0x00, 0xFE, 0x62, 0x3F, 0xFF, 0xE7, 0xBF, 0xFF,
    0x00, 0x00, 0x00, 0x40, 0x5F, 0x9F, 0xCC, 0xE0, 0x00, 0x0E, 0x7C, 0x00,
    0x27, 0xFF, 0xFB, 0x7F, 0xC3, 0xFF, 0xE0, 0x00, 0x00, 0xFF, 0xE3, 0x3F,
    0xFF, 0xFF, 0x3F, 0x9F, 0x80, 0x00, 0x3F, 0xDF, 0xFF, 0xFE, 0xDF, 0xC2,
    0xE1, 0xE3, 0xFC, 0x00, 0x37, 0xFF, 0xFF, 0x9E, 0x0B, 0xFF, 0xE0, 0x00,
    0x00, 0xFF, 0xF7, 0xFF, 0xF9, 0xFF, 0xFF, 0xDF, 0xF0, 0x00, 0x3F, 0x0F,
    0xFF, 0xFF, 0x73, 0xC8, 0xFE, 0xFF, 0xF8, 0xC0, 0x31, 0xBF, 0xFF, 0xFE,
    0x31, 0xFF, 0xE0, 0x00, 0x00, 0xFF, 0xFF, 0xEF, 0xE7, 0xFF, 0xFF, 0xFC,
    0x00, 0x00, 0x00, 0x40, 0x00, 0xDF, 0xFE, 0xF9, 0xFF, 0xFE, 0xC0, 0x00,
    0x18, 0x87, 0x9F, 0xFE, 0x07, 0xFF, 0xF0, 0x00, 0x00, 0xFF, 0xFF, 0xBF,
    0xF7, 0xF9, 0xDF, 0xF9, 0xB0, 0x00, 0x00, 0x00, 0x13, 0xFF, 0xFF, 0xFB,
    0xFF, 0xFF, 0xE1, 0x01, 0x1D, 0x8C, 0xCF, 0xFF, 0x97, 0xFF, 0xF0, 0x00,
    0x00, 0xFF, 0xFF, 0xFF, 0xFF, 0xFD, 0xFF, 0xF7, 0xE0, 0x00, 0x00, 0x00,
    0x5F, 0xFF, 0xBF, 0xFF, 0xFF, 0xFF, 0xF0, 0x80, 0x4D, 0xEC, 0xF9, 0xEF,
    0xFF, 0xBF, 0xF0, 0x00, 0x00, 0xFF, 0xFF, 0xFF, 0xFF, 0xFF, 0xFF, 0xFE,
    0x00, 0x00, 0x00, 0x07, 0xFF, 0xFE, 0xFF, 0xEF, 0xFF, 0x7F, 0xFC, 0x78,
    0x6D, 0xDD, 0xFF, 0xEF, 0xFF, 0xFF, 0xF0, 0x00, 0x00, 0xFF, 0xEF, 0xE3,
    0xFF, 0xFF, 0xFF, 0xFF, 0xC0, 0x00, 0x00, 0x3F, 0xFF, 0xFF, 0xFF, 0xD0,
    0x7F, 0xFF, 0xF8, 0x06, 0x34, 0xCF, 0x7F, 0xFF, 0xFF, 0xFF, 0xE0, 0x00,
    0x00, 0xFF, 0xFE, 0x67, 0x7F, 0xFF, 0xFF, 0xF9, 0xD8, 0x00, 0x00, 0x1F,
    0xFF, 0xFF, 0xE7, 0xF1, 0x9F, 0xFC, 0x00, 0x03, 0xBF, 0xCB, 0xF7, 0xF7,
    0x7F, 0xFF, 0xE0, 0x00, 0x00, 0xFF, 0xFF, 0x43, 0xFF, 0xFF, 0xFF, 0xFF,
    0xFC, 0x00, 0x00, 0x07, 0xFF, 0xFF, 0xFF, 0xFE, 0x0F, 0xFD, 0x20, 0x00,
    0x8E, 0xC9, 0xF7, 0xFF, 0x9F, 0xFF, 0xC8, 0x00, 0x00, 0xFF, 0xFF, 0x63,
    0xF7, 0xFF, 0x7F, 0xF8, 0xF0, 0x00, 0x00, 0x01, 0x1F, 0xFF, 0xEF, 0xFF,
    0x1F, 0xFF, 0xF0, 0x00, 0x5E, 0xD9, 0xF7, 0xFF, 0x9F, 0xFF, 0xD0, 0x00,
    0x00, 0xFF, 0xFC, 0x1F, 0xFF, 0xFE, 0xFF, 0x40, 0x00, 0x00, 0x00, 0x00,
    0x7F, 0xFB, 0x4F, 0x3F, 0xFC, 0x7C, 0x04, 0x3F, 0xE3, 0xF9, 0x7B, 0xEF,
    0x8F, 0xFF, 0xF0, 0x00, 0x00, 0xFF, 0xFE, 0xCF, 0xFF, 0xFD, 0xF8, 0x00,
    0x00, 0x00, 0x0C, 0x00, 0x0C, 0x1C, 0x2B, 0x7F, 0xF8, 0x00, 0x80, 0x1B,
    0xE3, 0xFF, 0x3D, 0xEF, 0x1B, 0xEF, 0xF0, 0x00, 0x00, 0xFF, 0xFF, 0xCF,
    0xCF, 0xFF, 0xFF, 0x80, 0x00, 0x00, 0x10, 0x00, 0x00, 0x04, 0x01, 0xDD,
    0xF8, 0x00, 0x00, 0x00, 0x0C, 0x4F, 0xCC, 0xEF, 0x5D, 0xE3, 0xF0, 0x00,
    0x00, 0xF8, 0x01, 0xFE, 0xEF, 0xFC, 0x0E, 0x00, 0x00, 0x00, 0x00, 0x00,
    0x00, 0x00, 0x00, 0x13, 0xC0, 0x00, 0x00, 0x00, 0x06, 0x43, 0xE0, 0xEF,
    0x1F, 0xC7, 0xE0, 0x00, 0x00, 0x76, 0x00, 0x8C, 0xFE, 0xC0, 0x00, 0x00,
    0x00, 0x00, 0x00, 0x00, 0x00, 0x00, 0x00, 0x00, 0x40, 0x00, 0x00, 0x00,
    0x01, 0x01, 0xE0, 0xE6, 0x1E, 0x0D, 0xC0, 0x00, 0x00, 0x40, 0x00, 0x00,
    0x4C, 0x00, 0x00, 0x00, 0x00, 0x00, 0x00, 0x00, 0x00, 0x00, 0x00, 0x00,
    0x00, 0x00, 0x00, 0x00, 0x00, 0x00, 0x50, 0x24, 0x1E, 0x18, 0x00, 0x00,
    0x00, 0x00, 0x00, 0x00, 0x00, 0x00, 0x00, 0x00, 0x00, 0x00, 0x00, 0x00,
    0x00, 0x00, 0x00, 0x00, 0x00, 0x00, 0x00, 0x00, 0x00, 0x00, 0x00, 0x00,
    0x00, 0x00, 0x00, 0x00, 0x00, 0x00, 0x00, 0x00, 0x00, 0x00, 0x00, 0x00,
    0x00, 0x00, 0x00, 0x00, 0x00, 0x00, 0x00, 0x00, 0x00, 0x00, 0x00, 0x00,
    0x00, 0x00, 0x00, 0x00, 0x00, 0x00, 0x00, 0x00, 0x00, 0x00, 0x00, 0x00,
    0x00, 0x00, 0x00, 0x00, 0x00, 0x00, 0x00, 0x00, 0x00, 0x00, 0x00, 0x00,
    0x00, 0x00, 0x00, 0x00, 0x00, 0x00, 0x00, 0x00, 0x00, 0x00, 0x00, 0x00,
    0x00, 0x00, 0x00, 0x00, 0x00, 0x00, 0x00, 0x00, 0x00, 0x00, 0x00, 0x00,
    0x00, 0x00, 0x00, 0x00, 0x00, 0x00, 0x00, 0x00, 0x00, 0x00, 0x00, 0x00,
    0x00, 0x00, 0x00, 0x00, 0x00, 0x00, 0x00, 0x00, 0x00, 0x00, 0x00, 0x00,
    0x00, 0x00, 0x00, 0x00, 0x00, 0x00, 0x00, 0x00, 0x00, 0x00, 0x00, 0x00,
    0x00, 0x00, 0x00, 0x00, 0x00, 0x00, 0x00, 0x00, 0x00, 0x00, 0x00, 0x00,
    0x00, 0x00, 0x00, 0x00, 0x00, 0x00, 0x00, 0x00, 0x00, 0x00, 0x00, 0x00,
    0x00, 0x00, 0x00, 0x00, 0x00, 0x00, 0x00, 0x00, 0x00, 0x00, 0x00, 0x00,
    0x00, 0x00, 0x00, 0x00, 0x00, 0x00, 0x00, 0x00, 0x00, 0x00, 0x00, 0x00,
    0x00, 0x00, 0x00, 0x00, 0x00, 0x00, 0x00, 0x00, 0x00, 0x00, 0x00, 0x00,
    0x00, 0x00, 0x00, 0x00,
};
static_assert(sizeof(clock_gallery_image_03) == CLOCK_GALLERY_IMAGE_BYTES_PER_ROW * CLOCK_GALLERY_IMAGE_HEIGHT,
              "clock_gallery_image_03 payload size mismatch");

// 星期四.png
static const uint8_t clock_gallery_image_04[] = {
    0x00, 0x00, 0x00, 0x00, 0x00, 0x00, 0x00, 0x00, 0x00, 0x00, 0x00, 0x00,
    0x00, 0x00, 0x00, 0x00, 0x00, 0x00, 0x00, 0x00, 0x00, 0x00, 0x00, 0x00,
    0x00, 0x00, 0x00, 0x00, 0x00, 0x00, 0x00, 0x00, 0x00, 0x00, 0x00, 0x00,
    0x00, 0x00, 0x00, 0x00, 0x00, 0x00, 0x00, 0x00, 0x00, 0x00, 0x00, 0x00,
    0x00, 0x00, 0x00, 0x00, 0x00, 0x00, 0x00, 0x00, 0x00, 0x00, 0x00, 0x00,
    0x00, 0x00, 0x00, 0x00, 0x00, 0x00, 0x00, 0x00, 0x00, 0x00, 0x00, 0x00,
    0x00, 0x00, 0x00, 0x00, 0x00, 0x00, 0x00, 0x00, 0x00, 0x00, 0x00, 0x00,
    0x00, 0x00, 0x00, 0x00, 0x00, 0x00, 0x00, 0x00, 0x00, 0x00, 0x00, 0x00,
    0x00, 0x00, 0x00, 0x00, 0x00, 0x00, 0x00, 0x00, 0x00, 0x00, 0x00, 0x00,
    0x00, 0x00, 0x00, 0x00, 0x00, 0x00, 0x00, 0x00, 0x00, 0x00, 0x00, 0x00,
    0x00, 0x00, 0x00, 0x00, 0x00, 0x00, 0x00, 0x00, 0x00, 0x00, 0x00, 0x00,
    0x00, 0x00, 0x00, 0x00, 0x00, 0x00, 0x00, 0x00, 0x00, 0x00, 0x00, 0x00,
    0x00, 0x00, 0x00, 0x00, 0x00, 0x00, 0x00, 0x00, 0x00, 0x00, 0x00, 0x00,
    0x00, 0x00, 0x00, 0x00, 0x00, 0x00, 0x00, 0x00, 0x00, 0x00, 0x00, 0x00,
    0x00, 0x00, 0x00, 0x00, 0x00, 0x00, 0x00, 0x00, 0x00, 0x00, 0x00, 0x00,
    0x00, 0x00, 0x00, 0x00, 0x00, 0x00, 0x00, 0x00, 0x00, 0x00, 0x00, 0x00,
    0x00, 0x00, 0x00, 0x00, 0x00, 0x00, 0x00, 0x00, 0x00, 0x00, 0x00, 0x00,
    0x00, 0x00, 0x00, 0x00, 0x00, 0x00, 0x00, 0x00, 0x00, 0x00, 0x00, 0x00,
    0x00, 0x00, 0x00, 0x00, 0x00, 0x00, 0x00, 0x00, 0x00, 0x00, 0x00, 0x00,
    0x00, 0x00, 0x00, 0x00, 0x00, 0x00, 0x00, 0x00, 0x00, 0x00, 0x00, 0x00,
    0x00, 0x00, 0x00, 0x00, 0x00, 0x00, 0x00, 0x00, 0x00, 0x00, 0x00, 0x00,
    0x00, 0x00, 0x00, 0x00, 0x00, 0x00, 0x00, 0x00, 0x00, 0x00, 0x00, 0x00,
    0x00, 0x00, 0x00, 0x00, 0x00, 0x00, 0x00, 0x00, 0x00, 0x00, 0x00, 0x00,
    0x00, 0x00, 0x00, 0x00, 0x00, 0x00, 0x00, 0x00, 0x00, 0x00, 0x00, 0x00,
    0x00, 0x00, 0x00, 0x00, 0x00, 0x00, 0x00, 0x00, 0x00, 0x00, 0x00, 0x00,
    0x00, 0x00, 0x00, 0x00, 0x00, 0x00, 0x00, 0x00, 0x00, 0x00, 0x00, 0x00,
    0x00, 0x00, 0x00, 0x00, 0x00, 0x00, 0x00, 0x00, 0x00, 0x00, 0x00, 0x00,
    0x00, 0x00, 0x00, 0x00, 0x00, 0x00, 0x00, 0x00, 0x00, 0x00, 0x00, 0x00,
    0x00, 0x00, 0x00, 0x00, 0x00, 0x00, 0x00, 0x00, 0x00, 0x00, 0x00, 0x00,
    0x00, 0x00, 0x00, 0x00, 0x00, 0x00, 0x00, 0x00, 0x00, 0x00, 0x00, 0x00,
    0x00, 0x00, 0x00, 0x00, 0x00, 0x00, 0x00, 0x00, 0x00, 0x00, 0x00, 0x00,
    0x00, 0x00, 0x00, 0x00, 0x00, 0x00, 0x00, 0x00, 0x00, 0x00, 0x00, 0x00,
    0x00, 0x00, 0x00, 0x00, 0x00, 0x00, 0x00, 0x00, 0x00, 0x00, 0x00, 0x00,
    0x00, 0x00, 0x00, 0x00, 0x00, 0x00, 0x00, 0x00, 0x00, 0x00, 0x00, 0x00,
    0x00, 0x00, 0x00, 0x00, 0x00, 0x00, 0x00, 0x00, 0x00, 0x00, 0x00, 0x00,
    0x00, 0x00, 0x00, 0x00, 0x00, 0x00, 0x00, 0x00, 0x00, 0x00, 0x00, 0x00,
    0x00, 0x00, 0x00, 0x00, 0x00, 0x00, 0x00, 0x00, 0x00, 0x00, 0x00, 0x00,
    0x00, 0x00, 0x00, 0x00, 0x00, 0x00, 0x00, 0x00, 0x00, 0x00, 0x00, 0x00,
    0x00, 0x00, 0x00, 0x00, 0x00, 0x00, 0x00, 0x00, 0x00, 0x00, 0x00, 0x00,
    0x00, 0x00, 0x00, 0x00, 0x00, 0x00, 0x00, 0x00, 0x00, 0x00, 0x00, 0x00,
    0x00, 0x00, 0x00, 0x00, 0x00, 0x00, 0x00, 0x00, 0x00, 0x00, 0x00, 0x00,
    0x00, 0x00, 0x00, 0x00, 0x00, 0x00, 0x00, 0x00, 0x00, 0x00, 0x00, 0x00,
    0x00, 0x00, 0x00, 0x00, 0x00, 0x00, 0x00, 0x00, 0x00, 0x00, 0x00, 0x00,
    0x00, 0x00, 0x00, 0x00, 0x00, 0x00, 0x00, 0x00, 0x00, 0x00, 0x00, 0x00,
    0x00, 0x00, 0x00, 0x00, 0x00, 0x00, 0x00, 0x00, 0x00, 0x00, 0x00, 0x00,
    0x00, 0x00, 0x00, 0x00, 0x00, 0x00, 0x00, 0x00, 0x00, 0x00, 0x00, 0x00,
    0x00, 0x00, 0x00, 0x00, 0x00, 0x00, 0x00, 0x00, 0x00, 0x00, 0x00, 0x00,
    0x00, 0x00, 0x00, 0x00, 0x00, 0x00, 0x00, 0x00, 0x00, 0x00, 0x00, 0x00,
    0x00, 0x00, 0x00, 0x00, 0x00, 0x00, 0x00, 0x00, 0x00, 0x00, 0x00, 0x00,
    0x00, 0x00, 0x00, 0x00, 0x00, 0x00, 0x00, 0x00, 0x00, 0x00, 0x00, 0x00,
    0x00, 0x20, 0x18, 0x00, 0x00, 0x00, 0x00, 0x00, 0x00, 0x00, 0x00, 0x00,
    0x00, 0x00, 0x00, 0x00, 0x00, 0x00, 0x00, 0x00, 0x00, 0x00, 0x00, 0x00,
    0x00, 0x00, 0x00, 0x00, 0x00, 0x60, 0x10, 0x00, 0x00, 0x00, 0x00, 0x00,
    0x00, 0x00, 0x00, 0x00, 0x00, 0x00, 0x00, 0x00, 0x00, 0x00, 0x00, 0x00,
    0x00, 0x00, 0x00, 0x00, 0x00, 0x00, 0x00, 0x00, 0x00, 0x60, 0x10, 0x00,
    0x00, 0x00, 0x00, 0x00, 0x00, 0x00, 0x00, 0x00, 0x00, 0x00, 0x00, 0x00,
    0x00, 0x00, 0x00, 0x00, 0x00, 0x00, 0x00, 0x00, 0x00, 0x00, 0x00, 0x00,
    0x00, 0x30, 0x00, 0x00, 0x00, 0x00, 0x00, 0x00, 0x00, 0x00, 0x00, 0x00,
    0x00, 0x00, 0x00, 0x00, 0x00, 0x00, 0x00, 0x00, 0x00, 0x00, 0x00, 0x00,
    0x00, 0x00, 0x00, 0x00, 0x00, 0x30, 0x20, 0x0C, 0x00, 0x00, 0x00, 0x00,
    0x00, 0x00, 0x00, 0x00, 0x00, 0x00, 0x00, 0x00, 0x00, 0x00, 0x00, 0x00,
    0x00, 0x00, 0x00, 0x00, 0x00, 0x00, 0x00, 0x00, 0x60, 0x30, 0x20, 0x08,
    0x00, 0x00, 0x00, 0x00, 0x00, 0x00, 0x00, 0x00, 0x00, 0x00, 0x00, 0x00,
    0x00, 0x00, 0x00, 0x00, 0x00, 0x00, 0x00, 0x00, 0x00, 0x00, 0x00, 0x00,
    0x70, 0x10, 0x20, 0x10, 0x00, 0x00, 0x00, 0x00, 0x00, 0x00, 0x00, 0x00,
    0x00, 0x00, 0x00, 0x00, 0x00, 0x00, 0x00, 0x00, 0x00, 0x00, 0x00, 0x00,
    0x00, 0x00, 0x00, 0x00, 0x38, 0x00, 0x00, 0x40, 0x00, 0x00, 0x00, 0x00,
    0x00, 0x00, 0x00, 0x00, 0x00, 0x00, 0x00, 0x00, 0x00, 0x00, 0x00, 0x00,
    0x00, 0x00, 0x00, 0x00, 0x03, 0x80, 0x00, 0x00, 0x0C, 0x00, 0x00, 0x80,
    0x00, 0x00, 0x00, 0x00, 0x00, 0x00, 0x00, 0x00, 0x00, 0x00, 0x00, 0x00,
    0x00, 0x00, 0x00, 0x00, 0x00, 0x00, 0x00, 0x03, 0xFF, 0xE0, 0x00, 0x00,
    0x06, 0x00, 0x00, 0x00, 0x00, 0x00, 0x00, 0x00, 0x00, 0x00, 0x00, 0x00,
    0x00, 0x00, 0x00, 0x00, 0x00, 0x00, 0x00, 0x00, 0x00, 0x00, 0x00, 0x3F,
    0xFF, 0xF0, 0x00, 0x00, 0x00, 0x00, 0x00, 0x00, 0x00, 0x00, 0x00, 0x00,
    0x00, 0x00, 0x00, 0x00, 0x00, 0x00, 0x00, 0x00, 0x00, 0x00, 0x00, 0x00,
    0x00, 0x00, 0x03, 0xFF, 0xFF, 0xF2, 0x00, 0x00, 0x00, 0x00, 0x00, 0x01,
    0x80, 0x00, 0x00, 0x00, 0x00, 0x00, 0x00, 0x00, 0x00, 0x00, 0x00, 0x00,
    0x00, 0x00, 0x00, 0x00, 0x00, 0x00, 0x1F, 0xFF, 0xFF, 0xE7, 0x00, 0x03,
    0xC0, 0x00, 0x00, 0x10, 0x00, 0x00, 0x70, 0x00, 0x00, 0x00, 0x00, 0x00,
    0x00, 0x00, 0x00, 0x00, 0x00, 0x00, 0x00, 0x00, 0x00, 0x00, 0x1F, 0xFF,
    0xF8, 0x07, 0x00, 0x00, 0x00, 0x00, 0x00, 0x00, 0x00, 0x00, 0x70, 0x00,
    0x00, 0x00, 0x00, 0x00, 0x00, 0x00, 0x00, 0x00, 0x00, 0x00, 0x00, 0x00,
    0x00, 0x00, 0x3F, 0xFF, 0xE0, 0x07, 0x00, 0x00, 0x00, 0x00, 0x00, 0x00,
    0x00, 0x00, 0xF0, 0x00, 0x00, 0x00, 0x00, 0x00, 0x00, 0x00, 0x00, 0x00,
    0x00, 0x00, 0x00, 0x00, 0x00, 0x00, 0x1F, 0xF3, 0xE0, 0x0F, 0x00, 0x00,
    0x00, 0x00, 0x00, 0x00, 0x00, 0x00, 0xF0, 0x00, 0x00, 0x00, 0x00, 0x08,
    0x00, 0x00, 0x00, 0x00, 0x00, 0x00, 0x00, 0x00, 0x00, 0x00, 0x0E, 0x03,
    0xE0, 0x0F, 0x00, 0x00, 0x00, 0x00, 0x00, 0x00, 0x00, 0x00, 0xF0, 0x00,
    0x00, 0x00, 0x00, 0x1C, 0x00, 0x00, 0x00, 0x00, 0x00, 0x00, 0x00, 0x00,
    0x00, 0xC0, 0x00, 0x03, 0xE0, 0x0F, 0x00, 0x00, 0x00, 0x00, 0x00, 0x00,
    0x00, 0x00, 0xF0, 0x00, 0x00, 0x00, 0x00, 0x1C, 0x00, 0x00, 0x00, 0x00,
    0x00, 0x00, 0x00, 0x00, 0x01, 0xC0, 0x00, 0x03, 0xE0, 0x0F, 0x00, 0x00,
    0x00, 0x00, 0x00, 0x00, 0x00, 0x00, 0xF0, 0x00, 0x00, 0x00, 0x00, 0x1C,
    0x00, 0x00, 0x00, 0x00, 0x00, 0x00, 0x00, 0x00, 0x00, 0xE0, 0x00, 0x03,
    0xE0, 0x0F, 0x00, 0x00, 0x00, 0x00, 0x00, 0x00, 0x00, 0x00, 0xF0, 0x00,
    0x00, 0x00, 0x00, 0x1C, 0x00, 0x00, 0x00, 0x00, 0x00, 0x00, 0x00, 0x00,
    0x00, 0xE0, 0x00, 0x03, 0xE0, 0x0F, 0x00, 0x00, 0x00, 0x00, 0x00, 0x00,
    0x00, 0x00, 0xE0, 0x00, 0x00, 0x00, 0x00, 0x1C, 0x00, 0x00, 0x00, 0x00,
    0x00, 0x00, 0x00, 0x00, 0x00, 0xE0, 0x00, 0x07, 0xE0, 0x0F, 0x00, 0x00,
    0x00, 0x01, 0x00, 0x0F, 0xC0, 0x01, 0xE0, 0x00, 0x00, 0x00, 0x00, 0x08,
    0x00, 0x00, 0x00, 0x00, 0x00, 0x00, 0x00, 0x00, 0x00, 0x73, 0x00, 0x07,
    0xE0, 0x0F, 0x1C, 0x03, 0x01, 0x83, 0x9E, 0x1F, 0xE0, 0x1D, 0xE0, 0x3E,
    0x03, 0x01, 0x80, 0x88, 0x00, 0x00, 0x00, 0x00, 0x00, 0x00, 0x00, 0x00,
    0x00, 0x23, 0x00, 0x03, 0xE0, 0x0F, 0x3F, 0x07, 0x83, 0xC3, 0xBF, 0x3F,
    0xF0, 0x7F, 0xE0, 0x7F, 0x07, 0x83, 0xC1, 0xC1, 0x80, 0x00, 0x00, 0x00,
    0x00, 0x00, 0x00, 0x00, 0x00, 0x13, 0x80, 0x07, 0xE0, 0x0F, 0x7F, 0x07,
    0x83, 0xC3, 0xFF, 0xBC, 0x60, 0xFF, 0xE0, 0xFF, 0x87, 0x83, 0xC1, 0xC3,
    0x80, 0x00, 0x00, 0x00, 0x00, 0x00, 0x00, 0x00, 0x03, 0x93, 0x00, 0x07,
    0xE0, 0x1F, 0xFF, 0x87, 0x03, 0xC3, 0xF3, 0xBC, 0x01, 0xFF, 0xE1, 0xF3,
    0xC7, 0x83, 0x81, 0xC7, 0x80, 0x00, 0x00, 0x00, 0x00, 0x00, 0x00, 0x00,
    0x03, 0xC3, 0x00, 0x03, 0xE0, 0x1F, 0xE7, 0x8F, 0x03, 0x83, 0xE1, 0x3C,
    0x03, 0xE3, 0xE3, 0xE3, 0xC7, 0x07, 0x80, 0xDF, 0x00, 0x00, 0x00, 0x00,
    0x00, 0x00, 0x00, 0x00, 0x01, 0xF3, 0x00, 0x03, 0xE0, 0x1F, 0xC7, 0x8F,
    0x07, 0x87, 0xC0, 0x3F, 0x03, 0xC1, 0xE3, 0xC3, 0x87, 0x07, 0x80, 0xFC,
    0x00, 0x00, 0x00, 0x00, 0x00, 0x00, 0x00, 0x00, 0x00, 0xFB, 0x00, 0x03,
    0xE0, 0x1F, 0xC7, 0x8F, 0x07, 0x87, 0xC0, 0x1F, 0x87, 0x81, 0xE7, 0x87,
    0x87, 0x07, 0x80, 0x60, 0x00, 0x00, 0x00, 0x00, 0x00, 0x00, 0x00, 0x00,
    0x00, 0x06, 0x00, 0x03, 0xE0, 0x1F, 0x87, 0x8F, 0x07, 0x87, 0xC0, 0x07,
    0xE7, 0x83, 0xC7, 0x87, 0x8F, 0x0F, 0x80, 0x40, 0x00, 0x00, 0x00, 0x00,
    0x00, 0x00, 0x00, 0x00, 0x00, 0x02, 0x18, 0x03, 0xE0, 0x1F, 0x87, 0x8F,
    0x0F, 0x87, 0x80, 0x03, 0xE7, 0x83, 0xC7, 0x87, 0x8F, 0x0F, 0x8C, 0x40,
    0x00, 0x00, 0x00, 0x00, 0x00, 0x00, 0x00, 0x00, 0x00, 0x01, 0x18, 0x03,
    0xE0, 0x1F, 0x07, 0x8F, 0x0F, 0x87, 0x80, 0x00, 0xF7, 0x87, 0xC7, 0x0F,
    0x8F, 0x1F, 0x8E, 0x80, 0x00, 0x00, 0x00, 0x00, 0x00, 0x00, 0x00, 0x00,
    0x00, 0x00, 0x1C, 0x03, 0xE0, 0x1F, 0x07, 0x8F, 0x1F, 0xC7, 0x80, 0x60,
    0xF7, 0x8F, 0xE7, 0x9F, 0x87, 0xBF, 0x8E, 0x3C, 0x00, 0x00, 0x00, 0x00,
    0x00, 0x00, 0x00, 0x00, 0x00, 0x3E, 0x9C, 0x03, 0xE0, 0x1F, 0x07, 0x87,
    0xFF, 0xC7, 0x80, 0x79, 0xF7, 0xFF, 0xE7, 0xFF, 0xE7, 0xFF, 0x87, 0xFC,
    0x00, 0x00, 0x00, 0x00, 0x00, 0x00, 0x00, 0x00, 0x00, 0x7F, 0xCC, 0x03,
    0xE0, 0x1F, 0x03, 0xE7, 0xF9, 0xF7, 0x80, 0x7F, 0xE3, 0xFE, 0xF3, 0xFF,
    0xF7, 0xF7, 0x07, 0xF8, 0x00, 0x00, 0x00, 0x00, 0x00, 0x00, 0x00, 0x00,
    0x00, 0x7F, 0x38, 0x03, 0xF0, 0x1E, 0x03, 0xE3, 0xF1, 0xE7, 0x80, 0x3F,
    0xE1, 0xFC, 0xFB, 0xF9, 0xF3, 0xE7, 0x06, 0x00, 0x00, 0x00, 0x00, 0x00,
    0x00, 0x00, 0x00, 0x00, 0x00, 0x00, 0x0C, 0x03, 0xF0, 0x1E, 0x01, 0xE1,
    0xE0, 0x43, 0x00, 0x1F, 0x80, 0xF0, 0x70, 0xE0, 0xC0, 0x0F, 0x04, 0x00,
    0x00, 0x00, 0x00, 0x00, 0x00, 0x00, 0x00, 0x00, 0x00, 0x00, 0x06, 0x03,
    0xF0, 0x0C, 0x00, 0x00, 0x00, 0x00, 0x00, 0x00, 0x00, 0x00, 0x00, 0x00,
    0x00, 0x0F, 0x08, 0x00, 0x00, 0x00, 0x00, 0x00, 0x00, 0x00, 0x00, 0x00,
    0x00, 0x00, 0x01, 0x83, 0xF0, 0x00, 0x00, 0x00, 0x00, 0x00, 0x00, 0x00,
    0x00, 0x00, 0x00, 0x00, 0x00, 0x0F, 0x10, 0x00, 0x00, 0x00, 0x00, 0x00,
    0x00, 0x00, 0x00, 0x00, 0x00, 0x00, 0x00, 0x01, 0xF0, 0x00, 0x00, 0x00,
    0x00, 0x00, 0x00, 0x00, 0x00, 0x00, 0x00, 0x00, 0x00, 0x1E, 0x00, 0x00,
    0x00, 0x00, 0x00, 0x00, 0x00, 0x00, 0x00, 0x00, 0x00, 0x00, 0x00, 0x00,
    0xE0, 0x00, 0x00, 0x00, 0x00, 0x00, 0x00, 0x00, 0x00, 0x00, 0x00, 0x00,
    0x00, 0x1E, 0x00, 0x00, 0x00, 0x00, 0x00, 0x00, 0x00, 0x00, 0x00, 0x00,
    0x00, 0x00, 0x00, 0x00, 0x00, 0x00, 0x00, 0x00, 0x01, 0xFF, 0xFF, 0xFF,
    0xFF, 0xC0, 0x00, 0x00, 0x00, 0x3E, 0x00, 0x00, 0x00, 0x00, 0x00, 0x00,
    0x00, 0x00, 0x00, 0x00, 0x00, 0x00, 0x00, 0x00, 0x00, 0x00, 0x00, 0x01,
    0xFF, 0xFF, 0xFF, 0xFF, 0xFF, 0xFF, 0x00, 0x00, 0x30, 0x3C, 0x00, 0x00,
    0x00, 0x00, 0x00, 0x00, 0x00, 0x00, 0x00, 0x00, 0x00, 0x00, 0x00, 0x00,
    0x00, 0x00, 0x00, 0x3F, 0xFF, 0xFE, 0x00, 0x00, 0x03, 0xFF, 0xF8, 0x80,
    0x3C, 0xFC, 0x00, 0x00, 0x00, 0x00, 0x00, 0x00, 0x00, 0x00, 0x00, 0x00,
    0x00, 0x00, 0x00, 0x00, 0x00, 0x00, 0x07, 0xFF, 0xE0, 0x00, 0x00, 0x00,
    0x00, 0x00, 0x79, 0xC0, 0x3F, 0xF8, 0x00, 0x00, 0x00, 0x00, 0x00, 0x00,
    0x00, 0x00, 0x00, 0x00, 0x00, 0x00, 0x00, 0x00, 0x00, 0x00, 0x3F, 0xE0,
    0x00, 0x00, 0x00, 0x00, 0x00, 0x00, 0x00, 0xC0, 0x1F, 0xF0, 0x00, 0x00,
    0x00, 0x00, 0x00, 0x00, 0x00, 0x00, 0x00, 0x00, 0x00, 0x00, 0x00, 0x00,
    0x00, 0x00, 0x38, 0x00, 0x00, 0x00, 0x00, 0x00, 0x00, 0x00, 0x00, 0x00,
    0x0F, 0xE0, 0x00, 0x00, 0x00, 0x00, 0x00, 0x00, 0x00, 0x00, 0x00, 0x00,
    0x00, 0x00, 0x00, 0x00, 0x00, 0x00, 0x00, 0x00, 0x00, 0x00, 0x00, 0x00,
    0x00, 0x00, 0x00, 0x00, 0x03, 0x80, 0x00, 0x00, 0x00, 0x00, 0x00, 0x00,
    0x00, 0x00, 0x00, 0x00, 0x00, 0x00, 0x00, 0x00, 0x00, 0x00, 0x00, 0x00,
    0x00, 0x00, 0x00, 0x00, 0x00, 0x00, 0x00, 0x00, 0x00, 0x00, 0x00, 0x00,
    0x00, 0x00, 0x00, 0x00, 0x00, 0x00, 0x00, 0x00, 0x00, 0x00, 0x00, 0x00,
    0x00, 0x00, 0x00, 0x00, 0x00, 0x00, 0x00, 0x00, 0x00, 0x00, 0x00, 0x00,
    0x00, 0x00, 0x00, 0x00, 0x00, 0x00, 0x00, 0x00, 0x00, 0x00, 0x00, 0x00,
    0x00, 0x00, 0x00, 0x00, 0x00, 0x00, 0x00, 0x00, 0x00, 0x00, 0x00, 0x00,
    0x00, 0x00, 0x00, 0x00, 0x00, 0x00, 0x00, 0x00, 0x00, 0x00, 0x00, 0x00,
    0x00, 0x00, 0x00, 0x00, 0x00, 0x00, 0x00, 0x00, 0x00, 0x00, 0x00, 0x00,
    0x00, 0x00, 0x00, 0x00, 0x00, 0x00, 0x00, 0x00, 0x00, 0x00, 0x00, 0x00,
    0x00, 0x00, 0x00, 0x00, 0x00, 0x30, 0x00, 0x00, 0x00, 0x00, 0x00, 0x00,
    0x00, 0x00, 0x00, 0x00, 0x00, 0x00, 0x00, 0x00, 0x00, 0x00, 0x00, 0x00,
    0x00, 0x00, 0x00, 0x00, 0x00, 0x00, 0x00, 0x00, 0x00, 0x08, 0x00, 0x00,
    0x00, 0x00, 0x00, 0x03, 0xFF, 0xFF, 0xFE, 0x00, 0x03, 0x81, 0xC0, 0x00,
    0x00, 0x00, 0x00, 0x00, 0x00, 0x00, 0x00, 0x00, 0x00, 0x00, 0x00, 0x00,
    0x00, 0x0C, 0x00, 0x00, 0x00, 0x00, 0x00, 0x07, 0xFF, 0xFF, 0xFF, 0x00,
    0x07, 0xC1, 0xE0, 0x00, 0x00, 0x00, 0x00, 0x00, 0x00, 0x00, 0x00, 0x00,
    0x08, 0x00, 0x00, 0x00, 0x00, 0x06, 0x00, 0x00, 0x00, 0x00, 0x00, 0x0F,
    0xFF, 0xFF, 0xFF, 0x00, 0x07, 0xC1, 0xE0, 0x7F, 0xF0, 0x00, 0x00, 0x00,
    0x00, 0x00, 0x00, 0x00, 0x18, 0x00, 0x00, 0x00, 0x00, 0x02, 0x00, 0x00,
    0x00, 0x00, 0x00, 0x0F, 0xE0, 0x00, 0x1F, 0x80, 0x07, 0xC1, 0xE0, 0xFF,
    0xF8, 0x00, 0x00, 0x00, 0x00, 0x00, 0x00, 0x00, 0x18, 0x00, 0x00, 0x00,
    0x00, 0x05, 0x00, 0x00, 0x00, 0x00, 0x00, 0x0F, 0x80, 0x00, 0x0F, 0x80,
    0x07, 0xC1, 0xE0, 0xFF, 0xFC, 0x00, 0x00, 0x00, 0x00, 0x00, 0x00, 0x00,
    0x08, 0x00, 0x00, 0x00, 0x00, 0x08, 0x80, 0x00, 0x00, 0x01, 0x00, 0x0F,
    0x80, 0x00, 0x0F, 0x80, 0x3F, 0xFF, 0xFC, 0xFF, 0xFC, 0x00, 0x00, 0x00,
    0x00, 0x00, 0x00, 0x07, 0x18, 0x00, 0x00, 0x00, 0x00, 0x10, 0x40, 0x00,
    0x00, 0x03, 0x80, 0x0F, 0x80, 0x00, 0x0F, 0x80, 0x7F, 0xFF, 0xFE, 0xF0,
    0x7C, 0x00, 0x1F, 0xFF, 0xFF, 0x80, 0x00, 0x06, 0xF8, 0x00, 0x00, 0x00,
    0x00, 0x08, 0x60, 0x00, 0x00, 0x06, 0x40, 0x0F, 0xFF, 0xFF, 0xFF, 0x80,
    0xFF, 0xFF, 0xFC, 0xF0, 0x3C, 0x03, 0xFF, 0xFF, 0xFF, 0xC0, 0x00, 0x01,
    0xF4, 0x00, 0x00, 0x00, 0x00, 0x44, 0xB0, 0x00, 0x00, 0x0C, 0x60, 0x0F,
    0xFF, 0xFF, 0xFF, 0x80, 0x7F, 0xFF, 0xFC, 0xF0, 0x3C, 0x07, 0xFF, 0xFF,
    0xFF, 0xE0, 0x00, 0x00, 0x74, 0x00, 0x00, 0x00, 0x00, 0x33, 0x10, 0x00,
    0x00, 0x1C, 0x90, 0x0F, 0xFF, 0xFF, 0xFF, 0x80, 0x07, 0xC1, 0xE0, 0xF0,
    0x3C, 0x0F, 0xFF, 0xFF, 0xBF, 0xE0, 0x00, 0x00, 0x40, 0x00, 0x00, 0x00,
    0x00, 0x13, 0x08, 0x00, 0x00, 0x31, 0x88, 0x0F, 0xFF, 0x00, 0x0F, 0x80,
    0x07, 0xC1, 0xE0, 0xF0, 0x3C, 0x0F, 0xC1, 0xE7, 0x83, 0xE0, 0x00, 0x00,
    0x00, 0x00, 0x00, 0x00, 0x00, 0x0D, 0x84, 0x00, 0x00, 0x31, 0x0C, 0x0F,
    0x80, 0x00, 0x0F, 0x80, 0x07, 0x81, 0xE0, 0xF0, 0x3C, 0x0F, 0x81, 0xE7,
    0x83, 0xE0, 0x00, 0x00, 0x00, 0x00, 0x00, 0x00, 0x00, 0x06, 0x86, 0x00,
    0x00, 0x66, 0x18, 0x0F, 0x80, 0x00, 0x0F, 0x80, 0x07, 0xFF, 0xE0, 0xFF,
    0xFC, 0x0F, 0x81, 0xE7, 0x83, 0xE0, 0x00, 0x00, 0x00, 0x00, 0x00, 0x00,
    0x00, 0x03, 0x62, 0x00, 0x00, 0xDC, 0x30, 0x0F, 0x80, 0x00, 0x1F, 0x80,
    0x07, 0xFF, 0xE0, 0xFF, 0xFC, 0x0F, 0x81, 0xE7, 0x83, 0xE0, 0x00, 0x00,
    0x00, 0x00, 0x00, 0x00, 0x00, 0x01, 0x21, 0x00, 0x01, 0x98, 0x60, 0x07,
    0xFF, 0xFF, 0xFF, 0x00, 0x07, 0xFF, 0xE0, 0xFF, 0xFC, 0x0F, 0x81, 0xC7,
    0x83, 0xE0, 0x00, 0x20, 0x00, 0x00, 0x00, 0x00, 0x00, 0x00, 0xD0, 0x80,
    0x03, 0x10, 0x80, 0x07, 0xFF, 0xFF, 0xFF, 0x00, 0x07, 0xFB, 0xE0, 0xFF,
    0xFC, 0x0F, 0x83, 0xC7, 0x83, 0xE0, 0x00, 0x00, 0x00, 0x00, 0x00, 0x00,
    0x00, 0x00, 0x49, 0x00, 0x06, 0x21, 0x00, 0x07, 0xFF, 0xFF, 0xFE, 0x00,
    0x07, 0x81, 0xE0, 0xF0, 0x3C, 0x0F, 0x83, 0xC7, 0x83, 0xE0, 0x00, 0x00,
    0x00, 0x00, 0x00, 0x00, 0x00, 0x00, 0x26, 0x00, 0x04, 0xC2, 0x00, 0x00,
    0x88, 0x00, 0x00, 0x00, 0x07, 0x81, 0xE0, 0xF0, 0x3C, 0x0F, 0x83, 0xC7,
    0x83, 0xE0, 0x04, 0x40, 0x00, 0x00, 0x00, 0x00, 0x00, 0x00, 0x12, 0x00,
    0x08, 0xC4, 0x00, 0x01, 0xC0, 0x38, 0x00, 0x00, 0x07, 0xDF, 0xE0, 0xF0,
    0x3C, 0x0F, 0x83, 0xC7, 0x83, 0xE0, 0x00, 0xD0, 0x00, 0x00, 0x00, 0x00,
    0x00, 0x00, 0x09, 0x20, 0x11, 0x08, 0x00, 0x01, 0xE0, 0x78, 0x00, 0x00,
    0x07, 0xFF, 0xE0, 0xF0, 0x3C, 0x0F, 0x87, 0x87, 0x83, 0xE0, 0x00, 0x40,
    0x00, 0x00, 0x00, 0x00, 0x00, 0x00, 0x04, 0xA0, 0x32, 0x30, 0x00, 0x03,
    0xE0, 0x78, 0x00, 0x00, 0x07, 0xFF, 0xE0, 0xF0, 0x3C, 0x0F, 0x87, 0x87,
    0xC3, 0xE0, 0x00, 0x80, 0x00, 0x00, 0x00, 0x00, 0x00, 0x00, 0x07, 0xB0,
    0x64, 0x40, 0x00, 0x07, 0xFF, 0xFF, 0xFE, 0x00, 0x07, 0xFF, 0xE0, 0xF0,
    0x3C, 0x0F, 0x8F, 0x87, 0xFF, 0xE0, 0x00, 0x00, 0x00, 0x00, 0x00, 0x00,
    0x00, 0x00, 0x0F, 0xF0, 0xCA, 0x80, 0x00, 0x07, 0xFF, 0xFF, 0xFF, 0x00,
    0x07, 0x81, 0xE0, 0xFF, 0xFC, 0x0F, 0x8F, 0x03, 0xFF, 0xE0, 0x00, 0x00,
    0x00, 0x06, 0x40, 0x00, 0x00, 0x00, 0x1F, 0xF0, 0xB1, 0x00, 0x00, 0x0F,
    0xFF, 0xFF, 0xFF, 0x00, 0x07, 0x81, 0xE0, 0xFF, 0xFC, 0x0F, 0x9E, 0x03,
    0xFF, 0xE0, 0x00, 0x00, 0x00, 0x07, 0x00, 0x00, 0x00, 0x00, 0x7F, 0xFD,
    0x4A, 0x00, 0x00, 0x1F, 0xFF, 0xFF, 0xFF, 0x00, 0x07, 0xC1, 0xF8, 0xFF,
    0xFC, 0x0F, 0xBC, 0x00, 0xFF, 0xE0, 0x00, 0x00, 0x00, 0x01, 0x80, 0x00,
    0x00, 0x00, 0xFF, 0xFF, 0x80, 0x00, 0x00, 0x3F, 0x00, 0x78, 0x00, 0x00,
    0x3F, 0xFF, 0xFC, 0xF0, 0x3C, 0x0F, 0x98, 0x00, 0x03, 0xE0, 0x00, 0x00,
    0x00, 0xC1, 0xC0, 0x00, 0x00, 0x01, 0xFF, 0xFF, 0x00, 0x00, 0x00, 0x7E,
    0x00, 0x7C, 0x00, 0x00, 0xFF, 0xFF, 0xFF, 0xF0, 0x3C, 0x0F, 0x80, 0x00,
    0x03, 0xE0, 0x00, 0x00, 0x00, 0xF3, 0xC0, 0x00, 0x00, 0x03, 0xFF, 0xFF,
    0x80, 0x00, 0x00, 0x7C, 0x00, 0x78, 0x00, 0x01, 0xFF, 0xFF, 0xFD, 0xF0,
    0x3C, 0x0F, 0x80, 0x00, 0x03, 0xE0, 0x00, 0x00, 0x00, 0xF9, 0x00, 0x00,
    0x00, 0x07, 0xFF, 0xFF, 0x80, 0x00, 0x00, 0x78, 0xFF, 0xFF, 0xFC, 0x01,
    0xFF, 0xFF, 0xC1, 0xE0, 0x3C, 0x0F, 0x80, 0x00, 0x03, 0xE0, 0x00, 0x00,
    0x01, 0xFE, 0x00, 0x00, 0x00, 0x0F, 0xFF, 0xFF, 0xC0, 0x00, 0x00, 0x31,
    0xFF, 0xFF, 0xFE, 0x00, 0x70, 0x83, 0x01, 0xE0, 0x3C, 0x0F, 0x80, 0x00,
    0x07, 0xE0, 0x00, 0x00, 0x03, 0xFE, 0x00, 0x00, 0x00, 0x1F, 0xFF, 0xFF,
    0xE0, 0x00, 0x00, 0x01, 0xFF, 0xFF, 0xFE, 0x00, 0x01, 0xC7, 0x81, 0xE0,
    0x3C, 0x0F, 0xFF, 0xFF, 0xFF, 0xC0, 0x00, 0x00, 0x01, 0xFD, 0x40, 0x00,
    0x00, 0x3F, 0xFF, 0xFF, 0xE0, 0x00, 0x00, 0x00, 0xFF, 0xFC, 0x00, 0x00,
    0x03, 0xC7, 0xC3, 0xE0, 0x3C, 0x0F, 0xFF, 0xFF, 0xFF, 0xC0, 0x00, 0x00,
    0x80, 0xFC, 0x00, 0x00, 0x00, 0x3F, 0xFF, 0xFF, 0xFC, 0x00, 0x00, 0x00,
    0x00, 0x78, 0x00, 0x00, 0x07, 0xC3, 0xE3, 0xE0, 0x3C, 0x07, 0xFF, 0xFF,
    0xFF, 0xC0, 0x00, 0x05, 0xD9, 0xFE, 0x40, 0x00, 0x00, 0x7F, 0xFF, 0xFF,
    0xFA, 0x00, 0x00, 0x00, 0x00, 0x78, 0x00, 0x00, 0x0F, 0x81, 0xF3, 0xC0,
    0x7C, 0x07, 0xFF, 0xFF, 0xFF, 0x80, 0x00, 0x05, 0xEC, 0xFF, 0xC0, 0x00,
    0x00, 0x13, 0x39, 0x80, 0xF9, 0x00, 0x00, 0x00, 0x00, 0x7C, 0x00, 0x00,
    0x1F, 0x01, 0xF3, 0xC3, 0xFC, 0x03, 0xF0, 0x00, 0x0F, 0x00, 0x00, 0x23,
    0xF8, 0xFF, 0xC0, 0x00, 0x00, 0x06, 0x33, 0x00, 0x49, 0x80, 0x00, 0x3F,
    0xFF, 0xFF, 0xFF, 0xF8, 0x3F, 0x00, 0xF7, 0x87, 0xFC, 0x00, 0x00, 0x00,
    0x00, 0x00, 0x00, 0x73, 0xFF, 0xFF, 0xC0, 0x00, 0x00, 0x1C, 0x7E, 0x00,
    0x46, 0xC0, 0x00, 0x7F, 0xFF, 0xFF, 0xFF, 0xF8, 0x3E, 0x00, 0x77, 0x83,
    0xFC, 0x00, 0x00, 0x00, 0x00, 0x00, 0x03, 0xE7, 0xDF, 0xFF, 0x40, 0x00,
    0x00, 0x12, 0x4C, 0x00, 0x22, 0x60, 0x00, 0x7F, 0xFF, 0xFF, 0xFF, 0xF8,
    0x3C, 0x00, 0x07, 0x03, 0xF8, 0x00, 0x00, 0x00, 0x00, 0x00, 0x03, 0xFF,
    0x5F, 0xFE, 0x00, 0x00, 0x00, 0x21, 0x98, 0x00, 0x31, 0x30, 0x00, 0x7F,
    0xFF, 0xFF, 0xFF, 0xF8, 0x18, 0x00, 0x02, 0x00, 0x70, 0x00, 0x00, 0x00,
    0x00, 0x00, 0x03, 0xBF, 0xEF, 0xFE, 0x00, 0x00, 0x00, 0x43, 0xB0, 0x08,
    0x18, 0x98, 0x00, 0x10, 0x00, 0x00, 0x00, 0x00, 0x00, 0x00, 0x00, 0x00,
    0x00, 0x00, 0x00, 0x00, 0x00, 0x00, 0x07, 0xFF, 0xFE, 0xFF, 0x80, 0x00,
    0x00, 0x26, 0x70, 0x1C, 0x08, 0x4C, 0x00, 0x00, 0x00, 0x00, 0x00, 0x00,
    0x00, 0x00, 0x00, 0x00, 0x00, 0x00, 0x00, 0x00, 0x00, 0x00, 0x07, 0xFF,
    0xFF, 0xFC, 0x80, 0x00, 0x00, 0x1C, 0xE0, 0x0C, 0x04, 0xE4, 0x00, 0x00,
    0x00, 0x00, 0x00, 0x00, 0x00, 0x00, 0x00, 0x00, 0x00, 0x00, 0x00, 0x00,
    0x00, 0x00, 0x01, 0xFF, 0xFF, 0xFF, 0x20, 0x00, 0x00, 0x09, 0xC0, 0x1C,
    0x03, 0x32, 0x00, 0x00, 0x00, 0x00, 0x00, 0x00, 0x00, 0x00, 0x00, 0x00,
    0x00, 0x00, 0x00, 0x00, 0x00, 0x00, 0x01, 0xFF, 0xFF, 0xFF, 0xE0, 0x00,
    0x00, 0x17, 0xC0, 0x08, 0x02, 0x1B, 0x00, 0x00, 0x00, 0x00, 0x00, 0x00,
    0x00, 0x00, 0x00, 0x00, 0x00, 0x00, 0x00, 0x00, 0x00, 0x00, 0x0F, 0xFF,
    0xFF, 0xFF, 0xF0, 0x00, 0x00, 0x07, 0xC0, 0x00, 0x01, 0x09, 0x80, 0x00,
    0x00, 0x00, 0x00, 0x00, 0x00, 0x00, 0x00, 0x00, 0x00, 0x00, 0x00, 0x00,
    0x00, 0x00, 0x07, 0xE7, 0xFF, 0xFF, 0xE0, 0x00, 0x00, 0x07, 0x80, 0x00,
    0x00, 0x94, 0xC0, 0x00, 0x00, 0x00, 0x00, 0x00, 0x00, 0x00, 0x00, 0x00,
    0x00, 0x00, 0x00, 0x00, 0x00, 0x00, 0x03, 0x7F, 0xFF, 0xFC, 0x00, 0x00,
    0x00, 0x0F, 0x80, 0x00, 0x00, 0x62, 0x60, 0x00, 0x00, 0x00, 0x00, 0x00,
    0x00, 0x00, 0x00, 0x00, 0x00, 0x00, 0x00, 0x00, 0x00, 0x00, 0x77, 0x1F,
    0xFF, 0xFF, 0xE0, 0x00, 0x00, 0x3F, 0x00, 0x00, 0x00, 0x61, 0xB0, 0x00,
    0x00, 0x00, 0x00, 0x00, 0x00, 0x00, 0x00, 0x00, 0x00, 0x00, 0x00, 0x00,
    0x60, 0x00, 0x7F, 0xFF, 0xFF, 0xFF, 0xE0, 0x00, 0x00, 0x33, 0x00, 0x00,
    0x00, 0x21, 0x98, 0x00, 0x00, 0x00, 0x00, 0x00, 0x00, 0x00, 0x00, 0x00,
    0x00, 0x00, 0x00, 0x00, 0x60, 0x00, 0x3F, 0xFF, 0xFF, 0xFF, 0xE0, 0x00,
    0x00, 0x61, 0x00, 0x00, 0x00, 0x14, 0xD8, 0x00, 0x00, 0x00, 0x00, 0x00,
    0x00, 0x00, 0x00, 0x00, 0x00, 0x00, 0x00, 0x00, 0x70, 0x00, 0x3B, 0xFF,
    0xFF, 0xFF, 0xE0, 0x00, 0x00, 0x53, 0x00, 0x00, 0x00, 0x08, 0x70, 0x00,
    0x00, 0x00, 0x00, 0x00, 0x00, 0x00, 0x00, 0x00, 0x00, 0x00, 0x00, 0x00,
    0xF0, 0x01, 0xFF, 0xFF, 0xFF, 0xFF, 0xF0, 0x00, 0x00, 0x83, 0x00, 0x00,
    0x00, 0x0C, 0x60, 0x00, 0x00, 0x00, 0x00, 0x00, 0x00, 0x00, 0x00, 0x00,
    0x00, 0x00, 0x00, 0x01, 0xF8, 0x01, 0xFF, 0xFF, 0xFF, 0xFF, 0xF0, 0x00,
    0x00, 0x02, 0x00, 0x00, 0x00, 0x06, 0xC0, 0x00, 0x00, 0x00, 0x00, 0x00,
    0x00, 0x00, 0x00, 0x00, 0x00, 0x00, 0x00, 0x01, 0xF8, 0x01, 0xFF, 0xFF,
    0xFF, 0xFF, 0xF0, 0x00, 0x00, 0x04, 0x00, 0x00, 0x00, 0x03, 0x80, 0x00,
    0x00, 0x00, 0x00, 0x00, 0x00, 0x00, 0x00, 0x00, 0x00, 0x00, 0x00, 0x21,
    0xF0, 0x00, 0x7F, 0xFF, 0xFF, 0xFF, 0xF8, 0x00, 0x00, 0x00, 0x00, 0x08,
    0x00, 0xE1, 0x00, 0x00, 0x00, 0x00, 0x00, 0x00, 0x00, 0x00, 0x00, 0x00,
    0x00, 0x00, 0x10, 0x71, 0xF8, 0x00, 0x7F, 0xFF, 0xFF, 0xFF, 0xF0, 0x00,
    0x00, 0x00, 0x00, 0x1C, 0x01, 0xE0, 0x00, 0x00, 0x00, 0x02, 0x00, 0x00,
    0x00, 0x00, 0x00, 0x00, 0x00, 0x00, 0x30, 0x71, 0xF8, 0x01, 0xFF, 0xFF,
    0xFF, 0xFF, 0xD8, 0x00, 0x00, 0x00, 0x00, 0x3E, 0x03, 0xE3, 0xE0, 0x00,
    0x06, 0x00, 0x00, 0x00, 0x00, 0x00, 0x00, 0x00, 0x00, 0x00, 0x30, 0x71,
    0xF8, 0x00, 0xE7, 0xFF, 0xFF, 0xFF, 0xD8, 0x00, 0x00, 0x00, 0x00, 0x3F,
    0x03, 0xFF, 0xF0, 0x00, 0x00, 0x00, 0x00, 0x00, 0x00, 0x00, 0x00, 0x00,
    0x00, 0x00, 0x38, 0x71, 0xF8, 0x00, 0x07, 0x7F, 0xFF, 0xFF, 0xF8, 0x00,
    0x00, 0x18, 0x60, 0x7F, 0x03, 0xFF, 0xF0, 0x61, 0xE0, 0x00, 0x00, 0x00,
    0x00, 0x00, 0x00, 0x00, 0x00, 0x00, 0x38, 0x79, 0xF8, 0x20, 0x01, 0xFF,
    0xFF, 0xFF, 0xF0, 0x00, 0x00, 0x18, 0x70, 0x3F, 0x03, 0xDF, 0xFE, 0xF3,
    0xE0, 0x00, 0x00, 0x00, 0x00, 0x00, 0x00, 0x00, 0x00, 0x00, 0x38, 0xF9,
    0xF8, 0x70, 0x07, 0xBF, 0xFF, 0xFC, 0xF0, 0x00, 0x00, 0x38, 0x60, 0x7F,
    0x03, 0xFF, 0xFF, 0xF3, 0xF0, 0x00, 0x00, 0x00, 0x00, 0x00, 0x00, 0x00,
    0x00, 0x00, 0x78, 0xFF, 0xF8, 0x67, 0x87, 0x3F, 0xFF, 0xFF, 0xF0, 0x00,
    0x00, 0x7F, 0xFC, 0x7E, 0x03, 0xFF, 0xFF, 0xFF, 0xF0, 0x00, 0x00, 0x00,
    0x00, 0x00, 0x00, 0x00, 0x00, 0x00, 0x7C, 0xFF, 0xFF, 0xFF, 0xE0, 0x3F,
    0xFF, 0xFF, 0xF0, 0x00, 0x00, 0x3F, 0xFF, 0xFF, 0x83, 0xFF, 0xFF, 0xFF,
    0xFF, 0x00, 0x00, 0x00, 0x00, 0x00, 0x00, 0x00, 0x00, 0x00, 0x7C, 0xFB,
    0xFF, 0xFF, 0xE0, 0xFF, 0xFF, 0xFE, 0x90, 0x00, 0x00, 0x1F, 0xF0, 0xFF,
    0xFF, 0xC3, 0xFF, 0xFF, 0xFF, 0x86, 0x00, 0x00, 0x00, 0x00, 0x00, 0x00,
    0x00, 0x00, 0x79, 0xFB, 0xFF, 0xFF, 0x70, 0xFF, 0xFF, 0xFF, 0x30, 0x00,
    0x00, 0x1F, 0xF0, 0xFF, 0x9F, 0xFF, 0xFF, 0xFF, 0xFF, 0x9F, 0x80, 0x00,
    0x00, 0x00, 0x00, 0x00, 0x00, 0x0E, 0xFD, 0xF1, 0xFF, 0xFE, 0x18, 0xF7,
    0xFF, 0xFF, 0x30, 0x00, 0x00, 0x3F, 0xF6, 0x7F, 0x83, 0xFF, 0xFF, 0x6F,
    0xFF, 0xDF, 0x80, 0x00, 0x00, 0x00, 0x00, 0x00, 0x00, 0x3E, 0xFD, 0xEE,
    0xFF, 0xFE, 0x19, 0xFF, 0xFF, 0xFF, 0x30, 0x00, 0x00, 0x3F, 0xFF, 0xFF,
    0xA7, 0xE1, 0xFF, 0xFF, 0xFF, 0xFF, 0xE0, 0x00, 0x00, 0x00, 0x00, 0x00,
    0x00, 0x3F, 0xFD, 0xEC, 0xFF, 0xFC, 0x4F, 0xFD, 0xFF, 0xFF, 0xB0, 0x00,
    0x00, 0x3B, 0xFF, 0xFF, 0xFF, 0xFB, 0x0F, 0xFF, 0xFF, 0xFF, 0xE0, 0x0E,
    0x00, 0x00, 0x00, 0x04, 0x00, 0x3F, 0xFF, 0xC4, 0x7F, 0xF8, 0x47, 0xFF,
    0xFF, 0xFF, 0xB8, 0x00, 0x00, 0x3F, 0xFF, 0xFD, 0xFF, 0xFF, 0xFF, 0xFF,
    0xFF, 0xFF, 0xE0, 0x1E, 0x60, 0x00, 0x00, 0x0E, 0x06, 0xFF, 0xFF, 0x80,
    0x3F, 0xF8, 0x67, 0xFF, 0xFF, 0xFF, 0xF0, 0x00, 0x00, 0x3F, 0xFF, 0xFF,
    0x3F, 0xFF, 0xFF, 0xFF, 0xFF, 0xFF, 0xE8, 0x1F, 0xE0, 0x00, 0x00, 0x0F,
    0xCF, 0xF8, 0xFF, 0x80, 0x1F, 0xF8, 0x07, 0xFF, 0xFF, 0xFF, 0xF0, 0x00,
    0x00, 0xFF, 0xFF, 0xFF, 0xFF, 0xFF, 0xFF, 0xFF, 0xFF, 0xFF, 0xFC, 0xFF,
    0xF8, 0x00, 0x00, 0x0F, 0xEF, 0xF9, 0xFF, 0x9F, 0x1F, 0xF8, 0x07, 0xFF,
    0xFF, 0xFF, 0xF0, 0x00, 0x00, 0x7C, 0xFF, 0xF7, 0xFF, 0xFF, 0xFF, 0xFF,
    0xFF, 0xFF, 0xFF, 0xFF, 0xFC, 0x32, 0x00, 0x3F, 0xFE, 0x7F, 0xFF, 0x9F,
    0xE1, 0x88, 0x3F, 0xFF, 0xFF, 0xFF, 0xF0, 0x00, 0x00, 0x7F, 0xFF, 0xFF,
    0x31, 0x7F, 0xFF, 0xFF, 0xFF, 0xBF, 0xFF, 0xFF, 0xFC, 0x77, 0x06, 0x3F,
    0xFE, 0x7F, 0xBB, 0x9F, 0x23, 0x89, 0xFF, 0xFF, 0xFB, 0xFF, 0xE0, 0x00,
    0x00, 0x27, 0xEF, 0xFF, 0x3A, 0xCF, 0xFF, 0xFF, 0xFF, 0x87, 0xFF, 0xFF,
    0xFF, 0xFF, 0x0F, 0xFF, 0xFF, 0xFF, 0x7F, 0x1F, 0x03, 0x89, 0xFF, 0xFC,
    0x03, 0xB8, 0x60, 0x00, 0x00, 0x6F, 0xFF, 0xBB, 0x11, 0xC0, 0x7F, 0xFF,
    0xFF, 0xFF, 0x7F, 0xFF, 0xFF, 0xFF, 0xFF, 0xFF, 0xFF, 0xFF, 0xFF, 0xDF,
    0x31, 0x88, 0x00, 0x00, 0x00, 0x00, 0x70, 0x00, 0x00, 0xBF, 0xFF, 0xF8,
    0x11, 0xCF, 0xBF, 0xFF, 0xFF, 0xFF, 0xFF, 0xFF, 0xFF, 0xFF, 0x80, 0x03,
    0xFF, 0xFF, 0xFF, 0xFC, 0x00, 0x00, 0x00, 0x31, 0x03, 0xC0, 0x70, 0x00,
    0x00, 0xFF, 0xFF, 0xF0, 0x01, 0x8F, 0xDF, 0xFF, 0xFF, 0xFF, 0xFF, 0xF7,
    0xFF, 0x00, 0x00, 0x0F, 0xFF, 0xFF, 0xFE, 0x00, 0x00, 0x00, 0x0F, 0xFF,
    0xFF, 0xF0, 0x70, 0x00, 0x00, 0xFF, 0xFF, 0xC1, 0x0B, 0x0F, 0xF8, 0x1F,
    0xFF, 0xFF, 0xFF, 0xFE, 0x00, 0x00, 0x60, 0x0F, 0xFF, 0xFE, 0x00, 0x04,
    0xC0, 0x11, 0x00, 0x0C, 0x80, 0x00, 0x70, 0x00, 0x00, 0x7F, 0xFF, 0xE1,
    0xFE, 0x07, 0xFF, 0xA7, 0xFD, 0xFF, 0xFF, 0xFF, 0xC0, 0x01, 0xF8, 0x0F,
    0xFF, 0x80, 0x00, 0x0F, 0xE7, 0xD8, 0x00, 0x00, 0x00, 0x39, 0x70, 0x00,
    0x00, 0x0F, 0xFF, 0xE1, 0xBE, 0x81, 0xFF, 0xF6, 0x1F, 0xFF, 0xFF, 0xFF,
    0xE0, 0x01, 0xFE, 0x1F, 0xD0, 0x00, 0x00, 0x1F, 0xE3, 0x00, 0x00, 0x00,
    0x37, 0xBF, 0xE0, 0x00, 0x00, 0x0F, 0xFF, 0xF7, 0xFF, 0x81, 0xFF, 0xFF,
    0x37, 0xDF, 0xFF, 0xFF, 0xE3, 0x87, 0xFE, 0x70, 0x00, 0x00, 0x3E, 0xFF,
    0xFC, 0x00, 0x70, 0x6F, 0x7F, 0xFF, 0xE0, 0x00, 0x00, 0x0F, 0xFF, 0xFF,
    0xFF, 0xE3, 0xFF, 0xBF, 0xF7, 0xED, 0xFF, 0xFF, 0xEF, 0xE7, 0xFE, 0x60,
    0x0B, 0xF3, 0xF1, 0xFF, 0xFE, 0x00, 0x70, 0xFF, 0xFF, 0xFF, 0xE0, 0x00,
    0x00, 0x7F, 0xFF, 0x07, 0xFF, 0xEF, 0xFB, 0xFF, 0xFF, 0xEB, 0x9F, 0xFF,
    0xFF, 0xFB, 0x80, 0x01, 0xEF, 0xC7, 0xF8, 0xFF, 0xFE, 0x40, 0x71, 0xFF,
    0xFF, 0xFF, 0xE0, 0x00, 0x00, 0x7F, 0xFF, 0x8F, 0xFF, 0xC3, 0xF9, 0xF7,
    0xFF, 0xEF, 0xFE, 0xFF, 0xFF, 0xC0, 0x23, 0xFF, 0x03, 0xFF, 0xFF, 0xFF,
    0xFD, 0xF7, 0xFF, 0xFF, 0xFF, 0xFF, 0x40, 0x00, 0x01, 0xBF, 0xFF, 0xC7,
    0xFF, 0xE0, 0x7F, 0x9F, 0xFF, 0xFE, 0xF3, 0xFF, 0xF8, 0x07, 0xFF, 0xFE,
    0x3F, 0xFF, 0xFF, 0xFF, 0xFF, 0xFF, 0xFE, 0xFF, 0xFF, 0xFF, 0x00, 0x00,
    0x01, 0x8F, 0xFF, 0xEF, 0xFF, 0xC0, 0xFF, 0xFD, 0xFF, 0xFF, 0xFF, 0x4F,
    0xFC, 0x1F, 0xFF, 0x1F, 0xFF, 0xF7, 0xFF, 0xFF, 0xFF, 0xF8, 0x3F, 0xFF,
    0xFF, 0xFE, 0x00, 0x00, 0x00, 0x6B, 0xFF, 0xC7, 0xFF, 0xFB, 0xFC, 0xEF,
    0x9F, 0xFF, 0xF1, 0x73, 0xDF, 0xC0, 0x7F, 0xFF, 0xFD, 0x93, 0xFF, 0xFF,
    0xFF, 0xFF, 0xFF, 0xFF, 0xFF, 0xFE, 0x00, 0x00, 0x00, 0x7F, 0xFF, 0x83,
    0xFF, 0xF9, 0xFF, 0xFF, 0x9F, 0xFF, 0xF9, 0xEF, 0xFF, 0xC0, 0x0C, 0xFF,
    0xE1, 0xEF, 0xFF, 0xFF, 0xFF, 0xFF, 0xFF, 0xFF, 0xFF, 0x7E, 0x00, 0x00,
    0x00, 0x3F, 0xFF, 0xFD, 0xFF, 0xC0, 0xFF, 0xFF, 0xF8, 0xFB, 0xFF, 0x8F,
    0xFF, 0xFE, 0x00, 0x7C, 0x2F, 0xFF, 0xFF, 0xFF, 0xFC, 0xCF, 0xFF, 0xFF,
    0xFA, 0x7E, 0x00, 0x00, 0x00, 0x3F, 0xFF, 0xF3, 0x7F, 0xE7, 0xFB, 0xFF,
    0x65, 0xFB, 0x7F, 0xFD, 0xFF, 0xFF, 0xC0, 0x01, 0xFF, 0xBF, 0xFF, 0xFF,
    0xB8, 0xDE, 0x7F, 0xFF, 0xF8, 0x3E, 0x00, 0x00, 0x00, 0x3F, 0xFF, 0xF8,
    0x7F, 0x87, 0xFA, 0xFF, 0xE6, 0x58, 0x4F, 0xFD, 0x7D, 0xDF, 0xF0, 0x01,
    0xFF, 0xFF, 0xFF, 0xFF, 0xF8, 0x3F, 0xFB, 0xF1, 0xFE, 0xFC, 0x00, 0x00,
    0x00, 0xF7, 0xFF, 0xF1, 0x8F, 0xC3, 0xFE, 0xCF, 0xFF, 0x9F, 0xCF, 0xFF,
    0xFF, 0xCF, 0xF0, 0x00, 0x3F, 0xFF, 0xFF, 0xFF, 0xFB, 0xFF, 0xFF, 0xFF,
    0xFF, 0xFD, 0x00, 0x00, 0x00, 0x3F, 0xFF, 0xFF, 0x08, 0xF3, 0xFC, 0xEF,
    0xF9, 0xFF, 0xFF, 0xFF, 0xFF, 0x7F, 0xFE, 0x00, 0x1F, 0xFF, 0xFC, 0xFF,
    0xFF, 0xFF, 0xFF, 0xBF, 0x7F, 0xFC, 0x00, 0x00, 0x00, 0x3F, 0xFF, 0xFF,
    0x00, 0x3F, 0xFF, 0xFF, 0xFF, 0xF1, 0xFD, 0xFF, 0xFF, 0xFF, 0xF0, 0x00,
    0x5F, 0xFF, 0xE3, 0xF9, 0xFF, 0xFF, 0xEF, 0xFF, 0xBF, 0xFE, 0x00, 0x00,
    0x00, 0x3F, 0xAF, 0xFF, 0x30, 0x3F, 0xFF, 0xFF, 0xFF, 0xFB, 0x9D, 0xFF,
    0xFF, 0xFF, 0xC0, 0x00, 0x7F, 0xFF, 0xE9, 0xFB, 0xFF, 0xFF, 0xFD, 0xFF,
    0xFF, 0xFE, 0x00, 0x00, 0x00, 0x3F, 0xFF, 0xFF, 0xF3, 0x3F, 0xFF, 0x3B,
    0xFF, 0xFF, 0xFF, 0xFF, 0xFF, 0xF8, 0x00, 0x04, 0xFF, 0xFF, 0xFE, 0xFF,
    0xFF, 0xFF, 0xFD, 0xFF, 0xFF, 0xDC, 0xC0, 0x00, 0x00, 0x1F, 0xDF, 0xFF,
    0xFB, 0xFF, 0xFF, 0xF9, 0xFF, 0xFF, 0xFF, 0xFF, 0xDF, 0x70, 0x00, 0x07,
    0xFF, 0xFF, 0xFD, 0xFF, 0xFF, 0xF3, 0x17, 0xFF, 0xDB, 0x4C, 0xC0, 0x00,
    0x00, 0x5F, 0x7F, 0xFF, 0xFF, 0xFF, 0xFF, 0xFF, 0xCF, 0xFF, 0xFF, 0xFF,
    0xFA, 0x00, 0x00, 0x7F, 0xFF, 0xFF, 0xDF, 0xFF, 0xF8, 0xDF, 0xFF, 0xFF,
    0xFB, 0x60, 0xC0, 0x00, 0x00, 0x5F, 0xFF, 0xFF, 0xFF, 0xDF, 0xDF, 0xFF,
    0xFF, 0xFF, 0xEF, 0xFF, 0xF8, 0x00, 0x04, 0xFF, 0xFF, 0xFF, 0xFF, 0xFB,
    0x38, 0xF7, 0xFF, 0xBF, 0xFD, 0xE0, 0xC0, 0x00, 0x00, 0x1F, 0xFF, 0xFF,
    0xFF, 0xFF, 0xFF, 0xE7, 0x7B, 0xFF, 0xEF, 0xFC, 0x00, 0x00, 0x07, 0xFF,
    0xF7, 0xEF, 0xFF, 0xFF, 0x2F, 0xFF, 0xFF, 0xFF, 0xF5, 0xE0, 0x80, 0x00,
    0x00, 0x1F, 0xFF, 0xFF, 0xDF, 0xFF, 0xFC, 0xE7, 0xF9, 0xFF, 0xFF, 0xFC,
    0x00, 0x00, 0x17, 0xFF, 0xFF, 0xFF, 0xFE, 0x73, 0x87, 0xFF, 0xF7, 0xF3,
    0xFF, 0xF0, 0x80, 0x00, 0x00, 0x1F, 0xFF, 0xFF, 0x8E, 0x3F, 0xFC, 0xFF,
    0xFF, 0xBF, 0xFF, 0x00, 0x00, 0x00, 0x7F, 0xFF, 0xFF, 0xFF, 0x9E, 0x76,
    0x07, 0xFF, 0xFF, 0xF7, 0xFF, 0xF0, 0x80, 0x00, 0x00, 0x7F, 0xFF, 0xFF,
    0xF8, 0x07, 0xFE, 0xFE, 0x7F, 0xFF, 0xFF, 0x80, 0x00, 0x00, 0x7F, 0xFB,
    0xFF, 0xFF, 0xB8, 0x0E, 0x7F, 0xFF, 0xFF, 0xFF, 0xCF, 0xF0, 0x88, 0x00,
    0x00, 0x7F, 0xFF, 0xFF, 0xF8, 0x03, 0xFF, 0xFE, 0x6F, 0xFF, 0x7E, 0x00,
    0x00, 0x03, 0xFF, 0xEF, 0xFF, 0xFE, 0x79, 0x9F, 0xFF, 0xFF, 0xFF, 0xFF,
    0xFF, 0xF5, 0x80, 0x00, 0x00, 0x7F, 0xFF, 0xFF, 0xFC, 0x07, 0x7F, 0xF0,
    0x07, 0xFF, 0x70, 0x00, 0x00, 0x03, 0xFF, 0xFF, 0xFF, 0xFF, 0xE6, 0x7F,
    0xFD, 0xFB, 0xFF, 0xFF, 0xFF, 0xF5, 0x90, 0x00, 0x00, 0x0C, 0xFF, 0xFF,
    0xFC, 0xC1, 0xFF, 0xF0, 0x07, 0xAF, 0xEC, 0x00, 0x00, 0x07, 0xFF, 0xFF,
    0xFF, 0xFF, 0xFF, 0xFF, 0xFC, 0xF9, 0xFF, 0xFF, 0xFF, 0xF9, 0xB0, 0x00,
    0x00, 0x84, 0x9F, 0xFF, 0xFE, 0x30, 0xF8, 0xF0, 0x83, 0xFB, 0xDC, 0x80,
    0x00, 0x03, 0x7F, 0xFF, 0x7F, 0xFF, 0xFF, 0xFF, 0xE1, 0xFF, 0xFF, 0xFF,
    0xFF, 0xFD, 0x30, 0x00, 0x00, 0x80, 0x0F, 0xFF, 0xFF, 0x83, 0xFB, 0xF1,
    0x81, 0xFF, 0xFD, 0x82, 0x00, 0x00, 0x7F, 0xFF, 0xFD, 0xFF, 0xFF, 0xFF,
    0xF5, 0xFF, 0xFF, 0x8F, 0xFF, 0xFD, 0x30, 0x00, 0x00, 0x00, 0x19, 0xFF,
    0xFF, 0xE3, 0xEF, 0xE1, 0xE3, 0xFF, 0xFE, 0x86, 0x40, 0x00, 0x7F, 0xFF,
    0xFF, 0xFF, 0xFF, 0xFF, 0xFF, 0xFB, 0xF3, 0x77, 0xFF, 0x7F, 0x20, 0x00,
    0x00, 0x00, 0x01, 0xFF, 0xFE, 0xFB, 0xFE, 0x70, 0xC3, 0xFF, 0xFF, 0x88,
    0xC0, 0x00, 0x00, 0xFF, 0xFF, 0xFF, 0xFF, 0xFF, 0xFF, 0xFF, 0xED, 0xF7,
    0xFF, 0x7F, 0x60, 0x00, 0x00, 0x00, 0x03, 0xFF, 0xFF, 0xFF, 0xFD, 0xFC,
    0x03, 0xFF, 0xFF, 0xF8, 0x00, 0x00, 0x00, 0x01, 0xFF, 0xFF, 0xE7, 0xFF,
    0xFF, 0xFF, 0xEE, 0xEF, 0xFF, 0xFF, 0x60, 0x00, 0x00, 0x06, 0x43, 0xFF,
    0xFD, 0xBF, 0xFF, 0xFC, 0x07, 0xFF, 0xFF, 0xF7, 0x10, 0x00, 0x03, 0x03,
    0xFF, 0xFF, 0xC7, 0xFF, 0xFF, 0xFF, 0xF7, 0xFF, 0xFF, 0xFF, 0xE0, 0x00,
    0x00, 0x05, 0xC0, 0x7D, 0xFF, 0xFD, 0xBF, 0xFF, 0x9F, 0xFE, 0xFF, 0xF9,
    0x30, 0x00, 0x00, 0x0F, 0xFF, 0xFF, 0xFF, 0xFF, 0xFF, 0xFF, 0xFF, 0xDF,
    0xFF, 0xFF, 0xC0, 0x00, 0x00, 0x0F, 0x80, 0x3F, 0xFF, 0xDE, 0xFF, 0xFF,
    0xFF, 0xFF, 0xFF, 0xFF, 0x60, 0x00, 0x00, 0x00, 0x37, 0xFF, 0xFF, 0xFF,
    0xFF, 0xFF, 0xFF, 0xBF, 0xFF, 0x9F, 0xC0, 0x00, 0x00, 0x07, 0xB0, 0xFF,
    0xFF, 0x7F, 0xFD, 0xFF, 0xF7, 0xFF, 0xEF, 0xFF, 0xE0, 0x80, 0x00, 0x00,
    0x07, 0xFF, 0xFF, 0xEF, 0xF7, 0xFF, 0xFD, 0x7C, 0xFF, 0x9F, 0xE0, 0x00,
    0x00, 0x07, 0xF0, 0x7F, 0xFF, 0xFF, 0xCF, 0x9F, 0xF7, 0xFF, 0xFF, 0xFF,
    0xDD, 0x80, 0x00, 0x00, 0x0F, 0xFF, 0xFF, 0xEF, 0xE5, 0xFF, 0xFE, 0xFF,
    0xFF, 0xDF, 0xE0, 0x00, 0x00, 0x01, 0xE1, 0x3F, 0xFF, 0xFF, 0xBF, 0xBF,
    0xFF, 0xFF, 0xFF, 0xFF, 0xFF, 0x80, 0x00, 0x00, 0x00, 0x7F, 0xFF, 0xFF,
    0xFF, 0xFF, 0xFF, 0xFF, 0xFF, 0xFF, 0xE0, 0x00, 0x00, 0x20, 0x01, 0xFF,
    0xEF, 0xFF, 0xBF, 0xFF, 0xFF, 0xFF, 0xFF, 0xFF, 0xFF, 0xFD, 0xE0, 0x00,
    0x00, 0x3F, 0xFF, 0xFF, 0xFF, 0xFF, 0xFF, 0xFF, 0xF1, 0xFF, 0xF0, 0x00,
    0x00, 0xC0, 0x00, 0xFF, 0xFF, 0xFF, 0xFF, 0xFF, 0xFF, 0xFF, 0xFF, 0xFF,
    0xFE, 0x7C, 0x00, 0x00, 0x01, 0x97, 0xFF, 0xFF, 0xFF, 0xFF, 0xFF, 0xFF,
    0xE1, 0xFF, 0xD0, 0x00, 0x01, 0xC4, 0x04, 0x7D, 0xBF, 0xFF, 0xFE, 0x7F,
    0xFF, 0xF3, 0x78, 0xFF, 0x7F, 0xC0, 0x00, 0x00, 0x00, 0x00, 0xFF, 0xFF,
    0x7B, 0xFF, 0xEF, 0xFF, 0xE1, 0xDF, 0xD0, 0x00, 0x01, 0xCC, 0x07, 0xFF,
    0x7F, 0x7E, 0x7E, 0x7F, 0xFF, 0xF1, 0xFD, 0xFE, 0xFF, 0x80, 0x00, 0x00,
    0x00, 0x07, 0x7F, 0xDF, 0xB7, 0xEF, 0x8F, 0xE3, 0xE9, 0x0F, 0xF8, 0x00,
    0x01, 0xFC, 0x43, 0xFE, 0xFF, 0xF6, 0x78, 0xFF, 0x7F, 0x1B, 0x8F, 0x1F,
    0xFF, 0xE0, 0x00, 0x00, 0x00, 0x07, 0xF7, 0xDE, 0xBF, 0xE1, 0x8F, 0xFC,
    0xF3, 0xCF, 0xF0, 0x00, 0x00, 0xFC, 0x67, 0xFF, 0xFD, 0xFF, 0x98, 0x3F,
    0x6F, 0x1F, 0x92, 0x0C, 0xFE, 0x00, 0x00, 0x00, 0x00, 0x00, 0x06, 0xDE,
    0x94, 0xC3, 0xCF, 0xEF, 0x36, 0x07, 0xF0, 0x00, 0x00, 0xFF, 0xFF, 0xDF,
    0xFD, 0xDF, 0x9C, 0x3E, 0xE1, 0x1E, 0x33, 0xC6, 0x7B, 0xC0, 0x00, 0x00,
    0x00, 0x00, 0x32, 0x56, 0x00, 0x81, 0xCF, 0xE7, 0x1C, 0x27, 0xF0, 0x00,
    0x00, 0xFF, 0xFF, 0xBF, 0xFB, 0xCD, 0xFC, 0xFC, 0xC7, 0x3C, 0x73, 0x02,
    0x01, 0x00, 0x00, 0x00, 0x00, 0x00, 0x18, 0x00, 0x43, 0x81, 0xE7, 0xE3,
    0x98, 0x76, 0x90, 0x00, 0x01, 0xBF, 0xDF, 0x78, 0x03, 0xC9, 0xFB, 0xC1,
    0x81, 0x08, 0x60, 0x00, 0x00, 0x00, 0x00, 0x00, 0x00, 0x00, 0x00, 0x01,
    0x20, 0xA2, 0x7F, 0xC1, 0x88, 0x72, 0x00, 0x00, 0x01, 0x3C, 0x42, 0x60,
    0x01, 0x01, 0x02, 0x80, 0x00, 0x00, 0x00, 0x00, 0x00, 0x00, 0x00, 0x00,
    0x00, 0x00, 0x00, 0x00, 0x00, 0x00, 0x00, 0x00, 0x00, 0x00, 0x08, 0x00,
    0x00, 0x00, 0x00, 0x00, 0x00, 0x00, 0x00, 0x00, 0x00, 0x00, 0x00, 0x00,
    0x00, 0x00, 0x00, 0x00, 0x00, 0x00, 0x00, 0x00, 0x00, 0x00, 0x00, 0x00,
    0x00, 0x00, 0x00, 0x00, 0x00, 0x00, 0x00, 0x00, 0x00, 0x00, 0x00, 0x00,
    0x00, 0x00, 0x00, 0x00, 0x00, 0x00, 0x00, 0x00, 0x00, 0x00, 0x00, 0x00,
    0x00, 0x00, 0x00, 0x00, 0x00, 0x00, 0x00, 0x00, 0x00, 0x00, 0x00, 0x00,
    0x00, 0x00, 0x00, 0x00, 0x00, 0x00, 0x00, 0x00, 0x00, 0x00, 0x00, 0x00,
    0x00, 0x00, 0x00, 0x00, 0x00, 0x00, 0x00, 0x00, 0x00, 0x00, 0x00, 0x00,
    0x00, 0x00, 0x00, 0x00, 0x00, 0x00, 0x00, 0x00, 0x00, 0x00, 0x00, 0x00,
    0x00, 0x00, 0x00, 0x00, 0x00, 0x00, 0x00, 0x00, 0x00, 0x00, 0x00, 0x00,
    0x00, 0x00, 0x00, 0x00, 0x00, 0x00, 0x00, 0x00, 0x00, 0x00, 0x00, 0x00,
    0x00, 0x00, 0x00, 0x00, 0x00, 0x00, 0x00, 0x00, 0x00, 0x00, 0x00, 0x00,
    0x00, 0x00, 0x00, 0x00, 0x00, 0x00, 0x00, 0x00, 0x00, 0x00, 0x00, 0x00,
    0x00, 0x00, 0x00, 0x00, 0x00, 0x00, 0x00, 0x00, 0x00, 0x00, 0x00, 0x00,
    0x00, 0x00, 0x00, 0x00, 0x00, 0x00, 0x00, 0x00, 0x00, 0x00, 0x00, 0x00,
    0x00, 0x00, 0x00, 0x00, 0x00, 0x00, 0x00, 0x00, 0x00, 0x00, 0x00, 0x00,
    0x00, 0x00, 0x00, 0x00, 0x00, 0x00, 0x00, 0x00, 0x00, 0x00, 0x00, 0x00,
    0x00, 0x00, 0x00, 0x00,
};
static_assert(sizeof(clock_gallery_image_04) == CLOCK_GALLERY_IMAGE_BYTES_PER_ROW * CLOCK_GALLERY_IMAGE_HEIGHT,
              "clock_gallery_image_04 payload size mismatch");

// 星期五.png
static const uint8_t clock_gallery_image_05[] = {
    0x00, 0x00, 0x00, 0x00, 0x00, 0x00, 0x00, 0x00, 0x00, 0x00, 0x00, 0x00,
    0x00, 0x00, 0x00, 0x00, 0x00, 0x00, 0x00, 0x00, 0x00, 0x00, 0x00, 0x00,
    0x00, 0x00, 0x00, 0x00, 0x00, 0x00, 0x00, 0x00, 0x00, 0x00, 0x00, 0x00,
    0x00, 0x00, 0x00, 0x00, 0x00, 0x00, 0x00, 0x00, 0x00, 0x00, 0x00, 0x00,
    0x00, 0x00, 0x00, 0x00, 0x00, 0x00, 0x00, 0x00, 0x00, 0x00, 0x00, 0x00,
    0x00, 0x00, 0x00, 0x00, 0x00, 0x00, 0x00, 0x00, 0x00, 0x00, 0x00, 0x00,
    0x00, 0x00, 0x00, 0x00, 0x00, 0x00, 0x00, 0x00, 0x00, 0x00, 0x00, 0x00,
    0x00, 0x00, 0x00, 0x00, 0x00, 0x00, 0x00, 0x00, 0x00, 0x00, 0x00, 0x00,
    0x00, 0x00, 0x00, 0x00, 0x00, 0x00, 0x00, 0x00, 0x00, 0x00, 0x00, 0x00,
    0x00, 0x00, 0x00, 0x00, 0x00, 0x00, 0x00, 0x00, 0x00, 0x00, 0x00, 0x00,
    0x00, 0x00, 0x00, 0x00, 0x00, 0x00, 0x00, 0x00, 0x00, 0x00, 0x00, 0x00,
    0x00, 0x00, 0x00, 0x00, 0x00, 0x00, 0x00, 0x00, 0x00, 0x00, 0x00, 0x00,
    0x00, 0x00, 0x00, 0x00, 0x00, 0x00, 0x00, 0x00, 0x00, 0x00, 0x00, 0x00,
    0x00, 0x00, 0x00, 0x00, 0x00, 0x00, 0x00, 0x00, 0x00, 0x00, 0x00, 0x00,
    0x00, 0x00, 0x00, 0x00, 0x00, 0x00, 0x00, 0x00, 0x00, 0x00, 0x00, 0x00,
    0x00, 0x00, 0x00, 0x00, 0x00, 0x00, 0x00, 0x00, 0x00, 0x00, 0x00, 0x00,
    0x00, 0x00, 0x00, 0x00, 0x00, 0x00, 0x00, 0x00, 0x00, 0x00, 0x00, 0x00,
    0x00, 0x00, 0x00, 0x00, 0x00, 0x00, 0x00, 0x00, 0x00, 0x00, 0x00, 0x00,
    0x00, 0x00, 0x00, 0x00, 0x00, 0x00, 0x00, 0x00, 0x00, 0x00, 0x00, 0x00,
    0x00, 0x00, 0x00, 0x00, 0x00, 0x00, 0x00, 0x00, 0x00, 0x00, 0x00, 0x00,
    0x00, 0x00, 0x00, 0x00, 0x00, 0x00, 0x00, 0x00, 0x00, 0x00, 0x00, 0x00,
    0x00, 0x00, 0x00, 0x00, 0x00, 0x00, 0x00, 0x00, 0x00, 0x00, 0x00, 0x00,
    0x00, 0x00, 0x00, 0x00, 0x00, 0x00, 0x00, 0x00, 0x00, 0x00, 0x00, 0x00,
    0x00, 0x00, 0x00, 0x00, 0x00, 0x00, 0x00, 0x00, 0x00, 0x00, 0x00, 0x00,
    0x00, 0x00, 0x00, 0x00, 0x00, 0x00, 0x00, 0x00, 0x00, 0x00, 0x00, 0x00,
    0x00, 0x00, 0x00, 0x00, 0x00, 0x00, 0x00, 0x00, 0x00, 0x00, 0x00, 0x00,
    0x00, 0x00, 0x00, 0x00, 0x00, 0x00, 0x00, 0x00, 0x00, 0x00, 0x00, 0x00,
    0x00, 0x00, 0x00, 0x00, 0x00, 0x00, 0x00, 0x00, 0x00, 0x00, 0x00, 0x00,
    0x00, 0x00, 0x00, 0x00, 0x00, 0x00, 0x00, 0x00, 0x00, 0x00, 0x00, 0x00,
    0x00, 0x00, 0x00, 0x00, 0x00, 0x00, 0x00, 0x00, 0x00, 0x00, 0x00, 0x00,
    0x00, 0x00, 0x00, 0x00, 0x00, 0x00, 0x00, 0x00, 0x00, 0x00, 0x00, 0x00,
    0x00, 0x00, 0x00, 0x00, 0x00, 0x00, 0x00, 0x00, 0x00, 0x00, 0x00, 0x00,
    0x00, 0x00, 0x00, 0x00, 0x00, 0x00, 0x00, 0x00, 0x00, 0x00, 0x00, 0x00,
    0x00, 0x00, 0x00, 0x00, 0x00, 0x00, 0x00, 0x00, 0x00, 0x60, 0x00, 0x00,
    0x00, 0x00, 0x00, 0x00, 0x00, 0x00, 0x00, 0x00, 0x00, 0x00, 0x00, 0x00,
    0x00, 0x00, 0x00, 0x00, 0x00, 0x00, 0x00, 0x00, 0x00, 0x00, 0x00, 0x00,
    0x00, 0x60, 0x0C, 0x00, 0x00, 0x00, 0x00, 0x00, 0x00, 0x00, 0x00, 0x00,
    0x00, 0x00, 0x00, 0x00, 0x00, 0x00, 0x00, 0x00, 0x00, 0x00, 0x00, 0x00,
    0x00, 0x00, 0x00, 0x00, 0x00, 0x70, 0x0C, 0x00, 0x00, 0x00, 0x00, 0x00,
    0x00, 0x00, 0x00, 0x00, 0x00, 0x00, 0x00, 0x00, 0x00, 0x00, 0x00, 0x00,
    0x00, 0x00, 0x00, 0x00, 0x00, 0x00, 0x00, 0x00, 0x00, 0x70, 0x1C, 0x00,
    0x00, 0x00, 0x00, 0x00, 0x00, 0x00, 0x00, 0x00, 0x00, 0x00, 0x00, 0x00,
    0x00, 0x00, 0x00, 0x00, 0x00, 0x00, 0x00, 0x00, 0x00, 0x00, 0x00, 0x00,
    0x00, 0x30, 0x1C, 0x00, 0x00, 0x00, 0x00, 0x00, 0x00, 0x00, 0x00, 0x00,
    0x00, 0x00, 0x00, 0x00, 0x00, 0x00, 0x00, 0x00, 0x00, 0x00, 0x00, 0x00,
    0x00, 0x00, 0x00, 0x00, 0xC0, 0x30, 0x18, 0x00, 0x00, 0x00, 0x00, 0x00,
    0x00, 0x00, 0x00, 0x00, 0x00, 0x00, 0x00, 0x00, 0x00, 0x00, 0x00, 0x00,
    0x00, 0x00, 0x00, 0x00, 0x00, 0x00, 0x00, 0x00, 0xE0, 0x30, 0x38, 0x00,
    0x00, 0x00, 0x00, 0x00, 0x00, 0x00, 0x00, 0x00, 0x00, 0x00, 0x00, 0x00,
    0x00, 0x00, 0x00, 0x00, 0x00, 0x00, 0x00, 0x00, 0x00, 0x00, 0x00, 0x00,
    0x70, 0x00, 0x30, 0x0E, 0x00, 0x00, 0x00, 0x00, 0x00, 0x00, 0x00, 0x00,
    0x00, 0x00, 0x00, 0x00, 0x00, 0x00, 0x00, 0x00, 0x00, 0x00, 0x00, 0x00,
    0x00, 0x00, 0x00, 0x00, 0x30, 0x00, 0x00, 0x1E, 0x00, 0x00, 0x00, 0x00,
    0x00, 0x00, 0x00, 0x00, 0x00, 0x00, 0x00, 0x00, 0x00, 0x00, 0x00, 0x00,
    0x00, 0x00, 0x00, 0x00, 0x00, 0x00, 0x00, 0x00, 0x18, 0x00, 0x00, 0x38,
    0x00, 0x00, 0x00, 0x00, 0x00, 0x00, 0x00, 0x00, 0x00, 0x00, 0x00, 0x00,
    0x00, 0x00, 0x00, 0x00, 0x00, 0x00, 0x00, 0x00, 0x00, 0x00, 0x00, 0x00,
    0x08, 0x00, 0x00, 0x70, 0x00, 0x00, 0x00, 0x00, 0x00, 0x00, 0x00, 0x00,
    0x00, 0x00, 0x00, 0x00, 0x00, 0x00, 0x00, 0x00, 0x00, 0x00, 0x00, 0x00,
    0x00, 0x00, 0x00, 0x00, 0x00, 0x00, 0x00, 0xC0, 0x00, 0x00, 0x00, 0x00,
    0x00, 0x00, 0x00, 0x00, 0x00, 0x00, 0x00, 0x00, 0x00, 0x00, 0x00, 0x00,
    0x00, 0x00, 0x00, 0x00, 0x00, 0x00, 0x00, 0x1E, 0x00, 0x00, 0x00, 0x00,
    0x00, 0x00, 0x00, 0x00, 0x00, 0x00, 0x00, 0x00, 0x00, 0x00, 0x00, 0x00,
    0x00, 0x00, 0x00, 0x00, 0x00, 0x00, 0x00, 0x00, 0x00, 0xFF, 0x80, 0x0F,
    0x80, 0x00, 0x00, 0x00, 0x00, 0x00, 0x00, 0x00, 0x00, 0x00, 0x00, 0x00,
    0x00, 0x00, 0x00, 0x00, 0x00, 0x00, 0x00, 0x00, 0x00, 0x00, 0x00, 0x00,
    0x3F, 0xFF, 0xC0, 0x00, 0x80, 0x00, 0x00, 0x00, 0xC0, 0x00, 0x00, 0x00,
    0x00, 0x00, 0x00, 0x00, 0x00, 0x00, 0x00, 0x00, 0x00, 0x00, 0x00, 0x00,
    0x00, 0x00, 0x00, 0x03, 0xFF, 0xFF, 0xE0, 0x00, 0x00, 0x00, 0x00, 0x01,
    0xE0, 0x00, 0x00, 0x00, 0x00, 0x00, 0x00, 0x00, 0x00, 0x00, 0x00, 0x00,
    0x00, 0x00, 0x00, 0x00, 0x00, 0x0C, 0x00, 0x1F, 0xFF, 0xFF, 0xC0, 0x00,
    0x00, 0x00, 0x00, 0x01, 0xE0, 0x00, 0x00, 0x00, 0x00, 0x00, 0x00, 0x00,
    0x00, 0x00, 0x00, 0x00, 0x01, 0x00, 0x00, 0x00, 0x00, 0x1E, 0x00, 0x3F,
    0xFF, 0xFF, 0x80, 0x00, 0x00, 0x00, 0x00, 0x03, 0xE0, 0x00, 0x00, 0x00,
    0x00, 0x00, 0x00, 0x00, 0x00, 0x00, 0x00, 0x00, 0x00, 0x00, 0x00, 0x00,
    0x00, 0x1E, 0x00, 0x7F, 0xFF, 0xC0, 0x00, 0x00, 0x01, 0xE0, 0x00, 0x03,
    0xE0, 0x00, 0x00, 0x00, 0x00, 0x00, 0x00, 0x00, 0x00, 0x00, 0x00, 0x00,
    0x00, 0x00, 0x00, 0x00, 0x00, 0x1E, 0x00, 0x7F, 0xF8, 0x00, 0x00, 0x00,
    0x03, 0xF0, 0x00, 0x03, 0xE0, 0x00, 0x00, 0x00, 0x00, 0x00, 0x00, 0x00,
    0x00, 0x00, 0x00, 0x00, 0x00, 0x00, 0x00, 0x00, 0x00, 0x1E, 0x00, 0x7E,
    0xF8, 0x00, 0x00, 0x00, 0x03, 0xF0, 0x00, 0x03, 0xE0, 0x00, 0x00, 0x00,
    0x00, 0x00, 0x01, 0x00, 0x00, 0x00, 0x00, 0x00, 0x00, 0x00, 0x06, 0x00,
    0x00, 0x1E, 0x00, 0x00, 0xF8, 0x00, 0x00, 0x00, 0x03, 0xF0, 0x00, 0x03,
    0xE0, 0x00, 0x00, 0x00, 0x00, 0x00, 0x03, 0x80, 0x00, 0x00, 0x00, 0x00,
    0x00, 0x00, 0x6E, 0x00, 0x00, 0x0E, 0x00, 0x00, 0xF8, 0x00, 0x00, 0x00,
    0x03, 0xE0, 0x00, 0x03, 0xC0, 0x00, 0x00, 0x00, 0x00, 0x00, 0x07, 0x80,
    0x00, 0x00, 0x00, 0x00, 0x00, 0x00, 0x6C, 0x00, 0x00, 0x06, 0x00, 0x00,
    0xF8, 0x00, 0x00, 0x00, 0x00, 0xC0, 0x00, 0x07, 0xC0, 0x00, 0x00, 0x00,
    0x00, 0x00, 0x07, 0x80, 0x00, 0x00, 0x00, 0x00, 0x00, 0x10, 0x60, 0x00,
    0x00, 0x00, 0x30, 0x00, 0xF8, 0x00, 0x00, 0x00, 0x00, 0x00, 0x00, 0x07,
    0xC0, 0x00, 0x00, 0x00, 0x00, 0x00, 0x07, 0x80, 0x00, 0x00, 0x00, 0x00,
    0x00, 0x03, 0x2F, 0x00, 0x00, 0x02, 0x70, 0x00, 0xF8, 0x00, 0x00, 0x00,
    0x00, 0x00, 0x00, 0x07, 0xC0, 0x00, 0x00, 0x00, 0x00, 0x00, 0x07, 0x00,
    0x00, 0x00, 0x00, 0x00, 0x00, 0x13, 0x07, 0x00, 0x00, 0x02, 0x70, 0x00,
    0xF8, 0x00, 0x00, 0x00, 0x00, 0x00, 0x00, 0x07, 0xC0, 0x00, 0x00, 0x00,
    0x00, 0x00, 0x07, 0x00, 0x00, 0x00, 0x00, 0x00, 0x00, 0x11, 0x80, 0x00,
    0x00, 0x78, 0x70, 0x00, 0xF8, 0x00, 0x00, 0x01, 0x80, 0x00, 0x00, 0xC7,
    0xC0, 0x07, 0x00, 0x00, 0x00, 0x00, 0x06, 0x00, 0x00, 0x00, 0x00, 0x00,
    0x00, 0x00, 0xF8, 0x00, 0x00, 0x7D, 0x60, 0x00, 0xF8, 0xFF, 0x87, 0x07,
    0xE1, 0xC0, 0x07, 0xFF, 0xC0, 0x1F, 0xC0, 0x0C, 0x01, 0x80, 0xC4, 0x00,
    0x00, 0x00, 0x00, 0x00, 0x00, 0x60, 0x38, 0x00, 0x00, 0x3F, 0x60, 0x00,
    0xFF, 0xFF, 0x8F, 0x1F, 0xF3, 0xE0, 0x0F, 0xFF, 0xC0, 0x3F, 0xF0, 0x1E,
    0x03, 0xC0, 0xC4, 0x00, 0x00, 0x00, 0x00, 0x00, 0x00, 0x67, 0x00, 0x00,
    0x00, 0x09, 0xC0, 0x00, 0xFF, 0xFF, 0x8F, 0xBF, 0xF3, 0xE0, 0x1F, 0xFF,
    0xC0, 0x7F, 0xF8, 0x1E, 0x03, 0xC0, 0xE0, 0xE0, 0x00, 0x00, 0x00, 0x00,
    0x00, 0xC7, 0x00, 0x10, 0x00, 0x00, 0xC2, 0x03, 0xFF, 0xFF, 0x8F, 0xBF,
    0xF3, 0xE0, 0x3F, 0xFF, 0xC0, 0xFC, 0xF8, 0x1E, 0x03, 0xC0, 0xE9, 0xE0,
    0x00, 0x00, 0x00, 0x00, 0x00, 0xE7, 0x00, 0x30, 0x00, 0x00, 0x47, 0x07,
    0xFF, 0xFE, 0x0F, 0xFC, 0x63, 0xE0, 0x7E, 0x0F, 0x81, 0xF8, 0xF8, 0x3E,
    0x07, 0xC0, 0xEB, 0xE0, 0x00, 0x00, 0x00, 0x00, 0x00, 0x67, 0x89, 0x90,
    0x00, 0x00, 0x47, 0x07, 0xFF, 0x80, 0x0F, 0xF8, 0x03, 0xC0, 0x7C, 0x0F,
    0x81, 0xF0, 0xF8, 0x3E, 0x07, 0xC0, 0x6F, 0xC0, 0x00, 0x00, 0x80, 0x00,
    0x00, 0x3F, 0xC1, 0xDC, 0x00, 0x00, 0x27, 0x03, 0xFC, 0x00, 0x0F, 0xF8,
    0x03, 0xC0, 0xFC, 0x0F, 0x83, 0xE0, 0xF8, 0x3E, 0x07, 0xC0, 0x78, 0x00,
    0x00, 0x03, 0x00, 0x00, 0x00, 0x7F, 0x81, 0xF8, 0x60, 0x07, 0x17, 0x00,
    0xFC, 0x00, 0x07, 0xF0, 0x03, 0xC0, 0xF8, 0x0F, 0x83, 0xE0, 0xF8, 0x3E,
    0x07, 0xC0, 0x30, 0x00, 0x00, 0x02, 0x00, 0x00, 0x00, 0x7F, 0x0E, 0xC3,
    0x20, 0x0F, 0xD7, 0x00, 0xFC, 0x00, 0x07, 0xF0, 0x07, 0xC0, 0xF8, 0x0F,
    0x87, 0xC1, 0xF8, 0x3C, 0x0F, 0xC0, 0x20, 0x00, 0x00, 0xFE, 0x00, 0x00,
    0x00, 0x7F, 0xE0, 0x43, 0xE0, 0x0F, 0xFE, 0x00, 0xFC, 0x00, 0x07, 0xE0,
    0x07, 0xC1, 0xF0, 0x1F, 0xC7, 0xC1, 0xF8, 0x3C, 0x0F, 0xC6, 0x20, 0x00,
    0x00, 0x0E, 0x00, 0x00, 0x00, 0x79, 0xE6, 0x63, 0x80, 0x07, 0xEE, 0x00,
    0xFC, 0x00, 0x07, 0xE0, 0x03, 0xC1, 0xF0, 0x1F, 0xC7, 0xC3, 0xF8, 0x3C,
    0x1F, 0xC6, 0x40, 0x00, 0x00, 0x00, 0x00, 0x00, 0x01, 0xBB, 0xFF, 0xE1,
    0x80, 0x00, 0x03, 0x00, 0xFC, 0x00, 0x07, 0xE0, 0x03, 0xC1, 0xF0, 0x3F,
    0xC7, 0xC3, 0xF8, 0x3C, 0x3F, 0xC7, 0x1F, 0x00, 0x00, 0x00, 0x00, 0x00,
    0x01, 0xB3, 0x7F, 0x80, 0x00, 0x00, 0x01, 0x80, 0xFC, 0x00, 0x07, 0xE0,
    0x03, 0xE1, 0xF0, 0x7F, 0xC7, 0xC7, 0xF8, 0x3E, 0x7F, 0xC3, 0xBF, 0x00,
    0x00, 0x00, 0x00, 0x00, 0x00, 0x34, 0x7F, 0xD8, 0x00, 0x00, 0x00, 0xC0,
    0xFC, 0x00, 0x07, 0xC0, 0x03, 0xE0, 0xF8, 0xFF, 0xC7, 0xCF, 0xFC, 0x3F,
    0xFF, 0x83, 0xFE, 0x00, 0x00, 0x00, 0x00, 0x00, 0x00, 0x16, 0x7F, 0xDC,
    0x67, 0x00, 0x00, 0x60, 0xFC, 0x00, 0x07, 0xC0, 0x03, 0xFC, 0xFF, 0xFB,
    0xF3, 0xFF, 0x7F, 0x1F, 0xFF, 0x83, 0x08, 0x00, 0x00, 0x00, 0x00, 0x00,
    0x00, 0x97, 0xFD, 0x9C, 0xE7, 0x00, 0x00, 0x00, 0xFC, 0x00, 0x07, 0xC0,
    0x01, 0xFE, 0x7F, 0xF3, 0xFB, 0xFF, 0x7F, 0x9F, 0xE7, 0x82, 0x00, 0x00,
    0x00, 0x00, 0x00, 0x00, 0x01, 0xDA, 0x9B, 0xFF, 0xEF, 0x00, 0x00, 0x00,
    0x7C, 0x00, 0x03, 0xE0, 0x01, 0xFC, 0x3F, 0xE1, 0xF1, 0xFC, 0x3F, 0x0F,
    0xCF, 0x84, 0x00, 0x00, 0x00, 0x00, 0x00, 0x00, 0x01, 0xDC, 0xBF, 0xFF,
    0x0E, 0x00, 0x00, 0x00, 0x7C, 0x00, 0x03, 0xE0, 0x00, 0xF8, 0x1F, 0xC0,
    0xF0, 0xF8, 0x1E, 0x00, 0x0F, 0x88, 0x00, 0x00, 0x00, 0x00, 0x00, 0x00,
    0x01, 0xCF, 0xFF, 0xFF, 0x90, 0x40, 0x00, 0x00, 0x7C, 0x00, 0x03, 0xC0,
    0x00, 0x00, 0x00, 0x00, 0x00, 0x00, 0x00, 0x00, 0x0F, 0x80, 0x00, 0x00,
    0x06, 0x00, 0x00, 0x00, 0x00, 0xFB, 0xFF, 0xFF, 0xFC, 0xF8, 0x00, 0x00,
    0x7E, 0x00, 0x01, 0x80, 0x00, 0x00, 0x00, 0x00, 0x00, 0x00, 0x00, 0x00,
    0x0F, 0x80, 0x00, 0x00, 0x0C, 0x00, 0x00, 0x00, 0x01, 0xFF, 0xFF, 0xFF,
    0x8C, 0x70, 0x00, 0x00, 0x7E, 0x00, 0x00, 0x00, 0x00, 0x00, 0x00, 0x00,
    0x00, 0x00, 0x00, 0x00, 0x1F, 0x00, 0x00, 0x00, 0x18, 0x00, 0x00, 0x00,
    0x01, 0xFF, 0xFF, 0xFF, 0x8E, 0x01, 0x00, 0x00, 0x7E, 0x00, 0x00, 0x00,
    0x00, 0x00, 0x00, 0x00, 0x00, 0x00, 0x00, 0x00, 0x1F, 0x00, 0x00, 0x03,
    0xF8, 0x00, 0x00, 0x00, 0x01, 0xFF, 0xFF, 0xFF, 0xC4, 0x43, 0x00, 0x00,
    0x3C, 0x00, 0x00, 0x00, 0x00, 0x00, 0x00, 0x00, 0x00, 0x00, 0x00, 0x00,
    0x1F, 0x00, 0x00, 0x00, 0x10, 0x00, 0x00, 0x00, 0x01, 0xFF, 0xFF, 0xFF,
    0xFE, 0xEB, 0x70, 0x00, 0x18, 0x00, 0x00, 0x00, 0x00, 0x00, 0x7E, 0xC8,
    0x00, 0x00, 0x00, 0x00, 0x3E, 0x00, 0x00, 0x00, 0x00, 0x00, 0x00, 0x00,
    0x01, 0xBF, 0xFE, 0xFF, 0xFE, 0x79, 0x60, 0x00, 0x00, 0x00, 0x00, 0x00,
    0x7F, 0xFF, 0xFF, 0xFF, 0xFE, 0x00, 0x00, 0x40, 0x3E, 0x00, 0x00, 0x00,
    0x00, 0x00, 0x00, 0x00, 0x00, 0x1F, 0xFE, 0xFF, 0xFF, 0xF8, 0x00, 0x00,
    0x00, 0x00, 0x00, 0x0F, 0xFF, 0x80, 0x00, 0x00, 0x03, 0xE3, 0x80, 0xE0,
    0x7C, 0x00, 0x00, 0x00, 0x00, 0x00, 0x00, 0x00, 0x00, 0xFF, 0xFF, 0x3F,
    0xFF, 0xDC, 0x00, 0x00, 0x00, 0x00, 0x07, 0xFC, 0x00, 0x00, 0x00, 0x00,
    0x00, 0x03, 0x80, 0xF1, 0xFC, 0x00, 0x00, 0x00, 0x00, 0x00, 0x00, 0x00,
    0x00, 0xFF, 0xFF, 0xFF, 0xBF, 0xFF, 0x61, 0x00, 0x00, 0x00, 0x7E, 0x00,
    0x00, 0x00, 0x00, 0x00, 0x00, 0x00, 0x00, 0xFF, 0xF8, 0x00, 0x00, 0x00,
    0x00, 0x00, 0x00, 0x00, 0x00, 0xFF, 0xFF, 0x3F, 0xBF, 0xFE, 0x67, 0x80,
    0x00, 0x00, 0x00, 0x00, 0x00, 0x00, 0x00, 0x00, 0x00, 0x00, 0x00, 0x7F,
    0xF0, 0x00, 0x00, 0x00, 0x00, 0x00, 0x00, 0x00, 0x00, 0xCF, 0xFF, 0xFF,
    0xE7, 0xF2, 0x64, 0xC0, 0x00, 0x00, 0x00, 0x00, 0x00, 0x00, 0x00, 0x00,
    0x00, 0x00, 0x00, 0x3F, 0xE0, 0x00, 0x00, 0x00, 0x00, 0x00, 0x00, 0x00,
    0x00, 0x03, 0xFF, 0xFF, 0xFB, 0xFF, 0x6F, 0xC0, 0x00, 0x00, 0x00, 0x00,
    0x00, 0x00, 0x00, 0x00, 0x00, 0x00, 0x00, 0x0F, 0x80, 0x00, 0x00, 0x00,
    0x00, 0x00, 0x00, 0x00, 0x00, 0x0F, 0xFF, 0xFF, 0xFF, 0xFF, 0xDF, 0x80,
    0x00, 0x00, 0x00, 0x00, 0x00, 0x00, 0x00, 0x00, 0x00, 0x00, 0x00, 0x00,
    0x00, 0x00, 0x00, 0x00, 0x00, 0x0C, 0x00, 0x00, 0x00, 0x07, 0xFF, 0xFF,
    0xF3, 0xFF, 0x9C, 0x00, 0x00, 0x00, 0x00, 0x00, 0x00, 0x00, 0x00, 0x00,
    0x00, 0x00, 0x00, 0x00, 0x00, 0x00, 0x00, 0x00, 0x00, 0x0C, 0x00, 0x00,
    0x01, 0xE7, 0xFF, 0xFF, 0xFF, 0xFF, 0xFC, 0x00, 0x00, 0x00, 0x00, 0x00,
    0x00, 0x00, 0x00, 0x00, 0x00, 0x00, 0x00, 0x00, 0x00, 0x00, 0x00, 0x00,
    0x00, 0x1E, 0x00, 0x00, 0x01, 0xFF, 0xFF, 0xFF, 0xFF, 0xFF, 0xC4, 0x00,
    0x00, 0x3F, 0xFE, 0x00, 0x00, 0x00, 0x00, 0x00, 0x00, 0x00, 0x00, 0x00,
    0x00, 0x00, 0x00, 0x00, 0x00, 0x1E, 0x00, 0x00, 0x01, 0xFF, 0xFF, 0xFF,
    0xFF, 0xFF, 0xF0, 0x00, 0xFF, 0xFF, 0xFF, 0xC0, 0x00, 0x38, 0x07, 0x00,
    0x00, 0x00, 0x00, 0x00, 0x00, 0x00, 0x00, 0x00, 0x00, 0x0C, 0x00, 0x00,
    0x00, 0x3F, 0xFF, 0xFF, 0xFF, 0xFB, 0xF2, 0xE1, 0xFF, 0xFF, 0xFF, 0xE0,
    0x00, 0x7C, 0x07, 0x80, 0x00, 0x00, 0x00, 0x00, 0x00, 0x00, 0x00, 0x00,
    0x00, 0x3E, 0x00, 0x00, 0x00, 0x3F, 0xFF, 0xFF, 0xFF, 0xFF, 0xF7, 0xE3,
    0xFF, 0xFF, 0xFF, 0xF0, 0x00, 0x7C, 0x07, 0x81, 0xFF, 0xE0, 0x00, 0x00,
    0x00, 0x00, 0x00, 0x00, 0x00, 0x7F, 0x80, 0x00, 0x00, 0xFF, 0xFF, 0xFF,
    0xFF, 0xFF, 0xA7, 0x03, 0xFF, 0x80, 0x03, 0xF0, 0x00, 0x7C, 0x07, 0x83,
    0xFF, 0xF0, 0x00, 0x00, 0x1F, 0xFE, 0x00, 0x00, 0x00, 0x7F, 0x80, 0x00,
    0x00, 0xFF, 0xFF, 0xFF, 0xFD, 0xFB, 0x90, 0x03, 0xE0, 0x00, 0x01, 0xF0,
    0x00, 0x7C, 0x07, 0x83, 0xFF, 0xF8, 0x1F, 0xFF, 0xFF, 0xFF, 0x80, 0x00,
    0x00, 0xFF, 0xC0, 0x00, 0x00, 0xFF, 0xFF, 0xFF, 0xFF, 0xF1, 0xB1, 0x83,
    0xE0, 0x00, 0x01, 0xF0, 0x00, 0xFF, 0xFF, 0xF3, 0xFF, 0xF8, 0x7F, 0xFF,
    0xFF, 0xFF, 0x80, 0x00, 0x01, 0xFF, 0xE0, 0x00, 0x00, 0xDF, 0xFF, 0xFF,
    0xFF, 0xE8, 0x39, 0xC3, 0xE0, 0x00, 0x01, 0xF0, 0x07, 0xFF, 0xFF, 0xFB,
    0xE0, 0xF8, 0x7F, 0xFF, 0xFF, 0xFF, 0x80, 0x00, 0x03, 0xFF, 0xF0, 0x00,
    0x00, 0x9F, 0x9F, 0xEF, 0xFF, 0xFC, 0x78, 0xC3, 0xE3, 0xFF, 0xFF, 0xF0,
    0x0F, 0xFF, 0xFF, 0xFB, 0xE0, 0x78, 0x7F, 0xFF, 0xFF, 0xFF, 0x00, 0x00,
    0x07, 0xFF, 0xF8, 0x00, 0x00, 0x3B, 0xBF, 0xEC, 0xFF, 0x7E, 0x10, 0x03,
    0xFF, 0xFF, 0xFF, 0xF0, 0x07, 0xFF, 0xFF, 0xF3, 0xE0, 0x78, 0x3F, 0xAF,
    0x80, 0x00, 0x00, 0x00, 0x0F, 0xFF, 0xF8, 0x00, 0x00, 0x00, 0x0F, 0xCC,
    0x7F, 0xF0, 0x00, 0x03, 0xFF, 0xFF, 0xFF, 0xF0, 0x03, 0xFC, 0x0F, 0x83,
    0xE0, 0x78, 0x00, 0x0F, 0x80, 0x00, 0x00, 0x00, 0x3F, 0xFF, 0xF8, 0x00,
    0x00, 0x00, 0x42, 0xAC, 0xFF, 0xF0, 0x30, 0x03, 0xFF, 0xFF, 0xFF, 0xF0,
    0x00, 0x7C, 0x07, 0x83, 0xE0, 0x78, 0x00, 0x0F, 0x80, 0x00, 0x00, 0x00,
    0x7F, 0xFF, 0x80, 0x00, 0x00, 0x00, 0xCE, 0x65, 0xFF, 0xF7, 0x30, 0x03,
    0xE0, 0x00, 0x01, 0xF0, 0x00, 0x7C, 0x07, 0x83, 0xE0, 0x78, 0x00, 0x0F,
    0x80, 0x00, 0x00, 0x00, 0x1F, 0xFF, 0xC0, 0x00, 0x00, 0xFE, 0xCF, 0x21,
    0xFB, 0xF3, 0xA0, 0x03, 0xE0, 0x00, 0x01, 0xF0, 0x00, 0x7C, 0x0F, 0x83,
    0xE0, 0x78, 0x00, 0x0F, 0x80, 0x00, 0x00, 0x00, 0x0D, 0xFB, 0x00, 0x00,
    0x00, 0x7F, 0xE6, 0x00, 0x0C, 0x3B, 0x00, 0x03, 0xE0, 0x00, 0x01, 0xF0,
    0x00, 0x7F, 0xFF, 0x83, 0xFF, 0xF8, 0x00, 0x0F, 0x80, 0x00, 0x00, 0x00,
    0x0C, 0x18, 0x08, 0x00, 0x00, 0x73, 0xFF, 0x00, 0x1E, 0x3C, 0x60, 0x01,
    0xF7, 0xFF, 0xFF, 0xF0, 0x00, 0x7F, 0xFF, 0x83, 0xFF, 0xFC, 0x00, 0x0F,
    0x80, 0x00, 0x00, 0x00, 0x0C, 0x18, 0x00, 0x00, 0x00, 0x38, 0x7F, 0xF0,
    0x3F, 0x33, 0xE6, 0x01, 0xFF, 0xFF, 0xFF, 0xE0, 0x00, 0x7F, 0xFF, 0x83,
    0xFF, 0xFC, 0x00, 0x0F, 0x80, 0x00, 0x00, 0x00, 0x04, 0x18, 0x00, 0x00,
    0x00, 0x08, 0x3F, 0xFE, 0x3E, 0x03, 0x86, 0x01, 0xFF, 0xFF, 0xFF, 0xE0,
    0x00, 0x7F, 0x0F, 0x83, 0xFF, 0xFC, 0x00, 0x1F, 0xFF, 0xF0, 0x00, 0x00,
    0x04, 0x18, 0x10, 0x00, 0x00, 0x1C, 0x1E, 0x1E, 0x0C, 0xC3, 0xB0, 0x00,
    0xFF, 0xFF, 0xFF, 0xC0, 0x00, 0x7C, 0x07, 0x83, 0xE0, 0x7C, 0x07, 0xFF,
    0xFF, 0xF8, 0x00, 0x00, 0x06, 0x18, 0x10, 0x00, 0x00, 0x1E, 0x0F, 0x0E,
    0x0D, 0xC0, 0x30, 0x00, 0x30, 0x06, 0x00, 0x00, 0x00, 0x7C, 0x07, 0x83,
    0xE0, 0x7C, 0x0F, 0xFF, 0xFF, 0xFC, 0x00, 0x00, 0x06, 0x18, 0x00, 0x00,
    0x00, 0x1F, 0x07, 0x87, 0x00, 0xC0, 0x18, 0x00, 0x78, 0x0F, 0x00, 0x00,
    0x00, 0x7C, 0x0F, 0x83, 0xE0, 0x7C, 0x0F, 0xFF, 0xFF, 0xFC, 0x00, 0x00,
    0x02, 0x18, 0x20, 0x00, 0x00, 0x0F, 0x87, 0xC7, 0x80, 0x00, 0x00, 0x00,
    0xF8, 0x0F, 0x00, 0x00, 0x00, 0x7F, 0xFF, 0x83, 0xE0, 0x7C, 0x07, 0xFF,
    0x80, 0x7C, 0x00, 0x00, 0x02, 0x18, 0x20, 0x00, 0x00, 0x07, 0xC3, 0xE3,
    0xC0, 0x01, 0xC0, 0x00, 0xF8, 0x0F, 0x00, 0x00, 0x00, 0x7F, 0xFF, 0x83,
    0xE0, 0x7C, 0x00, 0x1F, 0x00, 0x7C, 0x00, 0x00, 0x03, 0x18, 0x20, 0x00,
    0x00, 0x03, 0xE1, 0xF1, 0xE0, 0x01, 0xE0, 0x01, 0xFF, 0xFF, 0xFF, 0xE0,
    0x00, 0x7F, 0xFF, 0x83, 0xE0, 0x7C, 0x00, 0x1F, 0x00, 0x7C, 0x00, 0x00,
    0x03, 0x18, 0x40, 0x00, 0x00, 0x03, 0xE0, 0xF0, 0xF0, 0x00, 0xCC, 0x01,
    0xFF, 0xFF, 0xFF, 0xF0, 0x00, 0x7F, 0xEF, 0x83, 0xFF, 0xFC, 0x00, 0x1F,
    0x00, 0x7C, 0x00, 0x00, 0x01, 0x18, 0x40, 0x00, 0x00, 0x01, 0xF0, 0x78,
    0x78, 0x00, 0x84, 0x03, 0xFF, 0xFF, 0xFF, 0xF0, 0x00, 0x7C, 0x07, 0x83,
    0xFF, 0xFC, 0x00, 0x3E, 0x00, 0x7C, 0x00, 0x00, 0x01, 0xFF, 0xC0, 0x00,
    0x00, 0xC0, 0xF8, 0x3C, 0x3C, 0x00, 0x00, 0x07, 0xFF, 0xFF, 0xFF, 0xE0,
    0x00, 0x7C, 0x07, 0x83, 0xFF, 0xFC, 0x00, 0x3E, 0x00, 0x7C, 0x00, 0x00,
    0x01, 0xFF, 0xC0, 0x00, 0x00, 0xC0, 0xFC, 0x1E, 0x1E, 0x00, 0x00, 0x07,
    0xC0, 0x0F, 0x00, 0x00, 0x00, 0x7C, 0x0F, 0xE3, 0xFF, 0xFC, 0x00, 0x3E,
    0x00, 0x7C, 0x00, 0x00, 0x01, 0xFF, 0x80, 0x00, 0x00, 0x43, 0xFE, 0x0F,
    0x0F, 0x00, 0x08, 0x0F, 0xC0, 0x0F, 0x80, 0x00, 0x07, 0xFF, 0xFF, 0xF3,
    0xC0, 0x7C, 0x00, 0x3E, 0x00, 0x7C, 0x00, 0x00, 0x00, 0x4D, 0x00, 0x00,
    0x00, 0x40, 0xFF, 0x07, 0x87, 0x80, 0x1C, 0x1F, 0x80, 0x0F, 0x00, 0x00,
    0x0F, 0xFF, 0xFF, 0xFB, 0xC0, 0x7C, 0x00, 0x3E, 0x00, 0x7C, 0x00, 0x00,
    0x00, 0x7F, 0x00, 0x00, 0x00, 0x40, 0xFF, 0x6F, 0xC3, 0xC0, 0x20, 0x0F,
    0x0F, 0xFF, 0xFF, 0x80, 0x1F, 0xFF, 0xFF, 0xFB, 0xC0, 0x7C, 0x00, 0x3E,
    0x00, 0xFC, 0x00, 0x00, 0x00, 0x3E, 0x00, 0x00, 0x00, 0xE0, 0xFE, 0x1F,
    0xE1, 0xC0, 0x30, 0x0E, 0x3F, 0xFF, 0xFF, 0xC0, 0x0F, 0xFF, 0xFF, 0xE7,
    0xC0, 0x7C, 0x00, 0x3E, 0x00, 0xFC, 0x00, 0x00, 0x00, 0x1C, 0x00, 0x00,
    0x00, 0xF0, 0xFF, 0x0F, 0xE3, 0xF0, 0x20, 0x00, 0x3F, 0xFF, 0xFF, 0xC0,
    0x00, 0x08, 0x08, 0x07, 0xC0, 0x7C, 0x00, 0x3C, 0x00, 0xF8, 0x00, 0x00,
    0x00, 0x3E, 0x00, 0x00, 0x01, 0xFF, 0xFF, 0x0F, 0xE3, 0xF0, 0x00, 0x00,
    0x3F, 0xFF, 0xFF, 0x80, 0x00, 0x1E, 0x1E, 0x07, 0xC0, 0x7C, 0x00, 0x7C,
    0x00, 0xF8, 0x00, 0x00, 0x00, 0x7F, 0x00, 0x00, 0x01, 0xFF, 0xFF, 0x8F,
    0xE3, 0xF0, 0x1C, 0x00, 0x00, 0x0F, 0x80, 0x00, 0x00, 0x3E, 0x3E, 0x07,
    0xC0, 0x78, 0x00, 0x7C, 0x00, 0xF8, 0x00, 0x00, 0x00, 0x7F, 0x00, 0x00,
    0x01, 0xFF, 0xFF, 0xFF, 0xE1, 0xFF, 0xFE, 0x00, 0x00, 0x0F, 0x80, 0x00,
    0x00, 0x7E, 0x1F, 0x07, 0x80, 0x78, 0x00, 0x7C, 0x00, 0xF8, 0x00, 0x00,
    0x00, 0x3E, 0x00, 0x00, 0x01, 0xFF, 0xFF, 0xFB, 0xF3, 0xF6, 0x10, 0x00,
    0x00, 0x0F, 0x80, 0x00, 0x00, 0xFC, 0x1F, 0x8F, 0x80, 0x78, 0x7F, 0xFF,
    0xFF, 0xFF, 0xF0, 0x00, 0x00, 0x1C, 0x00, 0x00, 0x01, 0xFF, 0xFF, 0xFE,
    0x7E, 0x74, 0x10, 0x00, 0x00, 0x0F, 0x80, 0x00, 0x00, 0xF8, 0x0F, 0xCF,
    0x82, 0xF8, 0xFF, 0xFF, 0xFF, 0xFF, 0xF8, 0x00, 0x00, 0x3E, 0x00, 0x00,
    0x01, 0xFF, 0xFF, 0xFE, 0x7E, 0x07, 0xF0, 0x03, 0xFF, 0xFF, 0xFF, 0xFF,
    0x01, 0xF8, 0x07, 0xCF, 0x87, 0xF8, 0xFF, 0xFF, 0xFF, 0xFF, 0xF8, 0x00,
    0x00, 0x3E, 0x00, 0x00, 0x01, 0xFF, 0xFF, 0xFC, 0x1F, 0x8F, 0xF8, 0x0F,
    0xFF, 0xFF, 0xFF, 0xFF, 0x83, 0xF0, 0x03, 0xDF, 0x0F, 0xF8, 0xFF, 0xFF,
    0xFF, 0xFF, 0xF0, 0x00, 0x00, 0x3C, 0x00, 0x00, 0x01, 0xFF, 0xFF, 0xF8,
    0x3F, 0xBF, 0xFC, 0x0F, 0xFF, 0xFF, 0xFF, 0xFF, 0x83, 0xE0, 0x01, 0x9F,
    0x07, 0xF0, 0x7F, 0xC0, 0x00, 0x00, 0x00, 0x00, 0x00, 0x1C, 0x00, 0x00,
    0x01, 0xFF, 0xFF, 0xF8, 0x3E, 0x3F, 0xFE, 0x0F, 0xFF, 0xFF, 0xFF, 0xFF,
    0x03, 0xC0, 0x00, 0x1E, 0x03, 0xE0, 0x00, 0x00, 0x00, 0x00, 0x00, 0x00,
    0x00, 0x1C, 0x00, 0x00, 0x01, 0xFF, 0xFF, 0xF8, 0x3E, 0x7F, 0xFE, 0x07,
    0xFE, 0x00, 0x00, 0x00, 0x00, 0x80, 0x00, 0x00, 0x00, 0x00, 0x00, 0x00,
    0x00, 0x00, 0x00, 0x00, 0x00, 0x1C, 0x00, 0x00, 0x00, 0xFF, 0xFF, 0xF9,
    0xF6, 0xFF, 0xFF, 0x00, 0x00, 0x00, 0x00, 0x00, 0x00, 0x00, 0x00, 0x00,
    0x00, 0x00, 0x00, 0x00, 0x00, 0x00, 0x00, 0x00, 0x00, 0x1C, 0x00, 0x00,
    0x00, 0xFF, 0xFF, 0xF9, 0x96, 0xFF, 0xFF, 0x00, 0x00, 0x00, 0x00, 0x00,
    0x00, 0x00, 0x00, 0x00, 0x00, 0x00, 0x00, 0x00, 0x00, 0x00, 0x00, 0x00,
    0x00, 0x3C, 0x00, 0x00, 0x01, 0xFF, 0xFF, 0xF8, 0x37, 0xFF, 0xFF, 0x00,
    0x00, 0x00, 0x00, 0x00, 0x00, 0x00, 0x00, 0x00, 0x00, 0x00, 0x00, 0x00,
    0x00, 0x00, 0x00, 0x00, 0x00, 0x1E, 0x00, 0x00, 0x01, 0xFF, 0xFF, 0xF8,
    0x3E, 0xFF, 0xFF, 0x00, 0x00, 0x00, 0x00, 0x00, 0x00, 0x00, 0x00, 0x00,
    0x00, 0x00, 0x00, 0x00, 0x00, 0x00, 0x00, 0x00, 0x00, 0x3E, 0x00, 0x00,
    0x00, 0x7F, 0xFF, 0xF8, 0x36, 0xFF, 0xFF, 0x00, 0x00, 0x00, 0x00, 0x00,
    0x00, 0x00, 0x00, 0x00, 0x00, 0x00, 0x00, 0x00, 0x00, 0x00, 0x00, 0x00,
    0x00, 0x3E, 0x00, 0x00, 0x01, 0xFF, 0xFF, 0xFC, 0x26, 0x7F, 0xFF, 0x00,
    0x00, 0x00, 0x00, 0x00, 0x00, 0x00, 0x00, 0x00, 0x00, 0x00, 0x00, 0x00,
    0x00, 0x00, 0x00, 0x00, 0x02, 0x3E, 0x00, 0x00, 0x00, 0xFF, 0xFF, 0xFF,
    0xCF, 0x7F, 0xFE, 0x00, 0x00, 0x00, 0x00, 0x00, 0x00, 0x00, 0x00, 0x00,
    0x00, 0x00, 0x00, 0x00, 0x00, 0x00, 0x06, 0x00, 0x26, 0x3E, 0x00, 0x00,
    0x00, 0xFF, 0xFF, 0xFB, 0x6F, 0x3F, 0xFE, 0x00, 0x00, 0x00, 0x00, 0x00,
    0x00, 0x00, 0x00, 0x00, 0x00, 0x00, 0x00, 0x00, 0x00, 0x00, 0x0F, 0x04,
    0xF8, 0x3E, 0x00, 0x00, 0x00, 0x7F, 0xFF, 0xFF, 0x6E, 0x1F, 0xFC, 0x00,
    0x00, 0x00, 0x00, 0x00, 0x00, 0x00, 0x00, 0x00, 0x00, 0x00, 0x00, 0x00,
    0x00, 0x00, 0x1F, 0x23, 0x60, 0x3E, 0x00, 0x00, 0x01, 0xFF, 0xFF, 0xFF,
    0x8E, 0x07, 0xF0, 0x00, 0x00, 0x00, 0x00, 0x00, 0x00, 0x00, 0x00, 0x00,
    0x00, 0x00, 0x00, 0x00, 0x00, 0x00, 0x1F, 0xFC, 0x00, 0x3E, 0x00, 0x00,
    0x01, 0xFF, 0xFF, 0xFB, 0x54, 0xC0, 0x00, 0x00, 0x00, 0x00, 0x00, 0x00,
    0x00, 0x00, 0x00, 0x00, 0x00, 0x00, 0x00, 0x00, 0x00, 0x00, 0x1F, 0xF8,
    0x00, 0x3E, 0x00, 0x00, 0x00, 0xFF, 0xFF, 0xF8, 0xF6, 0x40, 0x00, 0x00,
    0x00, 0x00, 0x00, 0x00, 0x00, 0x00, 0x00, 0x00, 0x00, 0x00, 0x01, 0x00,
    0x00, 0x01, 0xFF, 0xFF, 0x87, 0x3E, 0x80, 0x00, 0x00, 0xFF, 0xFF, 0xF8,
    0xF7, 0x00, 0x00, 0x00, 0x00, 0x00, 0x00, 0x00, 0x00, 0x00, 0x00, 0x00,
    0x00, 0x00, 0x00, 0x00, 0x00, 0x01, 0xFF, 0x3F, 0x87, 0xBF, 0x80, 0x00,
    0x01, 0xFF, 0xFF, 0xF8, 0xE7, 0x00, 0x00, 0x00, 0x00, 0x00, 0x00, 0x00,
    0x00, 0x00, 0x00, 0x00, 0x00, 0x00, 0x00, 0x03, 0xC0, 0x0D, 0xFF, 0x3F,
    0xFF, 0xBE, 0xC0, 0x00, 0x00, 0x7F, 0xFF, 0xFB, 0xDF, 0x00, 0x08, 0x00,
    0x00, 0x00, 0x00, 0x00, 0x00, 0x00, 0x00, 0x00, 0x00, 0x01, 0x00, 0x33,
    0xE7, 0x0F, 0xFF, 0xFD, 0xFF, 0x3E, 0xE0, 0x00, 0x01, 0xFF, 0xFF, 0xFB,
    0x1E, 0x00, 0x08, 0x04, 0x00, 0x00, 0x00, 0x00, 0x00, 0x00, 0x00, 0x00,
    0x00, 0x06, 0x00, 0x7F, 0xEF, 0x1F, 0xF3, 0xF8, 0xFF, 0xFF, 0xE0, 0x00,
    0x00, 0x7F, 0xFF, 0xFB, 0x56, 0x00, 0x08, 0x18, 0x00, 0x00, 0x00, 0x00,
    0x00, 0x00, 0x00, 0x00, 0x00, 0x30, 0x00, 0x7F, 0xFF, 0xFF, 0xFF, 0xF2,
    0x7B, 0xFF, 0xE0, 0x00, 0x01, 0xFF, 0xFF, 0xFE, 0x67, 0x80, 0x14, 0x00,
    0x00, 0x00, 0x00, 0x00, 0x00, 0x00, 0x00, 0x00, 0x01, 0xC0, 0x02, 0x7F,
    0xFF, 0xFF, 0xFF, 0xE0, 0x21, 0xFF, 0x80, 0x00, 0x00, 0xFF, 0xFF, 0xF8,
    0x67, 0xB0, 0x1C, 0x98, 0x00, 0x00, 0x00, 0x00, 0x00, 0x00, 0x00, 0x00,
    0x1F, 0x80, 0x2F, 0xFF, 0xDF, 0xFF, 0xBF, 0xF0, 0x2D, 0xFF, 0x80, 0x00,
    0x00, 0xFF, 0xFF, 0xF8, 0x37, 0xF3, 0x04, 0xA0, 0x00, 0x00, 0x00, 0x00,
    0x00, 0x00, 0x00, 0xC0, 0x47, 0x70, 0x0F, 0xBF, 0xBE, 0xFF, 0x0F, 0xF2,
    0x67, 0xFF, 0x00, 0x00, 0x01, 0xFF, 0xFF, 0xF8, 0x1F, 0xF7, 0xFB, 0xC8,
    0x00, 0x08, 0x00, 0x00, 0x00, 0x00, 0x04, 0x05, 0xE6, 0x40, 0x3F, 0xFF,
    0xFF, 0xFF, 0x07, 0xF6, 0x67, 0xFE, 0x00, 0x00, 0x01, 0xFF, 0xFF, 0xF8,
    0x2E, 0xEF, 0xFB, 0xFC, 0x00, 0x38, 0x80, 0x00, 0x00, 0x00, 0x00, 0x0E,
    0x60, 0x00, 0x3F, 0xFF, 0xE3, 0xFF, 0x47, 0xF0, 0x07, 0xFE, 0x00, 0x00,
    0x00, 0x7F, 0xFF, 0xF8, 0x6F, 0x7B, 0xFF, 0x7C, 0x00, 0x3D, 0xC0, 0x00,
    0x00, 0x03, 0xE0, 0x3E, 0x00, 0xC3, 0x3F, 0xFF, 0xE3, 0xFE, 0x00, 0x00,
    0x2F, 0xBE, 0x00, 0x00, 0x00, 0x7F, 0xFF, 0xF8, 0x5E, 0xFF, 0x3F, 0xFE,
    0x81, 0xFE, 0x60, 0x00, 0x00, 0x10, 0x00, 0xCF, 0x0D, 0xEF, 0xFF, 0xC7,
    0xEF, 0xF6, 0x03, 0xFF, 0xF8, 0x3F, 0x00, 0x00, 0x00, 0x2F, 0xFF, 0xF8,
    0xFF, 0xFF, 0xF7, 0xF7, 0x83, 0xF3, 0xC0, 0x00, 0x01, 0xE0, 0x0F, 0xFF,
    0x3F, 0xFF, 0xFF, 0xC3, 0xFF, 0x80, 0x1F, 0xFF, 0x00, 0x3F, 0x20, 0x00,
    0x00, 0x0F, 0xFF, 0xF8, 0xFF, 0xFF, 0xFF, 0xFF, 0xBF, 0xF6, 0x00, 0x00,
    0x00, 0x00, 0xFF, 0xFF, 0x7F, 0xFF, 0xFC, 0x8F, 0xFC, 0x03, 0xFF, 0xFE,
    0x2F, 0xBF, 0x00, 0x00, 0x00, 0x8F, 0xFF, 0xF8, 0xFF, 0xFF, 0xBF, 0xFF,
    0xFF, 0xFF, 0xE0, 0x00, 0x00, 0x00, 0xC9, 0xFA, 0x00, 0x11, 0x01, 0x9B,
    0xF0, 0x1F, 0xFF, 0xF8, 0xFF, 0xBE, 0x00, 0x00, 0x00, 0x0F, 0xFF, 0xF8,
    0xFF, 0xFF, 0xBF, 0x9F, 0xFF, 0xFF, 0xFF, 0xC0, 0x09, 0x8D, 0x02, 0x04,
    0x2F, 0xF9, 0xFF, 0xC0, 0x1F, 0xFF, 0xFC, 0x20, 0xD8, 0x3E, 0x80, 0x00,
    0x00, 0x7F, 0xFF, 0xF9, 0xFF, 0xFF, 0xFF, 0x1F, 0x87, 0xFF, 0xFF, 0xC0,
    0x00, 0xC0, 0x00, 0x0F, 0xCF, 0xFF, 0xFF, 0xFF, 0xFF, 0x7F, 0x00, 0x00,
    0x1E, 0x3F, 0x00, 0x00, 0x00, 0x1F, 0xFF, 0xF8, 0xFF, 0xFF, 0xFF, 0x1F,
    0xFF, 0xFF, 0xFF, 0x80, 0x00, 0x78, 0x20, 0x00, 0x00, 0xFF, 0xFF, 0xFF,
    0xFF, 0xFF, 0xFF, 0xFF, 0xF3, 0xFF, 0x80, 0x00, 0x00, 0x0F, 0xFF, 0xF9,
    0xFF, 0xFF, 0xFE, 0x9F, 0xFF, 0xFF, 0xFB, 0x00, 0x00, 0x38, 0x30, 0x00,
    0x00, 0x60, 0x0E, 0xFF, 0xFF, 0xFF, 0xFF, 0xFF, 0xFF, 0xBF, 0xC0, 0x00,
    0x00, 0x0F, 0xFF, 0xF9, 0xFF, 0xFF, 0x7E, 0x07, 0xEF, 0xFF, 0xFF, 0x80,
    0x0C, 0x79, 0xC0, 0x00, 0x38, 0x00, 0x1F, 0xFF, 0xFF, 0xFF, 0x07, 0xEF,
    0x7F, 0xFF, 0xE0, 0x00, 0x00, 0x7F, 0xFF, 0xFD, 0xFE, 0x7F, 0xFF, 0xFF,
    0xC0, 0x3F, 0xFF, 0x80, 0x28, 0x74, 0x68, 0x00, 0x1B, 0x00, 0x1F, 0x82,
    0x0F, 0xFF, 0xFF, 0xFF, 0xE4, 0xBF, 0xC0, 0x00, 0x00, 0x3F, 0xFF, 0xFD,
    0xFF, 0xFF, 0xFF, 0xFF, 0xC0, 0x3F, 0xFF, 0x04, 0x78, 0x0C, 0xC8, 0x00,
    0x1F, 0x00, 0x00, 0x07, 0xFF, 0xFE, 0x07, 0xFE, 0x7F, 0xBF, 0xF0, 0x00,
    0x00, 0x3F, 0xFF, 0xFD, 0xFF, 0xFF, 0xFC, 0x02, 0x7F, 0xFF, 0xFF, 0xC3,
    0x36, 0x0F, 0xC0, 0x00, 0xFB, 0x80, 0x00, 0x7F, 0xFF, 0xBF, 0x1F, 0xFF,
    0xFF, 0xFF, 0xE0, 0x00, 0x00, 0x7F, 0xFF, 0xFF, 0xFF, 0xFF, 0xFF, 0xFF,
    0xFF, 0xFF, 0xFF, 0xE3, 0xB6, 0x6E, 0x80, 0x00, 0xFE, 0x0C, 0x00, 0x27,
    0xFF, 0xFF, 0x0F, 0xFF, 0xFF, 0xFF, 0xE0, 0x00, 0x00, 0x7F, 0xFF, 0xFF,
    0xFF, 0xFF, 0xFF, 0xFF, 0xFF, 0xF3, 0xBF, 0xE3, 0xEF, 0xFF, 0x90, 0x60,
    0x1C, 0x00, 0x00, 0xE0, 0x03, 0xE0, 0x00, 0x3F, 0x8F, 0xFF, 0xC0, 0x00,
    0x00, 0x7F, 0xFF, 0xFF, 0xFF, 0xFF, 0xFF, 0xFF, 0xFF, 0xFF, 0xFC, 0xFF,
    0xEF, 0xBF, 0xB8, 0xE0, 0x3D, 0x80, 0x20, 0x88, 0x13, 0x80, 0x03, 0xE7,
    0x87, 0xFF, 0xE0, 0x00, 0x00, 0xFF, 0xFF, 0xFF, 0xFF, 0xFF, 0xFF, 0xFF,
    0xFF, 0xFF, 0xFF, 0xE7, 0xDF, 0x9F, 0xF8, 0xFB, 0xFD, 0x18, 0x00, 0x00,
    0x03, 0x03, 0xF7, 0xC3, 0xCF, 0xFF, 0xE0, 0x00, 0x00, 0x7F, 0xFF, 0xFF,
    0xFF, 0xFF, 0xFF, 0xFF, 0xFF, 0xFF, 0xFF, 0xFF, 0xDF, 0xFF, 0xF2, 0xF8,
    0xFF, 0x3C, 0x06, 0x00, 0x00, 0x00, 0x47, 0xC3, 0x87, 0xFF, 0xE0, 0x00,
    0x00, 0x2F, 0xFF, 0xFF, 0xFF, 0xFF, 0xFF, 0xFF, 0xFF, 0xFF, 0xFF, 0xFF,
    0xFF, 0xFF, 0xF7, 0xF8, 0x7F, 0xFF, 0x0F, 0x00, 0xC0, 0x20, 0x46, 0x43,
    0x87, 0xFE, 0x08, 0x00, 0x00, 0x0F, 0xFF, 0xFF, 0xFF, 0xFF, 0xFF, 0xFF,
    0xFF, 0xFF, 0xFF, 0xFF, 0xFF, 0xFF, 0xBE, 0xFB, 0xFF, 0xBE, 0x0F, 0xC3,
    0xE4, 0xF0, 0xB0, 0x27, 0x87, 0xFF, 0x50, 0x00, 0x00, 0x0F, 0xFF, 0xFF,
    0xFF, 0xFF, 0xFF, 0xFF, 0xFF, 0xFF, 0xFF, 0xFF, 0xFF, 0xFF, 0xFF, 0xFB,
    0xFF, 0xFE, 0x0F, 0xC3, 0xF9, 0xF8, 0xF0, 0x1F, 0x87, 0x7D, 0xE0, 0x00,
    0x00, 0x0F, 0xFF, 0xFF, 0xFF, 0xFF, 0xFF, 0xFF, 0xFF, 0xFF, 0xFF, 0xFF,
    0xCF, 0xFF, 0xFF, 0xFF, 0xFD, 0xFF, 0xCF, 0xC3, 0xFE, 0xFC, 0xF8, 0x8F,
    0x8F, 0x58, 0x60, 0x00, 0x00, 0x1F, 0xFF, 0xFF, 0xFF, 0xFF, 0xFF, 0xFF,
    0xFF, 0xFF, 0xFF, 0xFF, 0xFF, 0xFF, 0xFF, 0xFF, 0xFF, 0xFF, 0xCF, 0x9B,
    0xFF, 0xFD, 0xB4, 0x8F, 0xAE, 0x60, 0x60, 0x00, 0x00, 0x1F, 0xFF, 0xFF,
    0xFF, 0xFF, 0xFF, 0xFF, 0xFF, 0xFF, 0xFF, 0xFE, 0x3F, 0xFF, 0xFF, 0xFF,
    0xFF, 0xFF, 0xCF, 0xFF, 0xFF, 0xF9, 0x97, 0xFF, 0xCE, 0x64, 0x00, 0x00,
    0x00, 0x1F, 0xFF, 0xFF, 0xFF, 0xFF, 0xFF, 0xFF, 0xFF, 0xFF, 0xFF, 0xFF,
    0xFF, 0xFD, 0xFD, 0xFF, 0xFF, 0xFF, 0xFF, 0xDF, 0xFF, 0xF9, 0xBF, 0xFF,
    0x0E, 0x04, 0x00, 0x00, 0x00, 0x1F, 0xFF, 0xFF, 0xFF, 0xFF, 0xFF, 0xFF,
    0xFF, 0xFF, 0xFF, 0xFF, 0xFF, 0xFF, 0xFF, 0xFF, 0xFF, 0xFF, 0xFF, 0xFF,
    0xFF, 0xFB, 0xFF, 0xFF, 0x1E, 0x00, 0x08, 0x00, 0x00, 0x1F, 0xFF, 0xFF,
    0xFF, 0xE7, 0xFF, 0xFF, 0xFF, 0xFF, 0xFF, 0xF9, 0xEF, 0xFF, 0xFF, 0xFF,
    0xFF, 0xFF, 0xFF, 0xFF, 0xFF, 0xFF, 0xFF, 0xFE, 0x5E, 0x00, 0x18, 0x00,
    0x00, 0x1F, 0xFF, 0xFF, 0xFF, 0xEF, 0xFF, 0xFF, 0xFF, 0xFF, 0xFE, 0xFB,
    0xFF, 0xFF, 0xFF, 0xFF, 0xFF, 0xFF, 0xFF, 0xFF, 0xFF, 0xFF, 0xFF, 0xF2,
    0x3E, 0xC0, 0x38, 0x00, 0x00, 0x1F, 0xFF, 0xFF, 0xFF, 0xFE, 0x7F, 0xFF,
    0xFF, 0xFF, 0xFF, 0xFF, 0xFF, 0xFF, 0xFF, 0xFF, 0xFF, 0xFE, 0xFF, 0xFF,
    0xFF, 0xFF, 0xFF, 0xE3, 0x7E, 0xC0, 0x30, 0x00, 0x00, 0x1F, 0xFF, 0xFF,
    0xFF, 0xF7, 0xFF, 0xFF, 0xFF, 0xFF, 0xFF, 0xFF, 0xFF, 0xFF, 0xFF, 0xFF,
    0xFF, 0xFB, 0xFF, 0xFF, 0xFF, 0xFF, 0xFF, 0xFB, 0xFE, 0xE0, 0x60, 0x00,
    0x00, 0x1F, 0xFF, 0xFF, 0xFF, 0xFF, 0xFF, 0xFF, 0xFF, 0xFF, 0xFF, 0xFF,
    0xFF, 0xFF, 0xFF, 0xFF, 0xD7, 0xF1, 0xFF, 0xFF, 0xFF, 0xFF, 0xF7, 0xFF,
    0xFF, 0xA0, 0x70, 0x00, 0x00, 0x3F, 0xFF, 0xFF, 0xFF, 0xFC, 0x7F, 0xFF,
    0xFF, 0xFF, 0xFF, 0xFF, 0xF7, 0xFF, 0xFF, 0xCF, 0xF7, 0xFF, 0xFF, 0xFF,
    0xFF, 0xFF, 0xF0, 0xFF, 0xFF, 0x68, 0xF8, 0x00, 0x00, 0x3F, 0xFF, 0xFF,
    0xFF, 0xF4, 0x63, 0xDC, 0xDF, 0xFF, 0xFF, 0xFF, 0xFF, 0xFF, 0xF7, 0xBF,
    0xB7, 0xFF, 0xFF, 0xFF, 0xFF, 0xFF, 0xA0, 0x7F, 0xFF, 0xE3, 0xF8, 0x00,
    0x00, 0x3F, 0xFF, 0xFF, 0xFF, 0xF7, 0xC3, 0xC6, 0xAF, 0xCF, 0xFF, 0xFF,
    0xFF, 0xFF, 0xF6, 0xFF, 0xFC, 0xFF, 0xFF, 0xFF, 0xFB, 0xFF, 0x20, 0x7F,
    0xFF, 0xFF, 0xF0, 0x00, 0x00, 0x3F, 0xFF, 0xFF, 0xFF, 0xFF, 0xC3, 0xC7,
    0x97, 0xFF, 0xFF, 0xFF, 0xFF, 0xFF, 0xFF, 0xF9, 0xFF, 0xBF, 0xFC, 0xFF,
    0xBF, 0xFF, 0xA0, 0x7F, 0xFF, 0xFF, 0xE0, 0x00, 0x00, 0x3F, 0xFF, 0xFF,
    0xFF, 0xFF, 0xFB, 0xC3, 0x03, 0x17, 0x9F, 0xFF, 0xFF, 0xFF, 0xFB, 0xF7,
    0x9F, 0xFF, 0xFD, 0xFF, 0x9F, 0xFE, 0x20, 0x7F, 0xFF, 0xFF, 0xE0, 0x00,
    0x00, 0x3F, 0xFF, 0xFF, 0xFF, 0xFF, 0xBB, 0xC3, 0x03, 0x06, 0xFF, 0xFF,
    0xFF, 0xFF, 0xFF, 0xFF, 0xED, 0xFF, 0xFF, 0xFF, 0x8F, 0xFE, 0x20, 0x7F,
    0xFF, 0xFF, 0xE0, 0x00, 0x00, 0x7F, 0xFF, 0xFF, 0xFF, 0xFF, 0xFB, 0xF7,
    0x01, 0x84, 0xC7, 0xFF, 0xF7, 0xFF, 0xFF, 0xFF, 0xFF, 0xFF, 0xFF, 0xFF,
    0x8F, 0xF0, 0xB0, 0x7F, 0xFF, 0xFF, 0xC0, 0x00, 0x00, 0x7F, 0xFF, 0xFF,
    0xFF, 0xFF, 0x3F, 0xC7, 0x81, 0xFC, 0x40, 0x31, 0xFF, 0xFF, 0xDF, 0xFF,
    0xDF, 0xFF, 0xFF, 0xFF, 0xD7, 0xF4, 0xD4, 0xFB, 0xFF, 0xFF, 0xE0, 0x00,
    0x00, 0x7F, 0xFF, 0xFF, 0xFF, 0xFF, 0xF7, 0xEF, 0xE0, 0xDF, 0xE0, 0xF7,
    0xFF, 0xFF, 0xFF, 0xFF, 0xFF, 0xFF, 0xFF, 0xED, 0xDF, 0xFF, 0xFF, 0xF9,
    0xFF, 0xFF, 0xC0, 0x00, 0x00, 0x7F, 0xFF, 0xFF, 0xFF, 0xFF, 0xF7, 0xF8,
    0xDF, 0xD8, 0x63, 0xF7, 0x9F, 0x5F, 0xFF, 0xFF, 0xFF, 0xFF, 0x7F, 0xC0,
    0xEF, 0xFF, 0xDF, 0xFC, 0xFF, 0xFF, 0x80, 0x00, 0x00, 0x7F, 0xFF, 0xFF,
    0xFF, 0xFF, 0xF7, 0xFA, 0xDF, 0xF8, 0x30, 0x00, 0x1F, 0xFF, 0xFF, 0xFF,
    0xFF, 0xFF, 0x7E, 0x61, 0xFF, 0xFF, 0xFF, 0xFE, 0xFF, 0xFF, 0x10, 0x00,
    0x00, 0x7F, 0xFF, 0xFF, 0xFF, 0xFF, 0xDF, 0x7F, 0xE0, 0x33, 0x10, 0x00,
    0x03, 0xFF, 0xFF, 0xFF, 0xFF, 0xFF, 0xFF, 0x01, 0x3F, 0xFF, 0xFF, 0xFF,
    0xFF, 0xFE, 0x30, 0x00, 0x00, 0x7F, 0xFF, 0xFF, 0xFF, 0xFF, 0xFE, 0x3F,
    0xFE, 0x3F, 0xF8, 0x00, 0x03, 0xC9, 0xFF, 0xFF, 0xFF, 0xFF, 0xFC, 0x00,
    0x3F, 0xFF, 0xFF, 0xFF, 0xFF, 0xFC, 0xF0, 0x00, 0x00, 0x7F, 0xFF, 0xFF,
    0xFF, 0xFF, 0xFF, 0xFB, 0xFF, 0xF0, 0xF8, 0x00, 0xF0, 0x08, 0x3F, 0xFF,
    0xFF, 0xFF, 0xF8, 0x38, 0x7F, 0xFF, 0xFF, 0xFF, 0xBF, 0xFE, 0xF0, 0x00,
    0x00, 0xFF, 0xFF, 0xFF, 0xFF, 0xFF, 0x7F, 0xEF, 0xFF, 0xFF, 0x00, 0x00,
    0x00, 0x1D, 0xBF, 0xFF, 0xFF, 0xFF, 0xFE, 0x3C, 0x3F, 0xFF, 0xF9, 0xFF,
    0x9F, 0xF7, 0xF0, 0x00, 0x00, 0xFF, 0xFF, 0xFF, 0xFF, 0xFF, 0xFF, 0xFF,
    0xFF, 0xFC, 0x00, 0x00, 0x00, 0x01, 0xC7, 0xFF, 0xFF, 0xFF, 0xFE, 0x3C,
    0x1F, 0xFF, 0xFF, 0xFF, 0xCF, 0xFF, 0xF0, 0x00, 0x00, 0xFF, 0xFF, 0xFF,
    0xFF, 0xFF, 0xF9, 0xFF, 0xFF, 0xE0, 0x00, 0x00, 0x00, 0x00, 0x00, 0xFF,
    0xFF, 0xFF, 0xF8, 0x19, 0x3F, 0xFF, 0xFF, 0xFF, 0xEF, 0xEF, 0xE0, 0x00,
    0x00, 0xFF, 0xFF, 0xFF, 0xFF, 0xFF, 0xFF, 0xFF, 0xFF, 0x00, 0x00, 0x00,
    0x00, 0x78, 0x3D, 0xFF, 0xFF, 0xFF, 0xFC, 0x81, 0xFF, 0xDF, 0xFB, 0x7F,
    0xEF, 0xEF, 0xE0, 0x00, 0x01, 0xFF, 0xFF, 0xFF, 0xFF, 0xF8, 0xFF, 0xFF,
    0xE0, 0x00, 0x00, 0x02, 0x00, 0xF9, 0xBC, 0x0F, 0xFF, 0xFF, 0xFF, 0x80,
    0xF8, 0x9F, 0xFF, 0xFF, 0xFF, 0xFE, 0xE0, 0x00, 0x01, 0xFF, 0xFF, 0xFF,
    0xFF, 0xF8, 0xFF, 0xFC, 0x00, 0x80, 0x00, 0x00, 0x07, 0x00, 0x00, 0x3F,
    0xFF, 0xFF, 0xFF, 0x89, 0xF8, 0x03, 0xFF, 0xFF, 0xF7, 0xFE, 0x70, 0x00,
    0x01, 0xFF, 0xFF, 0xFF, 0xFF, 0xFD, 0xFF, 0xFC, 0x01, 0x80, 0x0D, 0x80,
    0x00, 0x00, 0x00, 0x0F, 0x3F, 0xFF, 0xFF, 0xAF, 0xCC, 0x03, 0xFF, 0xFF,
    0xF7, 0xFE, 0x30, 0x00, 0x01, 0xFF, 0xFF, 0xFF, 0xFF, 0xFF, 0xE7, 0xFC,
    0x00, 0x00, 0x07, 0x00, 0x00, 0x00, 0x00, 0x01, 0xFF, 0xFF, 0xFF, 0xFF,
    0xC0, 0x07, 0xFF, 0xFF, 0xF7, 0xFC, 0x30, 0x00, 0x01, 0xFF, 0x7F, 0xFF,
    0xFF, 0x9F, 0xFF, 0xF8, 0x00, 0x00, 0x00, 0x00, 0x00, 0x00, 0x00, 0x03,
    0xFF, 0xFF, 0xB7, 0xFF, 0xE0, 0x00, 0xFC, 0xFF, 0xFF, 0xFC, 0x30, 0x00,
    0x00, 0xF0, 0xFF, 0xFF, 0xFF, 0x9F, 0xFF, 0xC0, 0x00, 0x00, 0x00, 0x00,
    0x00, 0x00, 0x00, 0x0B, 0xDF, 0xFF, 0x84, 0xFF, 0xE1, 0x80, 0xFF, 0xFF,
    0xFF, 0xFC, 0x30, 0x00, 0x00, 0x00, 0xFF, 0xFF, 0xFF, 0xBF, 0x7C, 0x38,
    0x00, 0x00, 0x00, 0x00, 0x00, 0x00, 0x00, 0x01, 0xE7, 0xFF, 0x80, 0xFF,
    0x80, 0x23, 0xFF, 0xFB, 0xFB, 0xFE, 0x18, 0x00, 0x00, 0x78, 0x7F, 0xFF,
    0xFF, 0xF3, 0xF8, 0x08, 0x00, 0x00, 0x00, 0x00, 0x00, 0x00, 0x00, 0x00,
    0x27, 0xFE, 0x01, 0x1F, 0x80, 0x01, 0xFE, 0xF9, 0xFB, 0xFF, 0x90, 0x00,
    0x00, 0x00, 0x7F, 0xFF, 0xFF, 0xF3, 0xD8, 0x00, 0x00, 0x00, 0x00, 0x00,
    0x00, 0x00, 0x00, 0x00, 0x20, 0x1E, 0x00, 0x0E, 0xE0, 0x00, 0xFF, 0xD9,
    0xFB, 0xFF, 0x90, 0x00, 0x00, 0x00, 0x5F, 0x1F, 0xFF, 0xDC, 0x00, 0x00,
    0x00, 0x00, 0x00, 0x00, 0x00, 0x00, 0x00, 0x00, 0x00, 0x00, 0x00, 0x42,
    0xC0, 0x10, 0xF7, 0xE8, 0x7B, 0x7F, 0x00, 0x00, 0x00, 0x00, 0x08, 0x0F,
    0x0A, 0x00, 0x00, 0x00, 0x00, 0x00, 0x00, 0x00, 0x00, 0x00, 0x00, 0x00,
    0x00, 0x00, 0x00, 0x00, 0x00, 0x18, 0x00, 0x60, 0x08, 0x6B, 0x08, 0x00,
    0x00, 0x00, 0x00, 0x00, 0x00, 0x00, 0x00, 0x00, 0x00, 0x00, 0x00, 0x00,
    0x00, 0x00, 0x00, 0x00, 0x00, 0x00, 0x00, 0x00, 0x00, 0x00, 0x00, 0x00,
    0x00, 0x00, 0x00, 0x00, 0x00, 0x00, 0x00, 0x00, 0x00, 0x00, 0x00, 0x00,
    0x00, 0x00, 0x00, 0x00, 0x00, 0x00, 0x00, 0x00, 0x00, 0x00, 0x00, 0x00,
    0x00, 0x00, 0x00, 0x00, 0x00, 0x00, 0x00, 0x00, 0x00, 0x00, 0x00, 0x00,
    0x00, 0x00, 0x00, 0x00, 0x00, 0x00, 0x00, 0x00, 0x00, 0x00, 0x00, 0x00,
    0x00, 0x00, 0x00, 0x00, 0x00, 0x00, 0x00, 0x00, 0x00, 0x00, 0x00, 0x00,
    0x00, 0x00, 0x00, 0x00, 0x00, 0x00, 0x00, 0x00, 0x00, 0x00, 0x00, 0x00,
    0x00, 0x00, 0x00, 0x00, 0x00, 0x00, 0x00, 0x00, 0x00, 0x00, 0x00, 0x00,
    0x00, 0x00, 0x00, 0x00, 0x00, 0x00, 0x00, 0x00, 0x00, 0x00, 0x00, 0x00,
    0x00, 0x00, 0x00, 0x00, 0x00, 0x00, 0x00, 0x00, 0x00, 0x00, 0x00, 0x00,
    0x00, 0x00, 0x00, 0x00, 0x00, 0x00, 0x00, 0x00, 0x00, 0x00, 0x00, 0x00,
    0x00, 0x00, 0x00, 0x00, 0x00, 0x00, 0x00, 0x00, 0x00, 0x00, 0x00, 0x00,
    0x00, 0x00, 0x00, 0x00, 0x00, 0x00, 0x00, 0x00, 0x00, 0x00, 0x00, 0x00,
    0x00, 0x00, 0x00, 0x00, 0x00, 0x00, 0x00, 0x00, 0x00, 0x00, 0x00, 0x00,
    0x00, 0x00, 0x00, 0x00, 0x00, 0x00, 0x00, 0x00, 0x00, 0x00, 0x00, 0x00,
    0x00, 0x00, 0x00, 0x00,
};
static_assert(sizeof(clock_gallery_image_05) == CLOCK_GALLERY_IMAGE_BYTES_PER_ROW * CLOCK_GALLERY_IMAGE_HEIGHT,
              "clock_gallery_image_05 payload size mismatch");

// 星期六.png
static const uint8_t clock_gallery_image_06[] = {
    0x00, 0x00, 0x00, 0x00, 0x00, 0x00, 0x00, 0x00, 0x00, 0x00, 0x00, 0x00,
    0x00, 0x00, 0x00, 0x00, 0x00, 0x00, 0x00, 0x00, 0x00, 0x00, 0x00, 0x00,
    0x00, 0x00, 0x00, 0x00, 0x00, 0x00, 0x00, 0x00, 0x00, 0x00, 0x00, 0x00,
    0x00, 0x00, 0x00, 0x00, 0x00, 0x00, 0x00, 0x00, 0x00, 0x00, 0x00, 0x00,
    0x00, 0x00, 0x00, 0x00, 0x00, 0x00, 0x00, 0x00, 0x00, 0x00, 0x00, 0x00,
    0x00, 0x00, 0x00, 0x00, 0x00, 0x00, 0x00, 0x00, 0x00, 0x00, 0x00, 0x00,
    0x00, 0x00, 0x00, 0x00, 0x00, 0x00, 0x00, 0x00, 0x00, 0x00, 0x00, 0x00,
    0x00, 0x00, 0x00, 0x00, 0x00, 0x00, 0x00, 0x00, 0x00, 0x00, 0x00, 0x00,
    0x00, 0x00, 0x00, 0x00, 0x00, 0x00, 0x00, 0x00, 0x00, 0x00, 0x00, 0x00,
    0x00, 0x00, 0x00, 0x00, 0x00, 0x00, 0x00, 0x00, 0x00, 0x00, 0x00, 0x00,
    0x00, 0x00, 0x00, 0x00, 0x00, 0x00, 0x00, 0x00, 0x00, 0x00, 0x00, 0x00,
    0x00, 0x00, 0x00, 0x00, 0x00, 0x00, 0x00, 0x00, 0x00, 0x00, 0x00, 0x00,
    0x00, 0x00, 0x00, 0x00, 0x00, 0x00, 0x00, 0x00, 0x00, 0x00, 0x00, 0x00,
    0x00, 0x00, 0x00, 0x00, 0x00, 0x00, 0x00, 0x00, 0x00, 0x00, 0x00, 0x00,
    0x00, 0x00, 0x00, 0x00, 0x00, 0x00, 0x00, 0x00, 0x00, 0x00, 0x00, 0x00,
    0x00, 0x00, 0x00, 0x00, 0x00, 0x00, 0x00, 0x00, 0x00, 0x00, 0x00, 0x00,
    0x00, 0x00, 0x00, 0x00, 0x00, 0x00, 0x00, 0x00, 0x00, 0x00, 0x00, 0x00,
    0x00, 0x00, 0x00, 0x00, 0x00, 0x00, 0x00, 0x00, 0x00, 0x00, 0x00, 0x00,
    0x00, 0x00, 0x00, 0x00, 0x00, 0x00, 0x00, 0x00, 0x00, 0x00, 0x01, 0xF0,
    0x00, 0x06, 0x6D, 0xC3, 0xF8, 0x00, 0x00, 0x00, 0x00, 0x00, 0x00, 0x00,
    0x00, 0x00, 0x00, 0x00, 0x00, 0x00, 0x00, 0x00, 0x00, 0x00, 0x00, 0x00,
    0x00, 0x01, 0x4B, 0xF8, 0x30, 0xC6, 0xFE, 0x39, 0xC0, 0x00, 0x00, 0x00,
    0x00, 0x00, 0x00, 0x00, 0x00, 0x00, 0x00, 0x00, 0x00, 0x00, 0x00, 0x00,
    0x00, 0x00, 0x00, 0x00, 0x00, 0x91, 0x0F, 0x73, 0xB0, 0x05, 0xF7, 0x3D,
    0xF3, 0xC0, 0x00, 0x00, 0x00, 0x00, 0x00, 0x00, 0x00, 0x00, 0x00, 0x00,
    0x00, 0x00, 0x00, 0x00, 0x00, 0x00, 0x00, 0x00, 0x00, 0x01, 0x1F, 0x7B,
    0x80, 0x0F, 0xEF, 0x3F, 0x79, 0x70, 0x00, 0x00, 0x00, 0x00, 0x00, 0x00,
    0x00, 0x00, 0x00, 0x00, 0x00, 0x00, 0x00, 0x00, 0x00, 0x00, 0x00, 0x00,
    0x00, 0x81, 0x1F, 0xFF, 0xC1, 0xDD, 0xC7, 0xFF, 0xF8, 0x78, 0x00, 0x00,
    0x00, 0x00, 0x00, 0x00, 0x00, 0x00, 0x00, 0x00, 0x00, 0x00, 0x00, 0x00,
    0x00, 0x00, 0x00, 0x00, 0x00, 0x01, 0xEF, 0xFF, 0xE5, 0xC9, 0x83, 0xFF,
    0xF9, 0x70, 0x80, 0x00, 0x00, 0x00, 0x00, 0x00, 0x00, 0x00, 0x00, 0x00,
    0x00, 0x00, 0x00, 0x00, 0x00, 0x00, 0x00, 0x00, 0x00, 0x19, 0xFF, 0xFF,
    0xEF, 0xC1, 0x3F, 0xFC, 0xE0, 0x04, 0x00, 0x00, 0x00, 0x00, 0x00, 0x00,
    0x00, 0x00, 0x00, 0x00, 0x00, 0x00, 0x00, 0x00, 0x00, 0x00, 0x00, 0x00,
    0x00, 0x99, 0xFF, 0xFF, 0xFF, 0xC7, 0xFF, 0xFF, 0xE0, 0x4E, 0x00, 0x00,
    0x00, 0x00, 0x00, 0x00, 0x00, 0x00, 0x00, 0x00, 0x00, 0x00, 0x00, 0x00,
    0x00, 0x00, 0x00, 0x00, 0x00, 0x01, 0xFF, 0xFF, 0xFF, 0xEE, 0x0E, 0x3F,
    0xE0, 0x4E, 0x00, 0x00, 0x00, 0x00, 0x00, 0x00, 0x00, 0x00, 0x00, 0x00,
    0x00, 0x00, 0x00, 0x00, 0x00, 0x00, 0x00, 0x00, 0x00, 0x1D, 0xFF, 0xFF,
    0xFF, 0xFC, 0x8E, 0xF3, 0xF8, 0x06, 0x00, 0x00, 0x00, 0x06, 0x00, 0x00,
    0x00, 0x00, 0x00, 0x00, 0x00, 0x00, 0x00, 0x00, 0x00, 0x00, 0x00, 0x00,
    0x00, 0x1F, 0xFF, 0xFF, 0xFF, 0xF9, 0xF8, 0xFF, 0x1C, 0x00, 0x60, 0x00,
    0x00, 0x06, 0x00, 0x00, 0x00, 0x00, 0x00, 0x00, 0x00, 0x00, 0x00, 0x00,
    0x00, 0x00, 0x00, 0x00, 0x00, 0xFF, 0xFF, 0xFF, 0xFF, 0xF9, 0xF8, 0xFF,
    0x00, 0x04, 0x00, 0x00, 0x00, 0x06, 0x01, 0x80, 0x00, 0x00, 0x00, 0x00,
    0x00, 0x00, 0x00, 0x00, 0x00, 0x00, 0x00, 0x00, 0x00, 0xFF, 0xFF, 0xFF,
    0xFF, 0xF8, 0xF0, 0x4F, 0x20, 0x04, 0x00, 0x00, 0x00, 0x02, 0x01, 0x00,
    0x00, 0x00, 0x00, 0x00, 0x00, 0x00, 0x00, 0x00, 0x00, 0x00, 0x00, 0x00,
    0x00, 0xFF, 0xFF, 0xFF, 0xFF, 0xF2, 0xFC, 0x07, 0xB0, 0x04, 0x00, 0x00,
    0x10, 0x00, 0x03, 0x00, 0x00, 0x00, 0x00, 0x00, 0x00, 0x00, 0x00, 0x00,
    0x00, 0x00, 0x00, 0x00, 0x00, 0x3B, 0xFF, 0xFF, 0xDF, 0xF2, 0xCC, 0x01,
    0x98, 0x00, 0x00, 0x00, 0x18, 0x00, 0x02, 0x00, 0x00, 0x00, 0x00, 0x00,
    0x00, 0x00, 0x00, 0x00, 0x00, 0x00, 0x00, 0x00, 0x00, 0x87, 0xFF, 0xFF,
    0x9E, 0xFF, 0xE0, 0x01, 0x80, 0x00, 0x00, 0x00, 0x0C, 0x00, 0x00, 0x00,
    0x00, 0x00, 0x00, 0x00, 0x00, 0x00, 0x00, 0x00, 0x00, 0x00, 0x00, 0x00,
    0x00, 0x87, 0xFF, 0xE7, 0x3E, 0xFF, 0xE0, 0x00, 0x00, 0x00, 0x00, 0x00,
    0x04, 0x00, 0x00, 0x00, 0x00, 0x00, 0x00, 0x00, 0x00, 0x00, 0x00, 0x00,
    0x00, 0x00, 0x00, 0x00, 0x00, 0x07, 0x3F, 0xE3, 0xFF, 0xF8, 0xD7, 0x00,
    0x00, 0x00, 0x00, 0x00, 0x00, 0x1F, 0xE0, 0x00, 0x00, 0x00, 0x00, 0x00,
    0x00, 0x00, 0x00, 0x00, 0x00, 0x00, 0x00, 0x00, 0x01, 0x0D, 0x3E, 0xE3,
    0xF7, 0xFE, 0x19, 0x00, 0x00, 0x00, 0x00, 0x00, 0x00, 0x60, 0x30, 0x00,
    0x00, 0x00, 0x00, 0x00, 0x00, 0x00, 0x00, 0x00, 0x00, 0x00, 0x00, 0x00,
    0x00, 0x1F, 0x7C, 0x4F, 0xF1, 0xFF, 0x10, 0x00, 0x00, 0x00, 0x00, 0x00,
    0x00, 0xC0, 0x18, 0x04, 0x00, 0x00, 0x00, 0x00, 0x00, 0x00, 0x00, 0x00,
    0x00, 0x00, 0x00, 0x00, 0x00, 0x3F, 0x7C, 0x7D, 0xFD, 0xFA, 0x00, 0x00,
    0x00, 0x00, 0x00, 0x00, 0x01, 0x80, 0x0C, 0x3C, 0x00, 0x00, 0x00, 0x00,
    0x00, 0x00, 0x00, 0x00, 0x00, 0x00, 0x00, 0x00, 0x00, 0x1F, 0xF9, 0xF3,
    0xFC, 0xFF, 0xC0, 0x00, 0x00, 0x00, 0x00, 0x00, 0x01, 0x02, 0x04, 0x00,
    0x00, 0x00, 0x00, 0x00, 0x00, 0x00, 0x00, 0x00, 0x00, 0x00, 0x00, 0x00,
    0x00, 0x1B, 0xFF, 0xFB, 0xF9, 0xCD, 0xC0, 0x00, 0x00, 0x00, 0x00, 0x00,
    0x03, 0x0F, 0x86, 0x00, 0x00, 0x00, 0x00, 0x00, 0x00, 0x00, 0x00, 0x00,
    0x00, 0x00, 0x00, 0x00, 0x00, 0x13, 0xFF, 0xDC, 0x71, 0xDE, 0x00, 0x01,
    0xFE, 0x00, 0x00, 0x03, 0xC2, 0x18, 0xC2, 0x00, 0x00, 0x00, 0x00, 0x00,
    0x00, 0x00, 0x00, 0x00, 0x00, 0x00, 0x00, 0x00, 0x00, 0x23, 0xFF, 0xC0,
    0x3C, 0x9E, 0x00, 0x07, 0xFF, 0x00, 0x00, 0x00, 0x02, 0x30, 0x42, 0x00,
    0x00, 0x00, 0x00, 0x00, 0x00, 0x00, 0x00, 0x00, 0x00, 0x00, 0x00, 0x00,
    0x00, 0x33, 0xFF, 0xF0, 0x9C, 0x3E, 0x40, 0x0F, 0xFF, 0x80, 0x00, 0x00,
    0x02, 0x26, 0x46, 0x00, 0x00, 0x00, 0x00, 0x00, 0x00, 0x00, 0x00, 0x00,
    0x00, 0x00, 0x00, 0x00, 0x00, 0x1B, 0xF9, 0xF9, 0xFE, 0x70, 0x00, 0x1F,
    0xFF, 0x80, 0x00, 0x00, 0x00, 0x23, 0x84, 0x00, 0x00, 0x00, 0x00, 0x00,
    0x00, 0x00, 0x00, 0x00, 0x00, 0x00, 0x00, 0x00, 0x00, 0x03, 0xFB, 0xE1,
    0xE7, 0x20, 0x00, 0x3F, 0xFF, 0x80, 0x00, 0x00, 0x00, 0x30, 0x04, 0x18,
    0x00, 0x03, 0x00, 0x00, 0x00, 0x00, 0x00, 0x00, 0x00, 0x00, 0x00, 0x00,
    0x00, 0x03, 0xF0, 0xE1, 0xAC, 0x00, 0x00, 0x3F, 0x83, 0x80, 0x00, 0x00,
    0x00, 0x10, 0x08, 0x1E, 0x00, 0x07, 0x00, 0x00, 0x00, 0x00, 0x00, 0x00,
    0x00, 0x00, 0x00, 0x00, 0x00, 0x47, 0xEC, 0xE0, 0x7C, 0x00, 0x00, 0x3F,
    0x00, 0x00, 0x00, 0x00, 0x00, 0x0C, 0x38, 0x00, 0x00, 0x07, 0x00, 0x00,
    0x00, 0x00, 0x00, 0x00, 0x00, 0x00, 0x00, 0x00, 0x00, 0x0F, 0xEE, 0x20,
    0x64, 0x00, 0x00, 0x7E, 0x00, 0x00, 0x00, 0x00, 0xE0, 0x07, 0xE0, 0x00,
    0x00, 0x07, 0x00, 0x00, 0x00, 0x00, 0x01, 0x00, 0x00, 0x00, 0x00, 0x00,
    0x00, 0x0F, 0xEC, 0x00, 0x60, 0x0C, 0x00, 0x7E, 0x00, 0x00, 0x00, 0x00,
    0xE0, 0x00, 0x00, 0x00, 0x00, 0x07, 0x00, 0x00, 0x00, 0x00, 0x03, 0x80,
    0x00, 0x00, 0x00, 0x00, 0x00, 0x0F, 0xC0, 0x00, 0x00, 0x0C, 0x00, 0x7F,
    0x00, 0x00, 0x00, 0x00, 0xE0, 0x00, 0x00, 0x00, 0x00, 0x0F, 0x00, 0x00,
    0x00, 0x00, 0x03, 0x80, 0x00, 0x00, 0x00, 0x00, 0x00, 0x1F, 0xC0, 0x00,
    0x00, 0x0E, 0x00, 0x3F, 0x00, 0x00, 0x00, 0x00, 0xE0, 0x00, 0x00, 0x00,
    0x00, 0x0F, 0x00, 0x00, 0x00, 0x00, 0x03, 0x80, 0x00, 0x00, 0x00, 0x00,
    0x00, 0x1F, 0xC0, 0x00, 0x00, 0x0E, 0x00, 0x3F, 0x80, 0x00, 0x00, 0x01,
    0xE0, 0x00, 0x00, 0x00, 0x00, 0x0F, 0x00, 0x00, 0x00, 0x00, 0x03, 0x80,
    0x00, 0x00, 0x00, 0x00, 0x00, 0x1F, 0x80, 0x00, 0x00, 0x0C, 0x00, 0x1F,
    0xC0, 0x00, 0x00, 0x07, 0xFF, 0x80, 0x00, 0x00, 0x00, 0x0E, 0x00, 0x00,
    0x00, 0x00, 0x03, 0x00, 0x00, 0x00, 0x00, 0x00, 0x00, 0x1F, 0x80, 0x00,
    0x00, 0x0C, 0x60, 0x1F, 0xE0, 0x00, 0x00, 0x1F, 0xFF, 0x80, 0x00, 0x00,
    0x00, 0x0E, 0x00, 0x00, 0x00, 0x00, 0x33, 0x00, 0x00, 0x00, 0x00, 0x00,
    0x00, 0x3F, 0x80, 0x00, 0x00, 0x04, 0xE0, 0x0F, 0xF8, 0x00, 0x3C, 0x1F,
    0xFE, 0x00, 0x30, 0xE0, 0x00, 0x0E, 0x00, 0x00, 0x00, 0x00, 0x32, 0x00,
    0x00, 0x00, 0x00, 0x00, 0x00, 0x3F, 0x80, 0x00, 0x00, 0x00, 0xE0, 0x07,
    0xFC, 0x00, 0x7F, 0x1F, 0xE0, 0x30, 0x38, 0xE7, 0x81, 0xFE, 0x01, 0xE0,
    0x00, 0x00, 0x3A, 0x60, 0x00, 0x00, 0x00, 0x00, 0x00, 0x3F, 0x00, 0x00,
    0x00, 0x70, 0xC0, 0x01, 0xFF, 0x00, 0xFF, 0x81, 0xE0, 0x78, 0x78, 0xFF,
    0xC7, 0xFE, 0x07, 0xF8, 0x70, 0x70, 0x3A, 0xF0, 0x00, 0x00, 0x00, 0x00,
    0x00, 0x3F, 0x04, 0x00, 0x00, 0x78, 0xC0, 0x00, 0xFF, 0x81, 0xFF, 0x81,
    0xE0, 0x70, 0x70, 0xFF, 0xCF, 0xFE, 0x0F, 0xF8, 0x70, 0x70, 0x39, 0xE0,
    0x00, 0x00, 0x00, 0x00, 0x00, 0x67, 0x0C, 0x00, 0x40, 0x3E, 0x80, 0x00,
    0x3F, 0xC3, 0xE7, 0x81, 0xE0, 0x70, 0x70, 0xFC, 0x0F, 0xBE, 0x1F, 0x38,
    0x70, 0xF0, 0x1B, 0xC0, 0x00, 0x00, 0x00, 0x00, 0x00, 0x62, 0x0C, 0x80,
    0x00, 0x03, 0x98, 0x00, 0x1F, 0xC7, 0xC7, 0x81, 0xC0, 0x70, 0x70, 0xF8,
    0x1E, 0x1E, 0x1E, 0x38, 0x70, 0xF0, 0x0E, 0x00, 0x00, 0x00, 0x00, 0x00,
    0x00, 0x60, 0x18, 0xC0, 0x80, 0x01, 0x98, 0x00, 0x0F, 0xE7, 0x87, 0x83,
    0xC0, 0x70, 0xF0, 0xF0, 0x1E, 0x1E, 0x3C, 0x38, 0xF0, 0xF0, 0x88, 0x00,
    0x00, 0x00, 0x00, 0x00, 0x00, 0x74, 0x60, 0xE0, 0x80, 0x00, 0x98, 0x00,
    0x07, 0xE7, 0x87, 0x83, 0xC0, 0xF0, 0xF0, 0xF0, 0x3C, 0x1E, 0x3C, 0x78,
    0xF0, 0xF1, 0x88, 0x00, 0x00, 0x00, 0x00, 0x00, 0x00, 0xFE, 0xE0, 0xE0,
    0x08, 0x00, 0x58, 0x00, 0x03, 0xEF, 0x07, 0x83, 0xC0, 0xF0, 0xF0, 0xF0,
    0x3C, 0x1E, 0x38, 0x78, 0xF1, 0xF1, 0x90, 0x00, 0x00, 0x00, 0x00, 0x00,
    0x00, 0xFC, 0xE6, 0xE0, 0x38, 0x1F, 0x38, 0x60, 0x03, 0xEF, 0x0F, 0x83,
    0xC0, 0xF1, 0xF1, 0xE0, 0x3C, 0x3E, 0x38, 0x78, 0xF3, 0xF1, 0x83, 0x80,
    0x00, 0x00, 0x00, 0x00, 0x00, 0x1C, 0xEE, 0x43, 0x1C, 0x1F, 0xF0, 0xF0,
    0x03, 0xEF, 0x0F, 0x83, 0xC0, 0x73, 0xF0, 0xE0, 0x3C, 0x7E, 0x38, 0xF8,
    0xF3, 0xE0, 0xEF, 0xC0, 0x00, 0x00, 0x00, 0x00, 0x00, 0x19, 0xE7, 0xA6,
    0x00, 0x0F, 0xF8, 0xF0, 0x07, 0xEF, 0x1F, 0xD1, 0xE0, 0x7F, 0xF8, 0xE0,
    0x3C, 0xFE, 0x39, 0xF8, 0xFF, 0xE0, 0xFF, 0x80, 0x00, 0x00, 0x00, 0x00,
    0x00, 0x3B, 0xCB, 0xF3, 0x00, 0x01, 0x0C, 0xF8, 0x07, 0xE7, 0xFF, 0xF9,
    0xFE, 0x7F, 0xFE, 0xE0, 0x3F, 0xFF, 0xBF, 0xFF, 0x7F, 0xE0, 0xFF, 0x00,
    0x00, 0x00, 0x00, 0x00, 0x00, 0xFF, 0xE7, 0xF2, 0x00, 0x00, 0x06, 0x7E,
    0x1F, 0xE7, 0xF9, 0xF9, 0xFE, 0x3F, 0x3C, 0xE0, 0x1F, 0xEF, 0x9F, 0x9F,
    0x3E, 0xE1, 0x80, 0x00, 0x00, 0x00, 0x00, 0x00, 0x00, 0xFF, 0xFF, 0xE6,
    0x00, 0x00, 0x00, 0x7F, 0xFF, 0xC3, 0xF9, 0xF0, 0xFE, 0x1C, 0x18, 0xE0,
    0x0F, 0xC7, 0x9F, 0x0E, 0x19, 0xE3, 0x00, 0x00, 0x00, 0x00, 0x00, 0x00,
    0x00, 0xDF, 0xFF, 0xF0, 0x1E, 0x00, 0x00, 0x3F, 0xFF, 0xC1, 0xE0, 0x00,
    0x78, 0x00, 0x00, 0x00, 0x00, 0x00, 0x00, 0x00, 0x01, 0xE0, 0x00, 0x00,
    0x07, 0x00, 0x00, 0x00, 0x01, 0x3F, 0xFF, 0xFC, 0xDE, 0x08, 0x00, 0x1F,
    0xFF, 0x80, 0x00, 0x00, 0x00, 0x00, 0x00, 0x00, 0x00, 0x00, 0x00, 0x00,
    0x01, 0xE0, 0x00, 0x00, 0x0C, 0x00, 0x00, 0x00, 0x01, 0xFF, 0xFF, 0xFE,
    0x7C, 0x1C, 0x00, 0x0F, 0xFF, 0x00, 0x00, 0x00, 0x00, 0x00, 0x00, 0x00,
    0x00, 0x00, 0x00, 0x00, 0x03, 0xC0, 0x00, 0x00, 0x18, 0x00, 0x00, 0x00,
    0x00, 0xFF, 0xFF, 0xFE, 0xFC, 0x3C, 0x00, 0x07, 0xFC, 0x00, 0x00, 0x00,
    0x00, 0x00, 0x00, 0x00, 0x00, 0x00, 0x00, 0x00, 0x03, 0xC0, 0x00, 0x03,
    0xF0, 0x00, 0x00, 0x00, 0x00, 0x7F, 0xFF, 0xFF, 0x7C, 0xFC, 0x00, 0x00,
    0x40, 0x00, 0x00, 0x00, 0x00, 0x00, 0x00, 0x00, 0x00, 0x00, 0x00, 0x00,
    0x07, 0xC0, 0x00, 0x04, 0x70, 0x00, 0x00, 0x00, 0x00, 0xFF, 0xFF, 0xFF,
    0xF8, 0xF9, 0xC0, 0x00, 0x00, 0x00, 0x00, 0x00, 0x0F, 0xFF, 0xFF, 0xFF,
    0xF8, 0x00, 0x00, 0x00, 0x07, 0x80, 0x00, 0x00, 0x00, 0x00, 0x00, 0x00,
    0x01, 0xFF, 0xFF, 0xFF, 0xFB, 0x61, 0x90, 0x00, 0x00, 0x00, 0x00, 0x07,
    0xFF, 0xFF, 0xFF, 0xFF, 0xFF, 0xE0, 0x08, 0x0C, 0x0F, 0x80, 0x00, 0x00,
    0x00, 0x00, 0x00, 0x00, 0x01, 0xFF, 0xFE, 0xFF, 0xFF, 0x3C, 0x30, 0x00,
    0x00, 0x00, 0x01, 0xFF, 0xFF, 0x80, 0x00, 0x00, 0x0F, 0xFE, 0x1C, 0x0F,
    0xFF, 0x00, 0x00, 0x00, 0x00, 0x00, 0x00, 0x00, 0x01, 0xFF, 0xFF, 0xFF,
    0xFF, 0x7E, 0x20, 0x00, 0x00, 0x00, 0x1F, 0xFE, 0x00, 0x00, 0x00, 0x00,
    0x00, 0x03, 0x1C, 0x0F, 0xFE, 0x00, 0x00, 0x00, 0x00, 0x00, 0x00, 0x00,
    0x01, 0xFB, 0xE1, 0xFF, 0xFC, 0x7F, 0x8C, 0x00, 0x00, 0x00, 0x3F, 0x00,
    0x00, 0x00, 0x00, 0x00, 0x00, 0x00, 0x08, 0x07, 0xFC, 0x00, 0x00, 0x00,
    0x00, 0x00, 0x00, 0x00, 0x01, 0xFF, 0xF9, 0xEF, 0xFF, 0xFE, 0xCE, 0x00,
    0x00, 0x00, 0x00, 0x00, 0x00, 0x00, 0x00, 0x00, 0x00, 0x00, 0x00, 0x01,
    0xF0, 0x00, 0x00, 0x00, 0x00, 0x00, 0x00, 0x00, 0x03, 0xE7, 0xEB, 0x8F,
    0xFF, 0xFC, 0x20, 0x00, 0x00, 0x00, 0x00, 0x00, 0x00, 0x00, 0x00, 0x00,
    0x00, 0x00, 0x00, 0x00, 0x00, 0x00, 0x00, 0x00, 0x00, 0x00, 0x00, 0x00,
    0x01, 0xC7, 0xE7, 0x87, 0xFD, 0xFF, 0x30, 0x00, 0x00, 0x00, 0x00, 0x00,
    0x00, 0x00, 0x00, 0x00, 0x00, 0x00, 0x00, 0x00, 0x00, 0x00, 0x00, 0x00,
    0x00, 0x00, 0x00, 0x00, 0x01, 0xCF, 0x87, 0xE7, 0xF7, 0xFF, 0x90, 0x00,
    0x00, 0x00, 0x00, 0x00, 0x00, 0x00, 0x00, 0x00, 0x00, 0x00, 0x00, 0x00,
    0x00, 0x00, 0x00, 0x00, 0x00, 0x00, 0x80, 0x00, 0x00, 0xDC, 0xCF, 0xE7,
    0xB3, 0x8F, 0x00, 0x00, 0x00, 0x00, 0x00, 0x00, 0x00, 0x00, 0x00, 0x00,
    0x00, 0x00, 0x00, 0x00, 0x00, 0x00, 0x00, 0x00, 0x00, 0x01, 0x00, 0x00,
    0x00, 0xDC, 0xC7, 0xF3, 0x33, 0xEE, 0x00, 0x00, 0x7F, 0xFF, 0xFC, 0x00,
    0x00, 0x00, 0x00, 0x00, 0x00, 0x00, 0x00, 0x00, 0x00, 0x00, 0x00, 0x00,
    0x00, 0x00, 0x00, 0x00, 0x01, 0x80, 0x0D, 0x80, 0x3B, 0xF6, 0x00, 0x0F,
    0xFF, 0xFF, 0xFF, 0x00, 0x03, 0x81, 0xE0, 0x01, 0xC0, 0x00, 0x00, 0x00,
    0x00, 0x00, 0x00, 0x00, 0x00, 0x00, 0x00, 0x00, 0x00, 0x80, 0x1D, 0xC0,
    0x37, 0xF4, 0xC0, 0x1F, 0xFF, 0xFF, 0xFF, 0x00, 0x07, 0xC1, 0xE0, 0xFF,
    0xF0, 0x00, 0x00, 0x00, 0x00, 0x00, 0x00, 0x00, 0x00, 0x00, 0x00, 0x00,
    0x00, 0x80, 0x1D, 0xC0, 0x27, 0x76, 0x60, 0x3F, 0xFF, 0xFF, 0xFF, 0x80,
    0x07, 0xC1, 0xE1, 0xFF, 0xF8, 0x00, 0x00, 0xE0, 0x00, 0x00, 0x00, 0x00,
    0x00, 0x00, 0x00, 0x00, 0x00, 0x00, 0x00, 0x80, 0x07, 0x22, 0x00, 0x3F,
    0xFC, 0x00, 0x3F, 0x80, 0x07, 0xC1, 0xE1, 0xFF, 0xFC, 0x00, 0x00, 0xF0,
    0x00, 0x00, 0x00, 0x00, 0x00, 0x00, 0x00, 0x00, 0x00, 0x80, 0x00, 0x00,
    0x04, 0x00, 0x00, 0x3F, 0x00, 0x00, 0x1F, 0x80, 0x07, 0xC3, 0xF9, 0xFF,
    0xFC, 0x00, 0x01, 0xF8, 0x00, 0x00, 0x00, 0x00, 0x00, 0x00, 0x00, 0x00,
    0x00, 0x00, 0x00, 0x00, 0x10, 0x00, 0x00, 0x3F, 0x00, 0x00, 0x1F, 0x80,
    0x3F, 0xFF, 0xFD, 0xE0, 0x7C, 0x00, 0x01, 0xFC, 0x00, 0x00, 0x00, 0x00,
    0x00, 0x00, 0x00, 0x00, 0x00, 0x1C, 0x00, 0x00, 0x70, 0x00, 0x00, 0x3F,
    0x00, 0x00, 0x1F, 0x80, 0x7F, 0xFF, 0xFD, 0xE0, 0x7C, 0x00, 0x00, 0xFC,
    0x00, 0x00, 0x00, 0x00, 0x00, 0x00, 0x00, 0x00, 0x00, 0x1F, 0x80, 0x00,
    0xF0, 0x00, 0x00, 0x3F, 0xFF, 0xFF, 0xFF, 0x80, 0x7F, 0xFF, 0xFD, 0xE0,
    0x7C, 0x00, 0x00, 0x7C, 0x00, 0x00, 0x00, 0x00, 0x00, 0x00, 0x00, 0x00,
    0x00, 0x1F, 0xA3, 0x18, 0xF0, 0x00, 0x00, 0x3F, 0xFF, 0xFF, 0xFF, 0x80,
    0x7F, 0xFF, 0xE1, 0xE0, 0x3C, 0x00, 0x00, 0x3C, 0x00, 0x00, 0x00, 0x00,
    0x00, 0x00, 0x00, 0x00, 0x00, 0x1F, 0x00, 0x03, 0xF0, 0x00, 0x00, 0x3F,
    0xFF, 0xFF, 0xFF, 0x80, 0x07, 0xC1, 0xE1, 0xE0, 0x7C, 0x00, 0x00, 0x18,
    0x00, 0x00, 0x00, 0x00, 0x00, 0x00, 0x00, 0x00, 0x00, 0x1C, 0x00, 0x05,
    0xF0, 0x00, 0x00, 0x3F, 0xFF, 0xF0, 0x9F, 0x80, 0x07, 0xC1, 0xE1, 0xE0,
    0x3C, 0x00, 0x00, 0x00, 0x00, 0x00, 0x00, 0x00, 0x00, 0x00, 0x00, 0x00,
    0x00, 0x08, 0x00, 0x08, 0x70, 0x00, 0x00, 0x3F, 0x00, 0x00, 0x1F, 0x80,
    0x07, 0xC1, 0xE1, 0xE0, 0x7C, 0x0F, 0xFF, 0xFF, 0xFF, 0xF8, 0x00, 0x00,
    0x00, 0x00, 0x00, 0x00, 0x00, 0x10, 0x00, 0x20, 0x10, 0x00, 0x00, 0x3F,
    0x00, 0x00, 0x1F, 0x80, 0x07, 0xFF, 0xE1, 0xFF, 0xFC, 0x3F, 0xFF, 0xFF,
    0xFF, 0xFC, 0x00, 0x00, 0x00, 0x00, 0x00, 0x00, 0x00, 0x00, 0x00, 0x60,
    0x00, 0x00, 0x00, 0x3F, 0x00, 0x00, 0x1F, 0x00, 0x07, 0xFF, 0xE1, 0xFF,
    0xFC, 0x3F, 0xFF, 0xFF, 0xFF, 0xFC, 0x00, 0x00, 0x00, 0x00, 0x00, 0x00,
    0x00, 0x00, 0x03, 0x20, 0x00, 0x00, 0x00, 0x1F, 0x80, 0x02, 0x7F, 0x00,
    0x07, 0xFF, 0xE1, 0xFF, 0xFC, 0x3F, 0xFF, 0xFF, 0xFF, 0xFC, 0x00, 0x00,
    0x00, 0x00, 0x00, 0x00, 0x00, 0x00, 0x0C, 0x00, 0x00, 0x00, 0x00, 0x1F,
    0xFF, 0xFF, 0xFF, 0x00, 0x07, 0xFB, 0xE1, 0xFF, 0xFC, 0x3F, 0xFF, 0xFF,
    0xFF, 0xF8, 0x00, 0x00, 0x00, 0x00, 0x00, 0x00, 0x00, 0x00, 0x78, 0x40,
    0x00, 0x00, 0x00, 0x1F, 0xFF, 0xFF, 0xFF, 0x00, 0x07, 0x81, 0xE1, 0xE0,
    0x3C, 0x00, 0x00, 0x00, 0x00, 0x00, 0x00, 0x00, 0x00, 0x00, 0x00, 0x00,
    0x00, 0x01, 0xF8, 0x00, 0x00, 0x00, 0x00, 0x0F, 0xFF, 0xFF, 0xFE, 0x00,
    0x07, 0x81, 0xE1, 0xE0, 0x3C, 0x00, 0x00, 0x00, 0x00, 0x00, 0x00, 0x00,
    0x00, 0x00, 0x00, 0x00, 0x00, 0x1B, 0xF8, 0x10, 0x00, 0x00, 0x00, 0x03,
    0xFF, 0xDE, 0x00, 0x00, 0x07, 0xFF, 0xE1, 0xE0, 0x3C, 0x00, 0x00, 0x00,
    0x00, 0x00, 0x00, 0x00, 0x00, 0x00, 0x00, 0x00, 0x00, 0x78, 0xF8, 0x00,
    0x00, 0x00, 0x00, 0x03, 0x80, 0x60, 0x00, 0x00, 0x07, 0xFF, 0xE1, 0xE0,
    0x3C, 0x00, 0x00, 0x00, 0x00, 0x00, 0x00, 0x00, 0x00, 0x00, 0x00, 0x00,
    0x00, 0x10, 0xF8, 0x00, 0x00, 0x00, 0x00, 0x07, 0xC0, 0xF0, 0x00, 0x00,
    0x07, 0xFF, 0xE1, 0xE0, 0x3C, 0x00, 0x1E, 0x00, 0xF0, 0x00, 0x00, 0x00,
    0x00, 0x00, 0x00, 0x00, 0x00, 0x10, 0x78, 0x00, 0x00, 0x00, 0x00, 0x07,
    0xC0, 0xF0, 0x00, 0x00, 0x07, 0xFF, 0xE1, 0xE0, 0x7C, 0x00, 0x1F, 0x00,
    0xF8, 0x00, 0x00, 0x00, 0x00, 0x00, 0x00, 0x00, 0x00, 0x00, 0x38, 0x00,
    0x18, 0x00, 0x00, 0x0F, 0x80, 0xF9, 0xD8, 0x00, 0x07, 0xC1, 0xE1, 0xFF,
    0xFC, 0x00, 0x3F, 0x00, 0xFC, 0x00, 0x00, 0x00, 0x00, 0x00, 0x00, 0x00,
    0x00, 0x00, 0x10, 0x00, 0x18, 0x20, 0x00, 0x1F, 0xFF, 0xFF, 0xFF, 0x00,
    0x07, 0xC1, 0xE1, 0xFF, 0xFC, 0x00, 0x7E, 0x00, 0xFC, 0x00, 0x00, 0x00,
    0x00, 0x00, 0x00, 0x00, 0x00, 0x00, 0x00, 0x01, 0xD9, 0x00, 0x00, 0x1F,
    0xFF, 0xFF, 0xFF, 0x00, 0x07, 0x81, 0xE1, 0xFF, 0xFC, 0x00, 0x7E, 0x00,
    0x7E, 0x00, 0x00, 0x00, 0x00, 0x00, 0x00, 0x00, 0x00, 0x06, 0x70, 0x03,
    0xC3, 0x80, 0x00, 0x3F, 0xFF, 0xFF, 0xFF, 0x00, 0x07, 0xFF, 0xF9, 0xFF,
    0xFC, 0x00, 0xFC, 0x00, 0x3F, 0x00, 0x00, 0x00, 0x00, 0x00, 0x00, 0x00,
    0x00, 0x21, 0xE0, 0x07, 0xC7, 0x80, 0x00, 0x7F, 0xFF, 0xFF, 0xFE, 0x00,
    0x7F, 0xFF, 0xFD, 0xE0, 0x3C, 0x01, 0xFC, 0x00, 0x3F, 0x80, 0x00, 0x00,
    0x00, 0x00, 0x00, 0x00, 0x00, 0x60, 0x79, 0xA3, 0xA3, 0xC0, 0x00, 0x7C,
    0x00, 0xF0, 0x00, 0x00, 0xFF, 0xFF, 0xFF, 0xE0, 0x3C, 0x01, 0xF8, 0x00,
    0x1F, 0x80, 0x00, 0x00, 0x00, 0x01, 0x00, 0x00, 0x00, 0x08, 0x7F, 0xEC,
    0x1F, 0xA0, 0x00, 0xFC, 0x01, 0xF0, 0x00, 0x00, 0xFF, 0xFF, 0xFB, 0xE0,
    0x3C, 0x03, 0xF0, 0x00, 0x0F, 0xC0, 0x00, 0x00, 0x00, 0x06, 0x00, 0x00,
    0x00, 0x06, 0x1F, 0xFE, 0x0F, 0x82, 0x00, 0xF8, 0x01, 0xF0, 0x00, 0x00,
    0xFF, 0xFC, 0x03, 0xE0, 0x3C, 0x07, 0xF0, 0x00, 0x0F, 0xE0, 0x00, 0x00,
    0x00, 0x0E, 0x00, 0x00, 0x00, 0x07, 0xE2, 0x7F, 0x39, 0xEE, 0x00, 0xF1,
    0xFF, 0xFF, 0xFC, 0x00, 0x01, 0x83, 0x03, 0xC0, 0x3C, 0x0F, 0xE0, 0x00,
    0x07, 0xE0, 0x00, 0x00, 0x00, 0x1F, 0x00, 0x00, 0x00, 0x01, 0xE0, 0x77,
    0x3F, 0xCF, 0x80, 0x63, 0xFF, 0xFF, 0xFE, 0x00, 0x03, 0xC7, 0x83, 0xC0,
    0x3C, 0x0F, 0xE0, 0x00, 0x07, 0xF0, 0x00, 0x00, 0x00, 0x1C, 0x80, 0x00,
    0x00, 0x63, 0xE0, 0x1F, 0x7F, 0xDE, 0x00, 0x03, 0xFF, 0xFF, 0xFE, 0x00,
    0x07, 0xC7, 0xC3, 0xC0, 0x3C, 0x1F, 0xC0, 0x00, 0x03, 0xF0, 0x00, 0x00,
    0x00, 0x07, 0x80, 0x00, 0x00, 0x6F, 0xFF, 0x01, 0xFF, 0xFE, 0x00, 0x01,
    0xFF, 0xFF, 0xF8, 0x00, 0x0F, 0xC7, 0xC7, 0xC0, 0x3C, 0x1F, 0x80, 0x00,
    0x01, 0xF0, 0x00, 0x00, 0x06, 0x0B, 0x00, 0x00, 0x00, 0x7F, 0xFF, 0xC3,
    0xFF, 0xFF, 0xC0, 0x00, 0x01, 0xF0, 0x00, 0x00, 0x0F, 0x83, 0xE7, 0xC0,
    0x3C, 0x1F, 0x00, 0x00, 0x00, 0xF0, 0x00, 0x00, 0x07, 0x70, 0x00, 0x00,
    0x00, 0x7F, 0xFF, 0x9F, 0xFF, 0xFF, 0xE0, 0x00, 0x01, 0xF0, 0x00, 0x00,
    0x1F, 0x01, 0xF7, 0xC0, 0x7C, 0x0E, 0x00, 0x00, 0x00, 0x00, 0x00, 0x00,
    0x07, 0xE0, 0x00, 0x00, 0x00, 0x37, 0xFF, 0x3F, 0xFF, 0xFF, 0xE0, 0x00,
    0x01, 0xF0, 0x00, 0x00, 0x3F, 0x01, 0xF7, 0x83, 0xFC, 0x00, 0x00, 0x00,
    0x00, 0x00, 0x00, 0x00, 0x4F, 0x00, 0x00, 0x00, 0x00, 0x00, 0x7A, 0x7F,
    0xEF, 0xFF, 0xF8, 0x0B, 0xFF, 0xFF, 0xFF, 0xF0, 0x3E, 0x00, 0xE7, 0x87,
    0xFC, 0x00, 0x00, 0x00, 0x00, 0x00, 0x00, 0x00, 0xFE, 0x0C, 0x00, 0x00,
    0x00, 0x01, 0xF7, 0xDF, 0x6F, 0xFF, 0xF0, 0xFF, 0xFF, 0xFF, 0xFF, 0xF8,
    0x3C, 0x00, 0x0F, 0x83, 0xFC, 0x00, 0x00, 0x00, 0x00, 0x00, 0x00, 0x00,
    0xE0, 0x7C, 0x00, 0x00, 0x00, 0x06, 0x63, 0xFF, 0x2E, 0xFF, 0x51, 0xFF,
    0xFF, 0xFF, 0xFF, 0xF8, 0x38, 0x00, 0x0F, 0x03, 0xF8, 0x00, 0x00, 0x00,
    0x00, 0x00, 0x00, 0x00, 0x04, 0xFE, 0x00, 0x00, 0x00, 0x00, 0x1F, 0xEF,
    0xC6, 0xFF, 0x80, 0xFF, 0xFF, 0xFF, 0xFF, 0xF0, 0x00, 0x00, 0x06, 0x00,
    0xF0, 0x00, 0x00, 0x00, 0x00, 0x00, 0x00, 0x01, 0x0E, 0xFC, 0xC0, 0x00,
    0x00, 0x00, 0x7F, 0xDF, 0xCE, 0x7F, 0xE0, 0x7F, 0xF8, 0x00, 0x00, 0x00,
    0x00, 0x00, 0x00, 0x00, 0x00, 0x00, 0x00, 0x00, 0x00, 0x00, 0x08, 0xC0,
    0x1E, 0xFE, 0xC0, 0x00, 0x00, 0x00, 0xFF, 0x35, 0xDE, 0x1F, 0xE0, 0x00,
    0x00, 0x00, 0x00, 0x00, 0x00, 0x00, 0x00, 0x00, 0x00, 0x00, 0x00, 0x00,
    0x00, 0x00, 0x0C, 0x00, 0x2C, 0x7E, 0xC0, 0x00, 0x00, 0x03, 0xFF, 0x63,
    0xDF, 0x1F, 0xEC, 0x00, 0x00, 0x00, 0x00, 0x00, 0x00, 0x00, 0x00, 0x00,
    0x00, 0x00, 0x00, 0x00, 0x00, 0x00, 0x0E, 0x00, 0x3E, 0xFF, 0xC0, 0x00,
    0x00, 0x07, 0xFB, 0xE3, 0x9F, 0x3F, 0xCE, 0x00, 0x00, 0x00, 0x00, 0x00,
    0x00, 0x00, 0x00, 0x00, 0x00, 0x00, 0x00, 0x00, 0x00, 0x02, 0x6F, 0x00,
    0x7F, 0xFF, 0xC0, 0x00, 0x00, 0x00, 0xE7, 0xE7, 0x9F, 0x9F, 0xFE, 0x00,
    0x00, 0x00, 0x00, 0x00, 0x00, 0x00, 0x00, 0x00, 0x00, 0x00, 0x00, 0x00,
    0x00, 0x06, 0x4F, 0xE1, 0x7E, 0x5F, 0x80, 0x00, 0x00, 0x01, 0xC3, 0x07,
    0x1F, 0x9F, 0xFE, 0x00, 0x00, 0x00, 0x00, 0x00, 0x00, 0x00, 0x00, 0x00,
    0x00, 0x00, 0x00, 0x00, 0x00, 0x07, 0xFF, 0xF0, 0x0E, 0x0E, 0x00, 0x00,
    0x00, 0x01, 0x06, 0x06, 0x3F, 0x8F, 0xFC, 0xB8, 0x00, 0x00, 0x00, 0x00,
    0x00, 0x00, 0x00, 0x00, 0x00, 0x00, 0x00, 0x00, 0x00, 0x17, 0xBF, 0xF0,
    0x7C, 0x0C, 0x00, 0x00, 0x00, 0x00, 0x08, 0x0E, 0x3F, 0xC7, 0xFD, 0xF8,
    0x00, 0x00, 0x00, 0x00, 0x00, 0x00, 0x00, 0x00, 0x00, 0x00, 0x00, 0x00,
    0x31, 0x33, 0x3F, 0xF1, 0xFF, 0xA6, 0x00, 0x00, 0x00, 0x00, 0x10, 0x1F,
    0x3F, 0xCF, 0xFF, 0xFC, 0x00, 0x00, 0x00, 0x00, 0x00, 0x00, 0x00, 0x00,
    0x00, 0x00, 0x00, 0x18, 0x31, 0xD8, 0x7F, 0xFB, 0xFF, 0xF8, 0x80, 0x00,
    0x00, 0x00, 0x60, 0x1F, 0x7F, 0xC7, 0xFF, 0xFE, 0x6E, 0x00, 0x00, 0x00,
    0x00, 0x00, 0x00, 0x00, 0x00, 0x00, 0x00, 0x3D, 0xF0, 0x18, 0x7F, 0xFF,
    0xFF, 0xFF, 0x80, 0x00, 0x00, 0x00, 0xE0, 0x1E, 0x7F, 0xE0, 0xFF, 0xFC,
    0xFE, 0x00, 0x00, 0x00, 0x00, 0x00, 0x00, 0x00, 0x00, 0x00, 0x06, 0x7F,
    0xC0, 0xD8, 0x7F, 0xB0, 0xFF, 0xFF, 0x00, 0x00, 0x00, 0x01, 0xE0, 0x3E,
    0x7F, 0xE0, 0x7F, 0xFD, 0xFF, 0x00, 0x00, 0x00, 0x00, 0x00, 0x00, 0x00,
    0x00, 0x00, 0x07, 0xFF, 0x00, 0xF7, 0xDF, 0xE3, 0xFF, 0xFE, 0x00, 0x00,
    0x00, 0x07, 0x00, 0x7C, 0x7F, 0xF0, 0xBF, 0xFF, 0xFF, 0x0C, 0x00, 0x00,
    0x00, 0x00, 0x00, 0x00, 0x00, 0x38, 0x6F, 0xFF, 0x39, 0xF7, 0xFF, 0xE7,
    0xFF, 0xFF, 0xC0, 0x00, 0x00, 0x0C, 0x00, 0x78, 0xFF, 0xF1, 0xBF, 0xFF,
    0xFF, 0x3E, 0x00, 0x00, 0x00, 0x00, 0x00, 0x00, 0xC0, 0x3C, 0xFF, 0xFF,
    0x7F, 0xFF, 0xFF, 0xAF, 0xFF, 0xFF, 0xC0, 0x00, 0x00, 0x18, 0x00, 0xE0,
    0xFF, 0xF0, 0xFF, 0xFF, 0xFF, 0xFE, 0x00, 0x00, 0x00, 0x00, 0x00, 0x00,
    0xE0, 0x3F, 0xBF, 0xFF, 0xFF, 0x7F, 0xFE, 0x0F, 0xFF, 0xFF, 0xF0, 0x00,
    0x00, 0x18, 0x60, 0xE0, 0xFF, 0xF8, 0xFF, 0xFF, 0x7F, 0xFF, 0x00, 0x00,
    0x00, 0x00, 0x00, 0x11, 0xFE, 0xF4, 0x3F, 0xFF, 0xFF, 0xFD, 0xC0, 0x27,
    0xFF, 0xC7, 0xC0, 0x00, 0x00, 0x00, 0x21, 0xF9, 0xFF, 0xF8, 0x7F, 0xFF,
    0xFF, 0xFF, 0x83, 0x00, 0x00, 0x00, 0x03, 0xFF, 0xBF, 0xF0, 0x7A, 0xFF,
    0xFF, 0x81, 0x01, 0xDF, 0xFE, 0x00, 0x00, 0x00, 0x00, 0x00, 0x03, 0xF9,
    0xFF, 0xFC, 0x7D, 0xFF, 0xFB, 0xC8, 0x1F, 0x10, 0x00, 0x00, 0x00, 0x03,
    0xF4, 0x01, 0x03, 0xFF, 0xFE, 0x78, 0x03, 0xFF, 0xFF, 0x41, 0x40, 0x00,
    0x00, 0x00, 0x23, 0xD1, 0xFF, 0xFC, 0x38, 0xFF, 0xF1, 0xCE, 0x82, 0x20,
    0x00, 0x00, 0x00, 0x00, 0x87, 0x0B, 0xEF, 0xFF, 0xFC, 0xF8, 0xF7, 0xFF,
    0xFE, 0xF1, 0x80, 0x00, 0x00, 0x00, 0x67, 0xB3, 0xFF, 0xFE, 0x3D, 0xFF,
    0xFF, 0x3A, 0x00, 0x00, 0x00, 0x00, 0x00, 0x00, 0x5F, 0xFF, 0xE7, 0xFF,
    0xFE, 0xF3, 0xE7, 0xFF, 0xFF, 0xE4, 0x00, 0x00, 0x00, 0x0E, 0xC7, 0xA3,
    0xFF, 0xFE, 0x1F, 0xFF, 0xFE, 0x00, 0x00, 0x00, 0x00, 0x00, 0x00, 0x00,
    0x02, 0x84, 0xE3, 0x7F, 0x78, 0x61, 0xD9, 0xFF, 0xFF, 0xFF, 0xC0, 0x00,
    0x00, 0x1F, 0x0F, 0x23, 0xFF, 0xFE, 0x0F, 0xFF, 0xFC, 0x10, 0x00, 0x00,
    0x00, 0x00, 0x00, 0x00, 0x00, 0x86, 0x62, 0x7F, 0xF8, 0x79, 0xFF, 0xFE,
    0xF9, 0xFF, 0xC0, 0x00, 0x00, 0x1F, 0x9E, 0x07, 0xFF, 0xFF, 0x0F, 0xFF,
    0xFF, 0x78, 0x00, 0x00, 0x00, 0x00, 0x00, 0x00, 0x00, 0x3F, 0x03, 0xFF,
    0xF8, 0x30, 0xBF, 0xFF, 0xFF, 0xFF, 0xC0, 0x00, 0x00, 0x1F, 0xBE, 0x07,
    0xFF, 0xFF, 0x07, 0xFB, 0xFF, 0x70, 0x30, 0x00, 0x00, 0x00, 0x00, 0x00,
    0x00, 0x00, 0x00, 0x1C, 0x10, 0x7B, 0xFF, 0xFF, 0xFF, 0xFF, 0xC0, 0x00,
    0x00, 0x1F, 0xBE, 0x0F, 0xFF, 0xFF, 0x87, 0xF1, 0xFF, 0xF8, 0x30, 0x00,
    0x00, 0x00, 0x00, 0x00, 0x00, 0x00, 0x00, 0x7E, 0x00, 0x21, 0x9F, 0xFC,
    0x07, 0xFF, 0xC0, 0x00, 0x00, 0x1F, 0xFC, 0x0F, 0xFF, 0xFF, 0x83, 0xFF,
    0xFD, 0xF8, 0xB8, 0x00, 0x00, 0x00, 0x00, 0x00, 0x00, 0x00, 0x00, 0x7E,
    0x00, 0x20, 0x3F, 0xFE, 0x1F, 0xFF, 0x80, 0x00, 0x00, 0x1F, 0xF9, 0x0F,
    0xFF, 0xFF, 0xC1, 0xFF, 0xFF, 0xFE, 0xE0, 0x00, 0xC0, 0x00, 0x00, 0x00,
    0x00, 0x00, 0x00, 0x00, 0x00, 0x00, 0x3F, 0xFC, 0x3F, 0xFF, 0x80, 0x00,
    0x00, 0x07, 0xF8, 0x1F, 0xFF, 0xFF, 0xC1, 0xFF, 0xFF, 0xFE, 0xF0, 0x00,
    0xC0, 0x00, 0x00, 0x00, 0x00, 0x00, 0x00, 0x1C, 0x00, 0x00, 0x3F, 0xF0,
    0x03, 0xFF, 0x00, 0x00, 0x00, 0x07, 0xF2, 0x1F, 0xFF, 0xFF, 0xE0, 0xFF,
    0xFF, 0xFF, 0xF0, 0x02, 0x60, 0x00, 0x00, 0x00, 0x00, 0x00, 0x00, 0x00,
    0x00, 0x00, 0x5F, 0xF8, 0x03, 0xF7, 0x00, 0x00, 0x00, 0x1F, 0xE0, 0x1F,
    0xFF, 0xFF, 0xE0, 0x7F, 0xF3, 0xFF, 0x80, 0xC1, 0x00, 0x00, 0x00, 0x9C,
    0x04, 0x40, 0x00, 0x00, 0x00, 0x01, 0x7F, 0xFC, 0x7B, 0xFE, 0x00, 0x00,
    0x00, 0x1F, 0xC0, 0x3F, 0xFF, 0xFF, 0xF0, 0x7F, 0xF3, 0xFF, 0xF9, 0xE1,
    0xC0, 0x00, 0x01, 0xFC, 0x00, 0x00, 0x00, 0x08, 0x00, 0x00, 0x07, 0x00,
    0x03, 0xFE, 0x00, 0x00, 0x00, 0x1F, 0xE0, 0x3F, 0xFF, 0xFF, 0xF0, 0x3F,
    0xFF, 0x3F, 0xDB, 0xF1, 0x00, 0x00, 0x00, 0xFC, 0x00, 0x00, 0x00, 0x00,
    0x00, 0x00, 0x1F, 0xC0, 0x00, 0xBE, 0x00, 0x00, 0x00, 0x1F, 0xE0, 0x7F,
    0xFF, 0xFF, 0xF8, 0x3F, 0xFF, 0x7F, 0xB9, 0xED, 0xC0, 0x00, 0x00, 0xFC,
    0x3F, 0xC0, 0x00, 0x00, 0x00, 0x00, 0x0F, 0x81, 0xFF, 0xFC, 0x00, 0x00,
    0x00, 0x0F, 0xE0, 0x7F, 0xFF, 0xFF, 0xF8, 0x1F, 0xFF, 0xFF, 0x98, 0xFF,
    0xC0, 0x00, 0x17, 0xFF, 0xFF, 0xF0, 0x00, 0x02, 0x00, 0x00, 0x06, 0x00,
    0x03, 0xFC, 0x00, 0x00, 0x00, 0x1F, 0xF0, 0x7F, 0xFF, 0xFF, 0xF8, 0x0F,
    0xCF, 0xFF, 0xFC, 0xF7, 0x00, 0x1F, 0xFF, 0xFF, 0xFF, 0xF8, 0x00, 0x00,
    0x00, 0x00, 0x07, 0x00, 0x01, 0x78, 0x00, 0x00, 0x00, 0x0E, 0xF0, 0xFF,
    0xFF, 0xFF, 0xFC, 0x0F, 0xEF, 0xF9, 0xFB, 0xF6, 0x30, 0x1F, 0xFF, 0xFF,
    0xFF, 0xFE, 0x00, 0x02, 0x00, 0x02, 0xF7, 0x80, 0xE0, 0x78, 0x00, 0x00,
    0x00, 0x1E, 0xF0, 0xFF, 0xFF, 0xFF, 0xFC, 0x07, 0xF7, 0xFD, 0xFF, 0xFC,
    0x70, 0x1F, 0xFF, 0xFF, 0xFF, 0xFF, 0x08, 0x7F, 0xE1, 0x1E, 0xEF, 0x01,
    0xFC, 0x68, 0x00, 0x00, 0x00, 0x08, 0xF1, 0xFF, 0xFF, 0xFF, 0xFE, 0x43,
    0xF7, 0xFF, 0xFF, 0xFF, 0xFC, 0x1F, 0xFF, 0xFF, 0xFF, 0xFF, 0xEB, 0xFF,
    0xD0, 0xDF, 0x7F, 0xF2, 0xBF, 0xCF, 0xF0, 0x00, 0x00, 0x10, 0xF1, 0xFF,
    0xFF, 0xFF, 0xFE, 0x03, 0xF7, 0xF7, 0xFF, 0xFF, 0xF8, 0x1F, 0xFF, 0xFF,
    0xFF, 0xFE, 0x00, 0x83, 0x00, 0x08, 0x6E, 0x8E, 0x3F, 0xFF, 0xE0, 0x00,
    0x00, 0x30, 0xFB, 0xFF, 0xFF, 0xFF, 0xFE, 0x21, 0xFF, 0xFB, 0xFD, 0xFF,
    0x79, 0x1F, 0xEF, 0xFF, 0xFF, 0xFD, 0x27, 0xC7, 0x80, 0x32, 0x0E, 0x1B,
    0x7F, 0xFC, 0x40, 0x00, 0x00, 0x0D, 0x7B, 0xFF, 0xFF, 0xFF, 0xFF, 0x10,
    0xFF, 0xFF, 0xFF, 0xFE, 0xFF, 0x07, 0xFF, 0xFF, 0xFF, 0xF8, 0x01, 0x82,
    0x40, 0x7E, 0x0E, 0x00, 0x7F, 0xFF, 0x80, 0x00, 0x00, 0x0F, 0x7F, 0xFF,
    0xFF, 0xEF, 0xFF, 0x19, 0x0F, 0xFF, 0xFF, 0xFF, 0xFF, 0x9F, 0xFF, 0xFF,
    0xFF, 0xF0, 0x81, 0xFF, 0xF1, 0xFF, 0xC0, 0x00, 0xC3, 0x1F, 0x00, 0x00,
    0x00, 0x0F, 0xFF, 0xFF, 0xFF, 0x07, 0xFF, 0x8C, 0xBF, 0xFF, 0xFF, 0xFF,
    0xFF, 0x1F, 0xFF, 0xFF, 0xFF, 0xEF, 0xDF, 0xFF, 0xF1, 0xFC, 0x08, 0x01,
    0x9F, 0xFF, 0x00, 0x00, 0x00, 0x1F, 0xFF, 0xFF, 0xFF, 0xBF, 0xFF, 0x86,
    0x3F, 0xFF, 0xFF, 0xFF, 0xF8, 0xCF, 0xFF, 0xFF, 0xF8, 0x03, 0xFF, 0xFF,
    0xF3, 0x70, 0x00, 0x07, 0xFF, 0xFF, 0x00, 0x00, 0x00, 0x1F, 0xFF, 0xFF,
    0xFF, 0xA5, 0xFF, 0xC7, 0x7D, 0xFF, 0xFF, 0xFF, 0xFF, 0xEF, 0xFC, 0xFE,
    0x18, 0xFC, 0xF1, 0xEF, 0x9E, 0x70, 0x0E, 0xFF, 0xFF, 0xFF, 0xF0, 0x00,
    0x00, 0x3F, 0xFF, 0xFF, 0xFF, 0x8A, 0xFF, 0xC3, 0x58, 0xFF, 0xFF, 0xFF,
    0x7F, 0x70, 0x00, 0xFC, 0x1B, 0xFC, 0xF7, 0xEF, 0xFF, 0xFF, 0xFF, 0xF8,
    0x3F, 0xFF, 0xE0, 0x00, 0x00, 0x3F, 0xFF, 0xFF, 0xFF, 0xBF, 0xFF, 0xD9,
    0x36, 0xFF, 0xFF, 0xFF, 0xFB, 0xFF, 0xFF, 0xFE, 0x8F, 0xFD, 0xFF, 0xFF,
    0xFF, 0xFF, 0xFF, 0xF0, 0xFF, 0xFF, 0x80, 0x00, 0x00, 0x3F, 0xFF, 0xFF,
    0xFF, 0x7F, 0xFF, 0xE8, 0xE7, 0xFF, 0xFF, 0xFF, 0xFE, 0xDF, 0xFF, 0xFF,
    0xFF, 0xDF, 0xFF, 0xFF, 0xFF, 0xFF, 0xFF, 0xFF, 0xF9, 0xFC, 0x00, 0x00,
    0x00, 0x7F, 0xFF, 0xFF, 0xFF, 0xFF, 0xFF, 0xFA, 0xAF, 0xFB, 0xFF, 0xFF,
    0xFF, 0xFF, 0xFF, 0xFF, 0xFF, 0x8D, 0x79, 0xEF, 0x7F, 0xFF, 0xFF, 0xFF,
    0xFF, 0xFF, 0x00, 0x00, 0x00, 0x7F, 0xFF, 0xFF, 0xFF, 0xFF, 0xFF, 0xF0,
    0xBB, 0xE4, 0x7F, 0xFF, 0xFF, 0xFF, 0xFF, 0xFF, 0xFF, 0xC4, 0x73, 0xEF,
    0x63, 0xFF, 0xFF, 0xFF, 0xFF, 0xFF, 0xC0, 0x00, 0x00, 0x7F, 0xFF, 0xFF,
    0xFF, 0xFF, 0xFF, 0xB9, 0xEA, 0xE7, 0xFE, 0x1F, 0xF6, 0xFF, 0xFF, 0xFF,
    0xFF, 0xCE, 0xFB, 0xF7, 0x42, 0x7F, 0xFF, 0xFF, 0xFF, 0xFF, 0xF8, 0x00,
    0x00, 0x7F, 0xFF, 0xFF, 0xFF, 0xFE, 0xBF, 0xFF, 0xDE, 0xFF, 0xFD, 0xF1,
    0xFF, 0xFF, 0xFF, 0xFF, 0xFF, 0xFE, 0xF3, 0xFF, 0xFF, 0xFF, 0xFF, 0xFF,
    0xFD, 0xFF, 0xE0, 0x00, 0x00, 0x7F, 0xFF, 0xFF, 0xFF, 0xF8, 0x3F, 0xCC,
    0x7F, 0xFF, 0xE7, 0xE1, 0xFF, 0xFF, 0xFF, 0xFF, 0xFF, 0xCF, 0xFF, 0xFF,
    0xFF, 0xFF, 0xFF, 0xFF, 0xFE, 0xFF, 0xC0, 0x00, 0x00, 0x3F, 0xFF, 0xFF,
    0xFE, 0x9F, 0xEF, 0xB5, 0x3F, 0xFF, 0xE7, 0xC7, 0xFF, 0xFF, 0xFF, 0xFF,
    0xFF, 0xCF, 0x7F, 0xFF, 0xFF, 0xFF, 0xFF, 0xFF, 0xFF, 0xFF, 0xC0, 0x00,
    0x00, 0x3F, 0xFF, 0xFF, 0xEF, 0x7F, 0xF1, 0x3C, 0x6F, 0xFF, 0xFF, 0x1D,
    0xFF, 0xFF, 0xFF, 0xFF, 0xFF, 0xFF, 0xFF, 0xFF, 0xF3, 0xFF, 0xFF, 0xFD,
    0xFF, 0xFF, 0x70, 0x00, 0x00, 0x3F, 0xFF, 0xFF, 0xFB, 0xFF, 0x8F, 0xDF,
    0x6F, 0xFF, 0xFC, 0xE9, 0xFF, 0xFF, 0xFF, 0xFF, 0xFF, 0xFF, 0xFF, 0xFF,
    0xBB, 0xFF, 0xFF, 0xFF, 0x7F, 0xBE, 0x20, 0x00, 0x00, 0x7F, 0xFF, 0xFE,
    0x7F, 0xF9, 0x8C, 0xFB, 0x77, 0xFF, 0xF8, 0x4F, 0xFF, 0xFF, 0xFF, 0xFF,
    0xFF, 0xF7, 0xFE, 0xFF, 0x5F, 0xFF, 0xFF, 0xF3, 0x7F, 0x7F, 0xE0, 0x00,
    0x00, 0x7F, 0xFF, 0xFF, 0x8E, 0x0F, 0x98, 0xFF, 0x77, 0xFF, 0xF2, 0x1F,
    0xFF, 0xFF, 0xDF, 0xFF, 0xFF, 0xD7, 0xFF, 0xFF, 0xF7, 0x3F, 0xE7, 0xFD,
    0xFF, 0x5F, 0xF0, 0x00, 0x00, 0xFF, 0xFF, 0xFF, 0x03, 0xE1, 0xBB, 0xFF,
    0xB7, 0xFF, 0xEB, 0xFF, 0xFF, 0xFF, 0xB8, 0xFF, 0xFF, 0xFF, 0xFF, 0xFF,
    0xFF, 0xFF, 0xE3, 0xFD, 0xFF, 0xFF, 0xF0, 0x00, 0x00, 0xFF, 0xFF, 0xFF,
    0x79, 0xF1, 0x6F, 0xFF, 0x9F, 0xFF, 0xEF, 0xAF, 0xFF, 0xFF, 0xF2, 0xFD,
    0xFF, 0xFF, 0xFF, 0xFF, 0xFF, 0xFF, 0xFF, 0xFF, 0xFB, 0xF9, 0xC8, 0x00,
    0x01, 0xFF, 0xFF, 0xFF, 0xFC, 0x1F, 0xFF, 0xFF, 0xFF, 0xFF, 0xFD, 0xBF,
    0xFF, 0xFF, 0xFF, 0xFF, 0x9D, 0xBF, 0xFF, 0xFF, 0xFF, 0xFF, 0xFE, 0xFF,
    0xFF, 0xF9, 0x80, 0x00, 0x00, 0xFF, 0xFF, 0xFF, 0x0F, 0xFF, 0xFB, 0xFF,
    0x7F, 0xFF, 0xFD, 0x3E, 0x7F, 0xFF, 0xFF, 0xFF, 0x5F, 0xFF, 0xFF, 0xFF,
    0xFF, 0xFF, 0x8C, 0x3F, 0xFF, 0xFF, 0x80, 0x00, 0x00, 0xFF, 0xFF, 0xFF,
    0xE7, 0xFF, 0x1F, 0xFF, 0xFF, 0xFF, 0xFD, 0x3E, 0xFC, 0xFF, 0xFF, 0xFF,
    0xEF, 0xFF, 0xFF, 0xFF, 0xFF, 0xFE, 0x0E, 0x7F, 0xFF, 0xBF, 0x80, 0x00,
    0x00, 0xFF, 0xFF, 0xFF, 0xFF, 0xE7, 0xFF, 0xFE, 0xFF, 0xFF, 0xFD, 0xFF,
    0x81, 0xF0, 0xFF, 0xF8, 0x7F, 0xFF, 0xFF, 0xFD, 0xFF, 0xFE, 0x0F, 0xFB,
    0xFF, 0xFC, 0x60, 0x00, 0x01, 0xFF, 0xFF, 0xFF, 0xFD, 0x7B, 0xFF, 0xFF,
    0xFF, 0xFF, 0xFD, 0xFF, 0x80, 0x03, 0xF7, 0xFC, 0x7F, 0xFF, 0xFF, 0xF8,
    0xDF, 0xFF, 0xFE, 0xFF, 0xDF, 0xFC, 0x60, 0x00, 0x00, 0xFF, 0xFF, 0xFF,
    0xF8, 0x7F, 0x0D, 0xFD, 0xFF, 0xFF, 0xFC, 0xFF, 0xBE, 0x07, 0xC4, 0xFF,
    0xFF, 0xCF, 0xFF, 0x88, 0x9F, 0xFF, 0xFF, 0xF7, 0x7F, 0xFF, 0x00, 0x00,
    0x00, 0xBF, 0xFF, 0xFE, 0x0F, 0xFE, 0x07, 0xFF, 0xFF, 0xFF, 0xFF, 0xC4,
    0x88, 0x60, 0x27, 0xFF, 0xFF, 0xCF, 0xFF, 0x88, 0x10, 0xFF, 0xE7, 0xEF,
    0xFF, 0xBE, 0x00, 0x00, 0x00, 0xFF, 0xFF, 0xFD, 0xFF, 0xE0, 0xF1, 0xFF,
    0xFF, 0xFF, 0xFD, 0xE1, 0xC0, 0xFF, 0x47, 0xFF, 0xFF, 0xF3, 0xFF, 0xC0,
    0x01, 0xFF, 0xE7, 0xEF, 0xFF, 0x7E, 0x00, 0x00, 0x00, 0xFF, 0xFF, 0xE3,
    0xF8, 0xF8, 0x3F, 0xFF, 0xFF, 0xFF, 0xFF, 0xA2, 0x82, 0x3F, 0xBE, 0xFF,
    0x7D, 0x77, 0xFF, 0xE0, 0x03, 0xFF, 0xFF, 0xFF, 0xF7, 0x7E, 0x00, 0x00,
    0x00, 0x1F, 0xFE, 0x7E, 0x7B, 0xFF, 0xFF, 0xFF, 0xFF, 0xFF, 0xFD, 0x80,
    0x80, 0xFF, 0xFB, 0xFF, 0xFF, 0xFF, 0xFE, 0x06, 0x07, 0xFF, 0xFF, 0xFF,
    0xFE, 0xF8, 0x00, 0x00, 0x00, 0x3F, 0xFF, 0xC4, 0x0F, 0xFF, 0xFF, 0xFF,
    0xFF, 0xEB, 0xE1, 0xB2, 0xC0, 0x0F, 0xFF, 0xFF, 0xDD, 0xBF, 0xFE, 0x07,
    0x60, 0x7F, 0xFF, 0xFF, 0xFF, 0xF8, 0x00, 0x00, 0x00, 0x07, 0xFF, 0xC1,
    0xFF, 0xFF, 0xFF, 0xFF, 0xFF, 0xE9, 0x01, 0xFF, 0xDC, 0x0F, 0xFF, 0xFF,
    0xDF, 0xFF, 0xFC, 0x0F, 0xE0, 0x7F, 0xFF, 0xFB, 0xFF, 0xFF, 0x80, 0x00,
    0x00, 0x0F, 0xF3, 0xFF, 0xFF, 0xFF, 0xFF, 0xFF, 0xDF, 0xFC, 0x3C, 0xFF,
    0x89, 0xFB, 0x7F, 0xFF, 0xFF, 0xFF, 0xFE, 0x0F, 0xC4, 0xFF, 0xFF, 0xFB,
    0xFF, 0xFF, 0x80, 0x00, 0x00, 0x0F, 0xC7, 0xFF, 0xFF, 0xFF, 0xFF, 0xFF,
    0xFF, 0xF8, 0x0F, 0xFF, 0x88, 0xFF, 0xFF, 0xFF, 0xFF, 0xFD, 0xFF, 0xCF,
    0x87, 0xFF, 0xFF, 0xFF, 0x7F, 0xFD, 0xA0, 0x00, 0x00, 0xFF, 0xCE, 0xFF,
    0xFF, 0xFD, 0xFF, 0xBF, 0xFF, 0x9F, 0x7F, 0xFF, 0x85, 0x9F, 0xFF, 0xFE,
    0xFF, 0xFB, 0xFF, 0x02, 0x01, 0xFE, 0x73, 0xFF, 0xFF, 0xFD, 0xE0, 0x00,
    0x00, 0xFF, 0xFF, 0xBF, 0xFF, 0xFF, 0xFE, 0xFF, 0xFF, 0xFF, 0xC7, 0xFE,
    0x07, 0xDF, 0xFF, 0xFF, 0xCF, 0xFE, 0x7E, 0x00, 0x01, 0xFE, 0x23, 0xFF,
    0xFF, 0xFD, 0xC0, 0x00, 0x00, 0xBF, 0xFC, 0x71, 0xFF, 0xFF, 0xE3, 0xDF,
    0xFF, 0xFF, 0x9C, 0x60, 0x7B, 0xFF, 0xFF, 0xE7, 0x7F, 0xFF, 0xF7, 0x60,
    0x59, 0xF2, 0x03, 0xFF, 0xFD, 0xFF, 0x90, 0x00, 0x00, 0xFF, 0xFB, 0x40,
    0xFF, 0xFE, 0x1F, 0xFF, 0xFF, 0xFF, 0xB8, 0x01, 0xFF, 0xFF, 0xFF, 0xFF,
    0xBF, 0xBF, 0xE7, 0xE4, 0x4F, 0xF0, 0x04, 0x3F, 0xFE, 0xFF, 0xB0, 0x00,
    0x00, 0xDF, 0x9F, 0x01, 0xE1, 0xFC, 0xFB, 0xFF, 0xFF, 0xF8, 0x38, 0x01,
    0xFD, 0xFF, 0xFF, 0xDB, 0xFF, 0xFF, 0x66, 0xEC, 0x6F, 0xF0, 0x00, 0x7F,
    0xFE, 0xFB, 0x70, 0x00, 0x00, 0xBF, 0x37, 0x1C, 0x70, 0x0C, 0x33, 0xFE,
    0x10, 0xE0, 0x00, 0x00, 0x1F, 0xFF, 0xF7, 0xDB, 0xFF, 0xFE, 0x00, 0xFC,
    0xFF, 0xC0, 0x00, 0xFF, 0xFF, 0x63, 0xF0, 0x00, 0x00, 0x3E, 0x37, 0x38,
    0x00, 0x00, 0x01, 0xFF, 0xC0, 0xFF, 0x80, 0x00, 0x0F, 0xFF, 0xFB, 0xDC,
    0x7F, 0xFF, 0x00, 0x7F, 0xFF, 0xC0, 0x40, 0xFF, 0xFF, 0xA3, 0xF0, 0x00,
    0x00, 0x3D, 0x2C, 0xB8, 0x40, 0x00, 0x00, 0xFF, 0xFF, 0xFE, 0x00, 0x01,
    0x9F, 0xBF, 0x9B, 0xB4, 0xFF, 0xCC, 0x00, 0xFF, 0xF3, 0xE0, 0x10, 0x00,
    0x7F, 0xA3, 0xF0, 0x00, 0x00, 0x33, 0xB8, 0x10, 0x80, 0x00, 0x00, 0x01,
    0xFF, 0x80, 0x00, 0x00, 0x42, 0xFF, 0x60, 0x00, 0x79, 0x8C, 0x08, 0x7D,
    0xB6, 0x30, 0x00, 0x20, 0x3E, 0x03, 0xE0, 0x00, 0x00, 0x34, 0x10, 0x00,
    0x00, 0x00, 0x00, 0x00, 0x00, 0x00, 0x00, 0x00, 0x00, 0xFF, 0x60, 0x00,
    0x08, 0x00, 0x00, 0x04, 0x30, 0x00, 0x00, 0x00, 0x0C, 0x01, 0x00, 0x00,
    0x00, 0x00, 0x00, 0x00, 0x00, 0x00, 0x00, 0x00, 0x00, 0x00, 0x00, 0x00,
    0x00, 0x08, 0x00, 0x00, 0x00, 0x00, 0x00, 0x00, 0x00, 0x00, 0x00, 0x00,
    0x00, 0x00, 0x00, 0x00, 0x00, 0x00, 0x00, 0x00, 0x00, 0x00, 0x00, 0x00,
    0x00, 0x00, 0x00, 0x00, 0x00, 0x00, 0x00, 0x00, 0x00, 0x00, 0x00, 0x00,
    0x00, 0x00, 0x00, 0x00, 0x00, 0x00, 0x00, 0x00, 0x00, 0x00, 0x00, 0x00,
    0x00, 0x00, 0x00, 0x00, 0x00, 0x00, 0x00, 0x00, 0x00, 0x00, 0x00, 0x00,
    0x00, 0x00, 0x00, 0x00, 0x00, 0x00, 0x00, 0x00, 0x00, 0x00, 0x00, 0x00,
    0x00, 0x00, 0x00, 0x00, 0x00, 0x00, 0x00, 0x00, 0x00, 0x00, 0x00, 0x00,
    0x00, 0x00, 0x00, 0x00, 0x00, 0x00, 0x00, 0x00, 0x00, 0x00, 0x00, 0x00,
    0x00, 0x00, 0x00, 0x00, 0x00, 0x00, 0x00, 0x00, 0x00, 0x00, 0x00, 0x00,
    0x00, 0x00, 0x00, 0x00, 0x00, 0x00, 0x00, 0x00, 0x00, 0x00, 0x00, 0x00,
    0x00, 0x00, 0x00, 0x00, 0x00, 0x00, 0x00, 0x00, 0x00, 0x00, 0x00, 0x00,
    0x00, 0x00, 0x00, 0x00, 0x00, 0x00, 0x00, 0x00, 0x00, 0x00, 0x00, 0x00,
    0x00, 0x00, 0x00, 0x00, 0x00, 0x00, 0x00, 0x00, 0x00, 0x00, 0x00, 0x00,
    0x00, 0x00, 0x00, 0x00, 0x00, 0x00, 0x00, 0x00, 0x00, 0x00, 0x00, 0x00,
    0x00, 0x00, 0x00, 0x00, 0x00, 0x00, 0x00, 0x00, 0x00, 0x00, 0x00, 0x00,
    0x00, 0x00, 0x00, 0x00,
};
static_assert(sizeof(clock_gallery_image_06) == CLOCK_GALLERY_IMAGE_BYTES_PER_ROW * CLOCK_GALLERY_IMAGE_HEIGHT,
              "clock_gallery_image_06 payload size mismatch");

static const uint8_t *const clock_gallery_images[CLOCK_GALLERY_IMAGE_COUNT] = {
    clock_gallery_image_00,
    clock_gallery_image_01,
    clock_gallery_image_02,
    clock_gallery_image_03,
    clock_gallery_image_04,
    clock_gallery_image_05,
    clock_gallery_image_06,
};
static_assert(clock_gallery_array_count(clock_gallery_images) == CLOCK_GALLERY_IMAGE_COUNT,
              "Gallery image pointer table count mismatch");
